player_id,player,country,SG_Total,SG_Total_Rank,SG_Tee_to_Green,SG_Tee_to_Green_Rank,SG_OTT,SG_OTT_Rank,SG_APP,SG_APP_Rank,SG_ARG,SG_ARG_Rank,SG_PUTT,SG_PUTT_Rank,Ball_Striking,Ball_Striking_Rank,Total_Driving,Total_Driving_Rank,Driving_Distance,Driving_Distance_Rank,Driving_Accuracy,Driving_Accuracy_Rank,GIR,GIR_Rank,Good_Drive_Percentage,Good_Drive_Percentage_Rank,Birdie_Average,Birdie_Average_Rank,Eagle_Average,Eagle_Average_Rank,Birdie_or_Better_Percentage,Birdie_or_Better_Percentage_Rank,Bogey_Avoidance,Bogey_Avoidance_Rank,Bounce_Back,Bounce_Back_Rank,Stroke_Differential_Field_Average,Stroke_Differential_Field_Average_Rank,Final_Round_Performance,Final_Round_Performance_Rank,Round_1_Scoring,Round_1_Scoring_Rank,Round_1_Scoring_Early,Round_1_Scoring_Early_Rank,Round_1_Scoring_Late,Round_1_Scoring_Late_Rank,Round_2_Scoring,Round_2_Scoring_Rank,Round_2_Scoring_Early,Round_2_Scoring_Early_Rank,Round_2_Scoring_Late,Round_2_Scoring_Late_Rank,Round_3_Scoring,Round_3_Scoring_Rank,Round_3_Scoring_Early,Round_3_Scoring_Early_Rank,Round_3_Scoring_Late,Round_3_Scoring_Late_Rank,Round_4_Scoring,Round_4_Scoring_Rank,Round_4_Scoring_Early,Round_4_Scoring_Early_Rank,Round_4_Scoring_Late,Round_4_Scoring_Late_Rank,Scrambling,Scrambling_Rank,Sand_Save_Percentage,Sand_Save_Percentage_Rank,Putts_Per_Round,Putts_Per_Round_Rank,Three_Putt_Avoidance,Three_Putt_Avoidance_Rank,Par_4_Scoring,Par_4_Scoring_Rank,Par_5_Scoring,Par_5_Scoring_Rank,SG_Ball_Striking_Calc,last_updated,tour
64624,Tommy Morrison,United States,2.110,1,1.570,3,0.666,8,0.728,4,0.176,49,0.540,22,33,11,107,21,322.6,14,61.73%,93,75.00%,12,84.52%,84,5.54,1,84.0,10.0,31.94%,1,8.13%,1,3.93,1,+2.17,1,71.43%,21,65.67,1,67.50,14,66.00,2.0,65.00,1,67.00,11,33.14,1,33.43,3,64.00,1,68.50,18,65.00,1,63.50,1,68.00,18.0,72.22%,1,52.38%,44,27.68,1,1.39%,1,1.29,1,"31' 7""",88,0.6660.728,2026-09-01 05:56 UTC,DP World Tour
40058,Zac Blair,United States,1.875,2,1.232,6,0.035,87,0.635,9,0.563,2,0.643,10,108,44,163,84,286.6,159,72.00%,4,74.12%,24,87.45%,29,4.08,76,114.0,46.0,23.54%,75,9.21%,2,2.56,3,+1.55,2,66.67%,30,67.75,6,68.50,57,66.00,2.0,68.00,16,67.00,11,34.70,68,33.70,5,68.75,52,68.17,11,70.00,92,68.33,45,68.00,18.0,70.06%,2,60.00%,8,29.03,33,2.49%,14,1.47,2,"25' 8""",16,0.0350.635,2026-09-01 05:56 UTC,DP World Tour
50484,Hayden Springer,United States,1.791,3,1.897,2,0.442,29,0.955,3,0.499,3,-0.106,98,190,96,163,84,309.5,84,62.98%,79,70.19%,106,90.38%,5,4.20,60,270.0,142.0,23.70%,71,16.48%,124,1.44,101,+0.37,62,28.57%,144,68.60,29,68.00,32,,,68.00,16,69.50,59,35.38,131,34.88,81,69.20,69,72.00,152,66.00,5,71.33,140,,,54.66%,125,52.00%,51,30.07,137,5.00%,147,2.70,133,"35' 4""",129,0.4420.955,2026-09-01 05:56 UTC,DP World Tour
63455,Ross Steelman,United States,1.678,4,1.301,5,1.121,2,0.075,76,0.106,60,0.377,34,31,9,64,5,328.6,3,64.31%,61,73.80%,26,86.93%,36,4.81,4,80.4,8.0,27.94%,3,14.10%,65,1.98,27,+1.18,12,73.33%,19,68.00,11,71.25,140,67.33,16.0,68.80,46,67.00,11,34.28,32,34.67,58,67.25,8,70.30,105,66.25,6,68.25,42,70.17,99.0,58.86%,82,54.22%,32,29.34,58,4.39%,133,2.24,66,"30' 8""",71,1.1210.075,2026-09-01 05:56 UTC,DP World Tour
58601,Davis Shore,United States,1.564,5,0.639,38,-0.090,105,0.538,17,0.191,45,0.925,4,101,36,152,66,303.5,117,66.70%,35,72.90%,35,85.81%,56,4.45,27,166.5,107.0,25.30%,34,10.96%,8,2.31,10,+1.27,7,62.50%,45,69.33,56,68.71,64,69.80,95.0,66.33,2,70.83,114,33.76,5,33.81,9,67.78,22,67.42,3,68.00,36,67.33,20,67.80,15.0,68.14%,5,52.33%,46,28.73,13,2.93%,37,1.78,6,"27' 7""",36,-0.0900.538,2026-09-01 05:56 UTC,DP World Tour
58999,Hunter Eichhorn,United States,1.410,6,1.046,12,0.444,28,0.519,21,0.082,68,0.364,36,29,7,95,13,327.0,4,61.90%,91,74.85%,16,85.89%,54,4.42,29,121.1,58.0,25.38%,31,10.59%,4,2.40,7,+1.42,3,37.50%,123,68.22,18,63.75,2,69.75,93.0,67.00,7,68.83,42,34.43,46,33.81,9,68.22,33,68.25,13,68.33,44,68.00,29,69.00,39.0,67.46%,7,50.59%,66,29.28,53,3.08%,50,1.70,5,"33' 5""",110,0.4440.519,2026-09-01 05:56 UTC,DP World Tour
66417,Blades Brown,United States,1.384,7,1.392,4,0.528,18,0.596,11,0.268,27,-0.008,82,15,3,64,5,317.4,34,67.65%,30,75.30%,10,86.78%,38,4.50,20,112.0,42.0,25.89%,23,12.40%,21,2.09,18,+1.41,4,61.54%,49,68.38,23,67.50,14,69.33,74.0,68.25,27,68.50,38,34.00,16,34.53,45,69.38,79,67.57,5,70.50,114,68.25,42,68.67,34.0,62.25%,33,42.11%,121,29.52,81,4.07%,117,2.05,31,"28' 0""",39,0.5280.596,2026-09-01 05:56 UTC,DP World Tour
58600,Cooper Dossey,United States,1.348,8,0.741,28,0.462,25,0.369,36,-0.090,110,0.607,16,49,18,113,28,308.7,88,68.53%,25,74.35%,21,89.07%,10,4.76,9,87.4,15.0,27.61%,4,12.66%,27,2.18,14,+1.27,7,78.57%,13,69.00,40,68.20,45,69.00,55.0,69.67,83,68.20,36,33.90,13,34.05,15,67.73,20,68.22,12,67.00,16,68.33,45,68.50,28.0,57.32%,97,44.07%,111,29.03,33,2.45%,13,2.06,33,"28' 8""",48,0.4620.369,2026-09-01 05:56 UTC,DP World Tour
36884,Ben Kohles,United States,1.338,9,2.033,1,0.289,46,1.538,1,0.220,37,-0.694,147,75,29,154,74,293.6,153,74.71%,1,78.17%,1,92.70%,2,4.42,29,86.0,14.0,25.71%,26,11.37%,11,2.26,12,+1.25,10,44.44%,104,68.00,11,67.50,14,69.00,55.0,68.00,16,68.00,31,33.83,8,35.92,155,69.00,57,70.29,104,70.50,114,68.00,29,69.00,39.0,61.54%,46,51.06%,61,29.86,117,3.23%,65,1.84,12,"17' 9""",2,0.2891.538,2026-09-01 05:56 UTC,DP World Tour
65496,Cole Sherwood,United States,1.330,10,0.830,23,0.869,4,0.022,86,-0.062,102,0.500,23,21,5,47,1,324.5,8,66.13%,39,74.38%,20,88.26%,20,4.39,35,68.2,4.0,25.85%,24,12.04%,17,2.15,16,+1.34,5,82.35%,8,68.11,15,68.25,47,68.00,26.0,68.40,32,67.75,29,34.37,43,34.16,20,68.33,37,68.70,25,66.75,14,69.60,93,68.00,18.0,62.35%,32,47.89%,90,29.26,51,3.09%,51,2.04,28,"28' 5""",44,0.8690.022,2026-09-01 05:56 UTC,DP World Tour
58547,Austin Hitt,United States,1.269,11,1.110,9,0.512,20,0.422,27,0.176,49,0.159,61,63,22,120,38,309.4,86,66.91%,34,73.94%,25,88.77%,14,4.29,48,102.0,29.0,24.84%,44,12.91%,35,1.92,33,+0.79,27,76.92%,15,68.90,37,67.83,27,69.40,78.0,69.80,85,68.00,31,34.62,63,34.81,70,68.50,41,70.27,103,69.80,88,67.20,19,71.60,138.0,57.05%,100,47.69%,92,29.63,92,2.70%,24,2.10,42,"29' 0""",50,0.5120.422,2026-09-01 05:56 UTC,DP World Tour
52576,Sandy Scott,Scotland,1.225,12,0.626,41,0.234,54,0.268,48,0.124,58,0.598,17,133,65,186,114,305.3,112,63.41%,74,74.50%,19,83.33%,107,4.38,37,99.8,26.0,25.32%,32,11.66%,14,2.17,15,+1.21,11,60.00%,52,69.67,77,67.83,27,68.50,38.0,70.00,91,69.60,66,33.93,14,33.53,4,67.00,4,67.78,7,67.00,16,67.00,13,68.33,25.0,63.57%,23,54.93%,28,29.36,64,2.73%,25,1.97,19,"26' 8""",27,0.2340.268,2026-09-01 05:56 UTC,DP World Tour
65443,Caleb VanArragon,United States,1.205,13,1.146,8,0.375,36,0.678,8,0.093,65,0.059,72,41,16,116,36,306.2,107,70.51%,9,76.14%,5,90.48%,4,4.51,19,117.0,49.0,25.93%,22,11.47%,12,2.26,12,+1.26,9,42.11%,114,68.33,20,66.00,4,67.17,13.0,69.25,70,67.60,26,33.80,7,35.10,114,67.33,9,70.18,94,66.40,7,68.50,53,69.83,82.0,61.49%,47,51.25%,58,29.45,71,2.92%,36,1.90,15,"26' 2""",21,0.3750.678,2026-09-01 05:56 UTC,DP World Tour
34587,Chan Kim,United States,1.198,14,0.728,30,0.406,33,0.123,70,0.198,43,0.471,25,65,25,115,34,306.6,104,70.16%,11,73.33%,31,87.10%,32,4.26,50,225.0,132.0,24.11%,59,12.44%,22,1.94,32,+0.87,22,40.00%,115,67.00,2,67.25,10,67.60,23.0,67.40,10,65.00,2,34.33,36,34.80,68,68.67,44,69.44,54,70.00,92,68.40,51,70.60,116.0,62.08%,37,56.86%,17,29.50,80,3.11%,54,2.02,26,"31' 9""",91,0.4060.123,2026-09-01 05:56 UTC,DP World Tour
36824,Paul Peterson,United States,1.155,15,0.871,21,-0.257,120,1.275,2,-0.147,124,0.284,45,126,54,165,87,286.1,160,71.85%,5,72.71%,39,87.05%,33,3.97,92,122.4,61.0,22.88%,90,11.27%,10,2.03,21,+0.54,45,42.86%,108,69.00,40,68.50,57,68.67,46.0,68.67,41,69.50,59,35.40,133,34.60,50,69.80,101,70.20,98,70.50,114,69.33,77,69.67,70.0,68.26%,4,56.25%,20,29.00,30,2.61%,19,1.79,8,"21' 11""",5,-0.2571.275,2026-09-01 05:56 UTC,DP World Tour
46823,Jeremy Gandon,France,1.131,16,0.934,15,0.584,15,0.396,33,-0.046,96,0.197,58,33,11,102,16,319.4,25,63.18%,77,74.76%,17,87.80%,25,4.24,53,126.0,64.0,24.37%,50,12.06%,18,2.02,24,+0.84,24,50.00%,75,68.45,25,70.25,111,68.33,29.0,72.67,149,66.88,10,34.48,53,34.90,87,69.09,61,69.70,68,69.38,76,68.33,45,70.17,99.0,59.75%,69,47.62%,94,29.56,86,2.94%,38,2.01,25,"33' 11""",114,0.5840.396,2026-09-01 05:56 UTC,DP World Tour
51680,Alistair Docherty,United States,1.130,17,0.927,16,0.900,3,0.186,63,-0.160,126,0.203,57,7,1,63,4,320.9,19,65.62%,44,77.06%,3,91.30%,3,4.81,4,159.4,104.0,27.33%,8,11.83%,15,2.31,10,+1.14,13,61.54%,49,68.00,11,67.67,22,70.86,123.0,66.50,3,69.50,59,34.44,50,33.72,7,67.38,10,68.80,29,68.50,52,66.25,7,70.00,87.0,60.55%,56,61.11%,6,29.87,118,3.58%,89,1.92,16,"36' 9""",136,0.9000.186,2026-09-01 05:56 UTC,DP World Tour
63125,Dylan Menante,United States,1.038,18,0.657,37,0.510,21,-0.162,114,0.309,20,0.381,33,81,32,95,13,310.6,78,69.44%,17,71.49%,68,87.18%,30,4.66,12,153.0,95.0,26.55%,13,13.56%,53,1.96,31,+0.90,19,46.15%,99,68.50,26,69.57,85,70.00,97.0,69.33,72,68.14,34,34.05,19,34.19,23,67.70,18,68.73,26,67.57,30,68.00,29,66.50,5.0,62.18%,34,52.24%,49,28.84,18,3.19%,59,2.21,60,"25' 9""",17,0.510-0.162,2026-09-01 05:56 UTC,DP World Tour
64576,Nick Gabrelcik,United States,1.005,19,0.606,42,0.145,63,0.287,43,0.174,52,0.399,31,79,31,145,57,321.9,16,57.97%,129,74.18%,22,82.46%,121,4.34,39,87.4,15.0,25.25%,35,12.75%,30,1.98,27,+0.71,34,71.43%,21,70.40,107,67.83,27,67.00,7.0,70.17,100,70.75,109,34.65,65,34.55,47,69.40,80,69.00,34,69.00,64,69.67,96,68.50,28.0,60.44%,58,50.00%,67,29.74,106,3.43%,77,2.00,21,"32' 9""",100,0.1450.287,2026-09-01 05:56 UTC,DP World Tour
65410,John Marshall Butler,United States,0.994,20,0.054,87,-0.046,103,-0.113,109,0.213,40,0.940,2,216,116,178,103,317.2,35,56.53%,143,69.71%,113,84.66%,80,4.31,45,111.6,41.0,24.82%,46,14.16%,67,1.75,59,+0.37,62,50.00%,75,69.75,80,67.67,22,69.33,74.0,69.83,89,69.67,68,35.29,123,34.71,63,69.08,60,71.22,140,66.50,9,71.67,146,71.67,139.0,60.65%,54,51.39%,55,28.68,10,2.69%,23,2.24,66,"33' 3""",109,-0.046-0.113,2026-09-01 05:56 UTC,DP World Tour
46441,Robby Shelton,United States,0.974,21,0.190,78,-0.350,128,0.207,58,0.332,14,0.784,8,248,134,232,147,307.6,96,57.22%,136,70.28%,101,81.85%,127,4.38,37,141.8,86.0,25.04%,38,13.05%,39,1.92,33,+0.58,41,63.64%,43,69.80,81,67.25,10,67.43,17.0,70.00,91,69.71,73,35.40,133,35.50,138,70.44,125,71.27,142,71.33,136,68.67,55,70.57,113.0,60.83%,51,51.19%,59,28.70,12,2.12%,6,2.13,48,"29' 7""",55,-0.3500.207,2026-09-01 05:56 UTC,DP World Tour
55165,Noah Goodwin,United States,0.944,22,0.914,18,0.028,88,0.691,7,0.195,44,0.030,77,71,27,112,26,310.1,81,67.53%,31,72.44%,45,84.54%,83,4.20,60,128.6,67.0,24.11%,59,13.89%,59,1.74,60,+0.73,31,22.22%,153,71.00,130,68.17,43,69.00,55.0,71.00,118,71.00,117,35.06,101,33.94,11,69.75,99,68.25,13,69.20,71,70.67,123,69.00,39.0,60.08%,66,50.91%,63,29.48,79,4.44%,136,2.16,52,"26' 11""",29,0.0280.691,2026-09-01 05:56 UTC,DP World Tour
68991,William Sides,United States,0.937,23,0.871,21,0.354,39,0.566,12,-0.048,97,0.066,71,27,6,108,23,312.8,66,65.82%,42,76.79%,4,87.50%,28,5.04,2,252.0,138.0,28.37%,2,10.91%,7,2.60,2,+1.10,14,83.33%,5,69.60,73,68.00,32,67.00,7.0,70.00,91,69.33,52,33.88,10,33.00,1,67.60,16,65.67,1,67.67,31,67.50,21,65.00,1.0,64.10%,16,55.00%,26,29.04,35,2.58%,18,1.86,13,"27' 8""",37,0.3540.566,2026-09-01 05:56 UTC,DP World Tour
30852,Ryo Ishikawa,Japan,0.930,24,0.951,14,0.151,62,0.692,6,0.108,59,-0.020,87,102,37,166,90,311.0,74,61.85%,92,75.00%,12,85.03%,70,4.50,20,210.0,126.0,25.48%,29,12.54%,23,2.03,21,+0.85,23,53.33%,74,68.78,32,67.40,13,68.00,26.0,67.60,12,70.25,94,34.55,56,34.35,32,68.22,33,69.45,57,68.75,58,67.80,26,69.83,82.0,60.00%,67,47.22%,96,29.46,76,3.41%,75,2.04,28,"30' 10""",76,0.1510.692,2026-09-01 05:56 UTC,DP World Tour
53165,Doc Redman,United States,0.920,25,0.682,34,0.373,37,0.536,18,-0.227,135,0.238,51,54,20,121,39,308.4,89,67.50%,32,74.92%,15,89.07%,10,4.58,16,129.6,69.0,26.23%,16,13.81%,57,1.90,36,+0.89,21,43.75%,107,69.22,53,68.14,41,67.50,18.0,68.50,33,69.80,75,34.55,56,34.45,37,67.56,14,70.18,94,67.40,27,67.75,25,69.50,62.0,59.38%,75,40.30%,130,29.72,103,4.48%,139,2.18,54,"29' 4""",52,0.3730.536,2026-09-01 05:56 UTC,DP World Tour
69069,Mahanth Chirravuri,United States,0.899,26,0.080,85,-0.029,98,0.039,83,0.071,69,0.818,6,102,37,131,45,302.1,123,70.74%,8,71.90%,57,86.53%,43,4.65,13,102.0,29.0,26.80%,12,10.78%,5,2.48,4,+0.78,28,71.43%,21,69.00,40,63.00,1,67.25,15.0,76.00,161,67.25,17,35.90,156,34.10,17,69.60,91,70.40,110,69.75,87,69.00,65,70.25,104.0,69.77%,3,58.06%,13,28.35,6,3.10%,52,1.68,3,"21' 5""",4,-0.0290.039,2026-09-01 05:56 UTC,DP World Tour
47987,Cole Hammer,United States,0.892,27,0.521,50,0.347,41,0.262,50,-0.089,108,0.371,35,63,22,97,15,314.4,50,65.34%,47,72.41%,48,87.78%,26,3.97,92,58.0,1.0,23.75%,70,12.07%,19,1.97,29,+0.82,26,72.73%,20,69.11,50,67.60,21,68.50,38.0,69.00,54,69.17,47,34.78,76,35.22,122,69.89,107,70.11,90,71.33,136,67.00,13,72.00,143.0,65.97%,10,50.75%,64,29.16,43,3.54%,87,1.93,17,"30' 1""",62,0.3470.262,2026-09-01 05:56 UTC,DP World Tour
56490,Travis Trace,United States,0.857,28,0.873,20,0.362,38,0.543,15,-0.033,93,-0.016,84,47,17,122,40,320.6,21,60.72%,101,75.93%,7,86.29%,48,4.50,20,138.9,82.0,25.72%,25,12.55%,24,2.05,19,+0.83,25,36.36%,126,68.88,36,69.40,81,68.67,46.0,68.80,46,69.00,43,34.13,21,33.19,2,65.25,2,69.38,48,65.00,1,65.40,3,68.33,25.0,58.97%,81,37.84%,147,29.70,101,3.29%,74,1.98,20,"30' 11""",77,0.3620.543,2026-09-01 05:56 UTC,DP World Tour
57593,Ian Gilligan,United States,0.845,29,0.595,43,0.327,43,0.222,55,0.047,73,0.249,47,124,51,148,61,321.8,17,57.94%,131,71.77%,63,82.07%,125,4.77,7,101.5,28.0,27.51%,6,12.81%,34,2.15,16,+1.05,15,63.64%,43,68.00,11,67.14,9,67.00,7.0,68.20,25,67.75,29,34.70,68,35.05,103,69.56,88,69.91,84,72.75,156,67.00,13,68.75,38.0,62.86%,26,47.95%,88,28.81,17,3.23%,65,1.89,14,"41' 0""",157,0.3270.222,2026-09-01 05:56 UTC,DP World Tour
34643,Michael Johnson,United States,0.844,30,0.587,44,0.145,63,0.228,54,0.214,39,0.257,46,67,26,148,61,308.3,93,64.77%,55,76.07%,6,88.78%,13,4.41,32,140.4,85.0,25.21%,37,10.47%,3,2.41,6,+1.30,6,61.11%,51,68.20,17,67.83,27,69.60,82.0,68.67,41,67.50,20,34.38,44,34.19,23,68.30,36,68.82,31,69.25,73,67.67,24,70.20,102.0,64.29%,14,64.71%,2,29.21,49,2.35%,9,1.79,8,"28' 5""",44,0.1450.228,2026-09-01 05:56 UTC,DP World Tour
39262,Alvaro Ortiz,Mexico,0.833,31,0.220,74,-0.286,122,0.534,19,-0.028,92,0.613,15,221,120,204,128,307.3,100,60.43%,104,70.48%,93,83.42%,105,4.20,60,157.5,103.0,23.97%,61,13.49%,50,1.78,52,+0.48,49,35.71%,130,68.44,24,66.83,6,69.83,96.0,66.67,4,72.00,140,34.81,78,34.38,34,67.67,17,70.33,106,67.00,16,68.00,29,70.83,124.0,62.10%,36,42.25%,120,28.99,29,2.78%,26,2.14,50,"35' 1""",122,-0.2860.534,2026-09-01 05:56 UTC,DP World Tour
58188,James Nicholas,United States,0.805,32,0.230,73,-0.470,137,0.714,5,-0.014,83,0.576,19,185,93,181,108,318.0,31,54.43%,150,70.93%,77,80.65%,138,4.68,11,201.6,121.0,26.49%,14,14.68%,81,1.80,47,+0.61,37,50.00%,75,68.50,26,70.75,129,69.67,86.0,70.00,91,66.00,4,34.72,73,34.50,41,67.50,12,70.60,115,67.33,24,67.60,23,71.50,136.0,58.70%,85,57.38%,15,28.95,25,3.27%,70,2.39,92,"38' 9""",152,-0.4700.714,2026-09-01 05:56 UTC,DP World Tour
52372,Cameron Champ,United States,0.801,33,0.763,27,1.160,1,-0.271,123,-0.126,119,0.038,75,11,2,56,3,325.7,6,65.20%,50,75.62%,8,89.11%,9,4.31,45,92.6,18.0,25.00%,39,15.74%,106,1.59,82,+0.16,80,83.33%,5,70.33,105,68.33,49,69.67,86.0,70.00,91,70.50,100,35.08,105,35.58,144,70.83,138,70.50,112,70.75,123,71.00,132,71.00,127.0,50.00%,159,38.89%,140,30.61,159,4.48%,139,2.61,119,"39' 9""",156,1.160-0.271,2026-09-01 05:56 UTC,DP World Tour
48119,Ben Taylor,England,0.794,34,0.168,80,-0.680,147,0.542,16,0.306,22,0.626,13,250,136,246,151,303.4,120,58.17%,126,70.32%,99,79.79%,146,4.17,68,85.5,13.0,24.34%,52,13.01%,38,1.87,40,+0.75,30,70.59%,28,68.30,19,67.83,27,69.20,68.0,68.50,33,68.17,35,34.71,72,35.05,103,69.30,74,70.18,94,68.33,44,70.75,126,71.80,141.0,62.81%,27,50.68%,65,28.57,9,2.56%,17,2.07,37,"37' 11""",142,-0.6800.542,2026-09-01 05:56 UTC,DP World Tour
52513,Carson Young,United States,0.770,35,0.631,40,0.347,41,-0.045,99,0.329,16,0.139,64,125,52,113,28,307.5,97,69.75%,16,70.40%,97,86.71%,40,4.56,17,66.0,2.0,26.87%,11,13.23%,44,2.03,21,+0.99,16,50.00%,75,71.29,140,68.67,60,64.00,1.0,72.25,145,70.00,80,34.13,21,34.60,50,68.67,44,68.78,27,69.00,64,68.33,45,69.67,70.0,61.43%,48,58.93%,10,28.40,7,2.83%,29,2.09,39,"23' 4""",10,0.347-0.045,2026-09-01 05:56 UTC,DP World Tour
69020,Luke Potter,United States,0.770,35,1.090,11,0.502,22,0.117,71,0.472,6,-0.320,127,38,15,85,9,313.3,57,68.13%,28,73.50%,29,88.10%,22,4.77,7,117.0,49.0,27.35%,7,11.11%,9,2.46,5,+0.72,32,60.00%,52,69.00,40,68.00,32,69.00,55.0,68.00,16,70.50,100,33.88,10,34.50,41,67.80,23,69.33,44,66.50,9,68.67,55,69.50,62.0,66.13%,9,52.94%,38,28.73,13,2.78%,26,1.81,10,"24' 10""",13,0.5020.117,2026-09-01 05:56 UTC,DP World Tour
68606,Frankie Harris,United States,0.735,37,0.880,19,0.641,10,0.370,35,-0.131,120,-0.145,103,34,13,88,11,315.3,45,65.66%,43,74.15%,23,86.36%,46,4.81,4,117.0,49.0,27.56%,5,11.54%,13,2.39,8,+0.90,19,60.00%,52,67.00,2,68.00,32,70.00,97.0,67.50,11,66.50,8,33.88,10,34.75,65,69.00,57,68.25,13,70.00,92,68.00,29,69.00,39.0,67.77%,6,31.82%,156,29.00,30,3.63%,92,2.00,21,"25' 1""",14,0.6410.370,2026-09-01 05:56 UTC,DP World Tour
34255,Joseph Bramlett,United States,0.726,38,0.919,17,0.267,47,0.304,41,0.348,12,-0.193,112,31,9,106,19,324.8,7,60.79%,99,75.00%,12,85.46%,58,4.39,35,83.3,9.0,25.60%,28,13.81%,57,1.85,41,+0.92,18,50.00%,75,67.90,10,67.13,8,71.00,124.0,68.17,24,67.50,20,35.14,111,34.29,29,69.70,95,69.18,39,70.00,92,69.50,85,67.33,10.0,56.16%,110,47.69%,92,30.09,139,4.35%,131,2.28,72,"36' 6""",135,0.2670.304,2026-09-01 05:56 UTC,DP World Tour
27330,Josh Teater,United States,0.724,39,0.776,26,0.520,19,0.258,51,-0.003,80,-0.052,90,176,90,135,51,300.2,132,72.81%,3,69.10%,125,92.74%,1,3.63,137,576.0,157.0,20.31%,146,18.06%,146,1.13,150,-0.74,141,50.00%,75,70.60,115,71.33,141,71.00,124.0,69.00,54,71.00,117,35.42,138,35.00,95,69.20,69,71.29,144,69.50,80,68.00,29,69.75,77.0,52.25%,149,54.55%,29,30.19,145,5.03%,149,2.75,140,"29' 1""",51,0.5200.258,2026-09-01 05:56 UTC,DP World Tour
54794,Jay Card III,United States,0.710,40,0.695,31,0.555,16,0.460,23,-0.320,149,0.015,79,139,69,114,31,319.4,25,62.28%,89,70.00%,108,86.60%,42,4.47,24,70.0,6.0,26.27%,15,15.24%,101,1.72,63,+0.43,53,50.00%,75,70.40,107,72.25,151,67.57,22.0,68.83,51,72.75,157,33.76,5,34.33,31,67.70,18,68.45,17,69.25,73,66.67,9,67.86,17.0,58.20%,88,48.08%,87,29.06,36,4.05%,116,2.36,88,"35' 2""",127,0.5550.460,2026-09-01 05:56 UTC,DP World Tour
33399,Adam Hadwin,Canada,0.691,41,-0.143,103,-0.145,112,-0.314,128,0.316,19,0.834,5,145,72,191,117,302.9,121,63.74%,70,73.74%,28,85.31%,62,4.03,82,198.0,119.0,22.90%,88,14.14%,66,1.62,76,+0.57,42,66.67%,30,69.80,81,69.00,72,70.00,97.0,68.50,33,70.67,108,34.70,68,34.90,87,69.20,69,70.00,85,69.67,86,68.50,53,71.50,136.0,59.62%,71,58.06%,13,29.91,125,4.38%,132,2.39,92,"26' 10""",28,-0.145-0.314,2026-09-01 05:56 UTC,DP World Tour
57461,Petr Hruby,Czechia,0.680,42,0.778,25,0.391,34,0.212,57,0.176,49,-0.099,96,92,35,160,81,320.3,22,57.09%,138,75.28%,11,84.97%,75,4.55,18,144.0,87.0,25.97%,21,12.92%,36,2.01,25,+0.55,43,28.57%,144,68.33,20,71.00,132,67.50,18.0,67.60,12,72.00,140,34.31,34,35.00,95,69.33,76,69.29,41,70.00,92,69.20,73,69.50,62.0,56.18%,108,51.28%,56,29.88,121,2.64%,21,2.05,31,"35' 1""",122,0.3910.212,2026-09-01 05:56 UTC,DP World Tour
55708,Hayden Buckley,United States,0.677,43,0.454,54,0.250,50,0.487,22,-0.283,145,0.223,55,30,8,91,12,311.6,72,69.34%,19,74.54%,18,87.18%,30,4.12,73,154.3,98.0,23.52%,76,12.78%,33,1.84,43,+0.65,35,81.82%,9,70.20,100,68.67,60,68.67,46.0,69.00,54,71.40,132,34.47,51,34.53,45,68.20,29,69.89,80,68.40,48,68.00,29,69.00,39.0,61.09%,49,32.79%,154,29.87,118,3.80%,100,2.00,21,"27' 8""",37,0.2500.487,2026-09-01 05:56 UTC,DP World Tour
60015,Logan McAllister,United States,0.673,44,0.324,62,0.064,82,0.071,78,0.188,46,0.349,38,186,94,188,115,301.4,127,64.31%,61,71.26%,71,85.15%,67,4.19,63,94.9,20.0,24.33%,53,15.33%,103,1.59,82,+0.22,73,88.89%,4,69.50,68,69.67,91,71.86,145.0,67.00,7,69.78,74,34.25,30,35.50,138,70.00,109,69.50,58,70.11,105,69.00,65,69.86,86.0,54.00%,133,42.86%,114,29.33,57,3.16%,56,2.34,82,"34' 9""",118,0.0640.071,2026-09-01 05:56 UTC,DP World Tour
47461,Andrew Kozan,United States,0.667,45,-0.271,113,0.235,53,-0.300,126,-0.207,132,0.939,3,247,133,177,102,313.0,60,59.02%,117,67.01%,145,85.03%,70,4.46,26,216.0,128.0,25.23%,36,14.00%,61,1.80,47,+0.30,66,50.00%,75,70.00,91,66.50,5,68.33,29.0,68.50,33,72.00,140,34.36,41,34.57,49,70.71,136,67.14,2,72.00,143,69.75,99,66.33,4.0,63.16%,24,39.47%,135,28.31,4,2.31%,8,2.17,53,"34' 10""",119,0.235-0.300,2026-09-01 05:56 UTC,DP World Tour
56349,Chris Korte,United States,0.628,46,0.532,49,0.348,40,0.412,31,-0.228,136,0.096,69,114,47,140,55,319.0,27,59.67%,113,71.87%,59,85.43%,59,4.74,10,120.9,57.0,27.19%,9,15.25%,102,1.78,52,+0.42,55,55.56%,66,71.00,130,68.33,49,70.00,97.0,72.00,136,70.50,100,34.14,23,34.36,33,67.13,7,70.33,106,67.20,22,67.00,13,69.33,54.0,56.72%,104,49.12%,77,29.15,39,4.02%,113,2.26,70,"29' 9""",57,0.3480.412,2026-09-01 05:56 UTC,DP World Tour
47988,Nick Hardy,United States,0.605,47,0.552,47,0.221,57,0.523,20,-0.192,131,0.053,73,135,68,154,74,310.4,79,63.33%,75,71.85%,61,88.57%,17,3.60,141,108.0,37.0,20.93%,138,14.44%,74,1.45,98,+0.29,67,50.00%,75,70.75,123,69.00,72,72.00,147.0,71.50,125,70.00,80,34.33,36,34.89,82,68.25,35,70.00,85,67.00,16,69.50,85,71.00,127.0,61.84%,41,38.46%,142,30.33,153,4.44%,136,2.33,79,"33' 1""",105,0.2210.523,2026-09-01 05:56 UTC,DP World Tour
52411,Kyle Westmoreland,United States,0.599,48,0.670,36,0.492,23,0.200,60,-0.023,88,-0.070,92,224,122,163,84,329.4,2,47.32%,161,67.81%,140,81.16%,133,4.02,84,75.6,7.0,23.63%,72,14.99%,91,1.58,87,+0.42,55,27.27%,146,69.40,60,70.29,115,69.00,55.0,68.83,51,70.25,94,34.60,62,34.55,47,68.50,41,69.80,74,68.75,58,68.33,45,68.67,34.0,60.55%,56,50.00%,67,28.73,13,2.91%,35,2.48,104,"45' 5""",161,0.4920.200,2026-09-01 05:56 UTC,DP World Tour
28679,Fabián Gómez,Argentina,0.554,49,0.308,65,0.237,52,-0.115,110,0.186,47,0.246,50,191,97,145,57,298.3,138,71.00%,7,68.30%,134,88.31%,19,3.88,108,204.0,122.0,22.06%,110,15.85%,109,1.39,110,+0.61,37,100.00%,1,70.80,125,72.00,148,68.40,35.0,72.33,147,68.50,38,34.91,86,35.64,147,69.40,80,71.50,150,68.50,52,70.00,106,71.80,141.0,62.37%,31,52.38%,44,29.32,56,4.58%,142,2.71,135,"17' 2""",1,0.237-0.115,2026-09-01 05:56 UTC,DP World Tour
46732,Rick Lamb,United States,0.546,50,0.075,86,-0.031,99,-0.041,97,0.147,55,0.471,25,86,34,143,56,309.1,87,64.71%,56,73.43%,30,86.26%,49,4.33,41,108.0,37.0,25.00%,39,14.17%,68,1.76,55,+0.49,48,54.55%,72,68.78,32,70.25,111,71.17,130.0,68.00,16,69.40,55,34.63,64,34.16,20,69.78,100,67.90,9,69.00,64,70.75,126,67.50,12.0,55.05%,119,45.71%,105,29.67,98,3.24%,67,2.20,58,"36' 11""",138,-0.031-0.041,2026-09-01 05:56 UTC,DP World Tour
45609,Tyler Duncan,United States,0.530,51,0.195,77,0.128,66,0.152,67,-0.085,107,0.335,40,112,45,145,57,296.9,143,74.49%,2,72.10%,55,88.01%,24,3.91,102,118.3,53.0,22.58%,100,13.53%,52,1.67,68,+0.38,61,42.86%,108,69.11,50,67.50,14,69.60,82.0,72.33,147,67.50,20,35.19,114,34.81,70,70.33,120,69.57,63,68.83,63,73.33,157,69.40,58.0,64.50%,13,53.06%,35,29.52,81,5.19%,151,2.09,39,"26' 7""",24,0.1280.152,2026-09-01 05:56 UTC,DP World Tour
45478,Julian Suri,United States,0.506,52,0.257,71,-0.302,125,0.161,65,0.398,10,0.249,47,213,113,208,133,301.3,128,62.95%,80,70.88%,80,84.95%,76,3.83,114,208.8,125.0,21.74%,120,12.07%,19,1.80,47,+0.25,70,50.00%,75,67.89,8,71.00,132,71.60,139.0,67.80,15,68.00,31,35.00,91,35.21,121,69.11,64,71.20,139,70.75,123,67.80,26,70.80,123.0,63.82%,19,49.06%,81,29.21,49,2.39%,12,1.93,17,"31' 7""",88,-0.3020.161,2026-09-01 05:56 UTC,DP World Tour
66742,Jackson Buchanan,United States,0.452,53,0.408,58,0.102,74,0.075,76,0.231,35,0.044,74,184,92,169,92,320.3,22,55.16%,147,70.52%,92,79.79%,146,4.48,23,139.5,84.0,25.63%,27,15.05%,95,1.70,64,-0.03,93,54.55%,72,71.33,141,68.14,41,66.50,6.0,71.50,125,71.00,117,35.00,91,34.90,87,68.67,44,70.91,128,68.67,57,68.67,55,68.25,24.0,57.45%,96,46.77%,100,29.15,39,3.85%,103,2.18,54,"34' 2""",117,0.1020.075,2026-09-01 05:56 UTC,DP World Tour
51734,Nicolo Galletti,United States,0.452,53,0.030,89,-0.034,101,-0.035,96,0.098,63,0.422,30,194,99,204,128,306.3,106,61.15%,98,71.63%,66,84.21%,92,4.15,71,132.0,71.0,23.82%,69,13.72%,55,1.74,60,+0.42,55,46.15%,99,69.09,48,69.50,82,69.33,74.0,69.13,67,69.00,43,34.85,80,34.30,30,68.64,43,69.78,73,67.33,24,69.13,71,68.00,18.0,61.72%,43,47.13%,97,29.26,51,3.70%,98,2.23,64,"32' 11""",102,-0.034-0.035,2026-09-01 05:56 UTC,DP World Tour
50493,Justin Suh,United States,0.439,55,-0.106,97,0.167,61,-0.094,107,-0.173,129,0.545,21,142,71,111,25,315.4,42,63.80%,69,69.56%,117,85.06%,69,4.41,32,106.5,36.0,25.43%,30,15.10%,96,1.68,66,+0.20,77,66.67%,30,69.36,58,68.50,57,68.83,53.0,69.50,76,69.20,48,35.45,140,34.60,50,70.60,132,69.50,58,69.50,80,71.33,140,69.33,54.0,57.07%,99,54.55%,29,28.96,26,3.05%,47,2.31,76,"32' 1""",96,0.167-0.094,2026-09-01 05:56 UTC,DP World Tour
61276,Christiaan Maas,South Africa,0.435,56,1.020,13,0.126,69,0.563,13,0.331,15,-0.585,144,125,52,158,80,326.0,5,53.30%,153,72.44%,45,77.60%,156,4.42,29,66.9,3.0,26.07%,19,10.90%,6,2.39,8,+0.61,37,80.00%,11,70.60,115,65.00,3,68.00,26.0,72.00,136,69.67,68,34.50,54,34.13,19,68.20,29,69.33,44,67.00,16,70.00,106,69.50,62.0,65.89%,11,50.00%,67,28.85,20,2.35%,9,1.69,4,"43' 10""",160,0.1260.563,2026-09-01 05:56 UTC,DP World Tour
54525,Ian Holt,United States,0.419,57,0.738,29,0.011,92,0.374,34,0.353,11,-0.319,126,37,14,113,28,314.7,48,64.20%,65,75.51%,9,83.71%,100,4.47,24,84.9,12.0,26.01%,20,13.22%,41,1.97,29,+0.98,17,42.86%,108,69.89,88,68.00,32,69.00,55.0,68.75,44,70.80,110,34.32,35,33.79,8,68.78,53,67.50,4,68.20,41,69.50,85,68.14,23.0,56.70%,105,53.03%,37,29.73,104,3.79%,99,2.18,54,"33' 11""",114,0.0110.374,2026-09-01 05:56 UTC,DP World Tour
60531,Derek Hitchner,United States,0.418,58,0.102,83,0.299,45,-0.441,142,0.245,32,0.316,42,133,65,131,45,303.5,117,69.92%,14,70.66%,88,88.62%,16,4.08,76,288.0,146.0,23.00%,83,14.76%,85,1.56,90,+0.18,79,36.36%,126,69.58,72,68.33,49,69.67,86.0,69.00,54,69.88,79,34.57,60,35.48,136,70.75,137,69.11,37,70.13,106,72.00,149,68.50,28.0,62.43%,30,55.81%,23,29.61,89,4.34%,129,2.45,101,"22' 8""",8,0.299-0.441,2026-09-01 05:56 UTC,DP World Tour
51690,Taylor Dickson,United States,0.413,59,0.240,72,0.012,90,0.199,61,0.030,74,0.173,60,126,54,148,61,307.9,95,64.87%,53,71.65%,65,84.23%,91,4.16,69,122.4,61.0,23.94%,63,12.75%,30,1.88,38,+0.62,36,64.29%,41,67.00,2,70.40,120,70.33,112.0,66.86,6,67.50,20,34.05,19,34.95,90,67.00,4,70.64,118,66.50,9,67.14,18,71.17,133.0,64.27%,15,55.84%,22,29.19,47,3.27%,70,2.06,33,"31' 2""",81,0.0120.199,2026-09-01 05:56 UTC,DP World Tour
65408,Barend Botha,South Africa,0.405,60,0.081,84,0.226,55,-0.108,108,-0.036,94,0.324,41,77,30,81,7,319.5,24,64.64%,57,71.30%,70,86.32%,47,4.08,76,169.7,110.0,23.23%,81,13.22%,41,1.76,55,+0.54,45,75.00%,16,68.91,39,70.14,105,70.00,97.0,69.50,76,67.33,18,34.29,33,34.62,56,68.09,27,69.80,74,68.00,36,68.13,39,70.33,107.0,63.64%,20,56.67%,18,29.35,60,3.03%,46,2.24,66,"26' 7""",24,0.226-0.108,2026-09-01 05:56 UTC,DP World Tour
33486,Roger Sloan,Canada,0.396,61,0.518,51,0.081,79,0.031,84,0.406,9,-0.122,102,157,79,175,99,305.4,110,64.20%,65,71.88%,58,84.46%,86,4.63,15,192.0,117.0,26.22%,17,14.67%,80,1.79,50,+0.60,40,58.33%,58,68.80,34,68.33,49,69.25,70.0,69.25,70,67.00,11,35.05,96,34.25,27,69.10,63,69.50,58,72.50,152,68.25,42,69.00,39.0,56.79%,102,56.00%,21,28.97,27,3.21%,61,2.33,79,"29' 5""",53,0.0810.031,2026-09-01 05:56 UTC,DP World Tour
60882,Thomas Rosenmueller,Germany,0.387,62,0.690,32,0.682,7,0.104,73,-0.096,113,-0.302,123,20,4,105,18,315.2,46,64.52%,59,77.34%,2,89.74%,6,4.82,3,228.0,133.0,27.19%,9,14.47%,75,1.88,38,+0.40,59,33.33%,131,69.60,73,72.00,148,68.86,54.0,67.00,7,70.25,94,33.15,2,34.38,34,67.00,4,67.88,8,67.50,28,65.00,2,67.57,14.0,52.90%,142,26.67%,161,30.11,141,4.24%,125,2.39,92,"29' 5""",53,0.6820.104,2026-09-01 05:56 UTC,DP World Tour
59085,Chris Francoeur,United States,0.365,63,1.102,10,0.826,5,0.273,46,0.004,79,-0.737,149,52,19,106,19,321.0,18,62.34%,88,72.97%,33,85.24%,63,3.96,95,104.0,31.0,22.97%,85,12.61%,25,1.82,44,+0.35,64,45.45%,102,69.50,68,68.33,49,66.00,2.0,68.83,51,71.50,133,33.93,14,34.60,50,67.75,21,69.43,52,67.00,16,68.00,29,67.00,8.0,63.64%,20,60.38%,7,29.62,91,3.53%,85,2.00,21,"27' 5""",34,0.8260.273,2026-09-01 05:56 UTC,DP World Tour
47663,Kevin Dougherty,United States,0.365,63,0.679,35,0.601,13,-0.159,113,0.237,34,-0.314,124,152,77,124,42,323.8,10,59.50%,114,69.96%,110,85.19%,64,4.28,49,108.0,37.0,24.69%,47,13.89%,59,1.78,52,+0.11,85,62.50%,45,71.00,130,67.75,25,69.60,82.0,72.67,149,70.29,97,33.68,3,35.53,141,69.50,82,68.89,32,69.57,83,69.33,77,69.40,58.0,61.64%,44,49.02%,82,29.15,39,2.88%,32,2.06,33,"31' 11""",93,0.601-0.159,2026-09-01 05:56 UTC,DP World Tour
56376,Mitchell Meissner,United States,0.364,65,0.534,48,0.214,58,0.421,28,-0.101,115,-0.169,105,147,73,165,87,311.9,68,61.18%,97,71.86%,60,85.15%,67,4.18,66,372.0,150.0,23.48%,77,13.35%,45,1.76,55,+0.24,71,40.00%,115,70.45,111,69.83,98,69.50,79.0,69.00,54,71.00,117,34.33,36,34.48,40,67.82,24,69.90,81,67.25,23,69.33,77,69.50,62.0,60.19%,63,47.95%,88,29.44,69,3.05%,47,2.08,38,"29' 10""",58,0.2140.421,2026-09-01 05:56 UTC,DP World Tour
29289,S.Y. Noh,Republic of Korea,0.362,66,0.690,32,-0.251,119,0.452,25,0.490,4,-0.328,128,169,86,226,142,308.4,89,57.12%,137,73.76%,27,83.28%,109,4.04,81,282.0,145.0,22.81%,95,12.77%,32,1.79,50,+0.55,43,71.43%,21,69.63,76,68.25,47,69.00,55.0,70.50,111,68.75,40,35.06,101,35.31,127,71.38,152,69.38,48,72.25,150,70.50,120,68.50,28.0,59.46%,73,53.85%,34,29.94,131,3.43%,77,1.83,11,"33' 1""",105,-0.2510.452,2026-09-01 05:56 UTC,DP World Tour
56938,Jorge Garcia,Venezuela,0.348,67,-0.277,115,0.192,59,-0.443,143,-0.026,90,0.625,14,127,56,114,31,312.9,63,65.01%,51,70.41%,96,85.68%,57,4.00,86,138.0,81.0,22.95%,87,14.86%,87,1.54,93,+0.20,77,50.00%,75,68.75,31,68.83,70,67.00,7.0,70.00,91,66.67,9,35.00,91,35.13,118,70.50,127,69.71,71,72.00,143,69.60,93,71.00,127.0,57.55%,95,49.09%,79,29.35,60,2.90%,34,2.39,92,"35' 1""",122,0.192-0.443,2026-09-01 05:56 UTC,DP World Tour
52370,Mason Andersen,United States,0.343,68,-0.018,94,-0.127,108,0.134,69,-0.025,89,0.361,37,163,82,194,120,305.4,110,62.57%,84,72.47%,43,84.03%,97,4.64,14,297.0,147.0,26.09%,18,12.71%,28,2.05,19,+0.78,28,46.15%,99,70.00,91,69.00,72,69.67,86.0,71.67,132,67.50,20,33.85,9,34.00,13,66.70,3,69.00,34,66.75,14,66.67,9,69.67,70.0,62.08%,37,52.86%,39,29.17,46,2.95%,40,2.03,27,"27' 3""",32,-0.1270.134,2026-09-01 05:56 UTC,DP World Tour
29675,Dan McCarthy,United States,0.314,69,-0.261,112,-0.361,131,0.248,52,-0.148,125,0.576,19,132,63,134,49,304.3,114,69.05%,20,70.83%,83,88.68%,15,3.89,105,168.0,108.0,22.22%,105,13.69%,54,1.62,76,-0.19,104,100.00%,1,70.83,126,69.00,72,71.75,143.0,71.50,125,69.50,59,34.36,41,34.82,74,69.00,57,69.40,50,68.50,52,69.25,74,70.00,87.0,63.95%,17,36.11%,152,29.29,54,3.17%,57,2.29,74,"26' 6""",23,-0.3610.248,2026-09-01 05:56 UTC,DP World Tour
39412,Zack Fischer,United States,0.312,70,-0.147,104,-0.170,115,-0.041,97,0.064,71,0.459,28,214,114,183,111,298.9,135,65.31%,48,70.20%,103,86.84%,37,3.84,111,264.0,141.0,21.72%,123,13.51%,51,1.61,79,+0.08,86,66.67%,30,69.38,59,68.00,32,71.00,124.0,70.33,107,68.80,41,35.31,125,34.81,70,70.13,116,70.13,92,70.80,125,69.00,65,69.83,82.0,59.75%,69,49.09%,79,29.39,66,1.89%,3,2.14,50,"28' 9""",49,-0.170-0.041,2026-09-01 05:56 UTC,DP World Tour
47125,Matt Atkins,United States,0.311,71,0.483,53,-0.098,106,0.298,42,0.283,24,-0.172,109,127,56,154,74,317.0,38,59.08%,116,72.14%,53,82.43%,122,4.21,59,114.5,48.0,24.29%,55,14.92%,89,1.63,72,+0.21,75,50.00%,75,68.50,26,69.60,87,70.67,117.0,69.57,80,66.00,4,34.43,46,34.81,70,68.20,29,70.18,94,69.00,64,67.86,28,70.33,107.0,57.83%,93,55.00%,26,29.89,123,4.60%,143,2.36,88,"37' 0""",139,-0.0980.298,2026-09-01 05:56 UTC,DP World Tour
39859,Cristobal Del Solar,Chile,0.310,72,-0.274,114,-0.083,104,-0.368,135,0.177,48,0.584,18,218,118,195,121,313.0,60,57.26%,135,70.40%,97,82.97%,114,4.13,72,104.7,35.0,23.87%,67,11.98%,16,1.99,26,+0.43,53,36.36%,126,70.73,121,68.33,49,67.50,18.0,68.67,41,71.50,133,34.90,84,34.10,17,69.18,67,68.80,29,69.38,76,68.67,55,68.50,28.0,65.40%,12,61.19%,5,28.89,21,2.52%,16,1.78,6,"38' 8""",149,-0.083-0.368,2026-09-01 05:56 UTC,DP World Tour
51567,Will Cannon,United States,0.309,73,0.335,61,0.047,86,0.010,89,0.279,26,-0.027,88,132,63,160,81,306.1,108,64.91%,52,72.22%,51,84.06%,96,4.25,52,156.0,100.0,24.25%,56,14.00%,61,1.73,62,+0.29,67,55.56%,66,69.44,65,68.67,60,69.20,68.0,69.80,85,69.00,43,34.47,51,35.29,126,68.67,44,71.00,131,67.75,33,69.40,82,70.60,116.0,59.23%,78,50.00%,67,29.35,60,3.42%,76,2.21,60,"28' 1""",41,0.0470.010,2026-09-01 05:56 UTC,DP World Tour
57625,Trent Phillips,United States,0.308,74,0.587,44,0.094,77,0.287,43,0.206,41,-0.278,120,169,86,155,78,313.5,55,60.75%,100,70.59%,91,82.67%,117,4.03,82,149.1,91.0,23.08%,82,14.18%,69,1.63,72,+0.32,65,50.00%,75,70.86,127,68.75,65,67.88,25.0,69.60,81,74.00,159,34.95,90,34.95,90,70.57,131,69.50,58,71.50,139,70.20,112,69.75,77.0,61.89%,40,61.64%,4,29.55,84,3.83%,102,2.19,57,"33' 10""",111,0.0940.287,2026-09-01 05:56 UTC,DP World Tour
54218,Yuta Sugiura,Japan,0.306,75,0.297,66,-0.038,102,0.105,72,0.230,36,0.009,80,204,107,203,127,303.5,117,62.55%,86,70.93%,77,84.34%,89,4.33,41,180.0,112.0,24.63%,48,14.54%,76,1.69,65,+0.44,52,36.36%,126,67.89,8,69.60,87,71.20,131.0,68.25,27,67.60,26,34.16,26,35.05,103,68.44,40,69.90,81,66.60,12,70.75,126,69.20,52.0,59.55%,72,56.98%,16,29.15,39,3.24%,67,2.35,85,"30' 1""",62,-0.0380.105,2026-09-01 05:56 UTC,DP World Tour
36391,Ricardo Celia,Colombia,0.304,76,-0.090,96,-0.316,126,0.088,74,0.138,56,0.394,32,202,105,218,140,311.1,73,56.21%,145,71.81%,62,83.30%,108,3.85,109,138.9,82.0,22.12%,109,13.79%,56,1.60,81,+0.28,69,60.00%,52,70.89,128,69.80,97,70.00,97.0,71.75,134,70.20,92,34.00,16,34.65,57,68.67,44,68.63,21,70.40,112,66.50,8,71.00,127.0,60.22%,60,40.30%,130,29.46,76,3.19%,59,2.24,66,"35' 1""",122,-0.3160.088,2026-09-01 05:56 UTC,DP World Tour
49453,Trevor Cone,United States,0.300,77,0.155,81,0.646,9,-0.077,105,-0.414,154,0.145,63,63,22,81,7,323.2,13,63.90%,68,72.01%,56,86.01%,52,4.33,41,312.0,149.0,24.36%,51,13.46%,49,1.81,45,+0.22,73,50.00%,75,69.80,81,68.75,65,70.17,108.0,69.33,72,70.50,100,34.15,25,35.45,134,68.40,39,70.80,122,67.75,33,68.83,64,71.17,133.0,58.02%,91,45.16%,108,29.77,109,2.88%,32,2.10,42,"30' 4""",66,0.646-0.077,2026-09-01 05:56 UTC,DP World Tour
55454,Carl Yuan,People’s Rep of China,0.299,78,0.788,24,0.545,17,0.182,64,0.061,72,-0.490,137,55,21,104,17,312.9,63,65.84%,41,72.76%,38,86.43%,44,4.23,55,133.7,73.0,24.25%,56,12.71%,28,1.91,35,+0.41,58,44.44%,104,69.45,66,70.00,99,66.33,5.0,68.00,16,71.20,129,35.24,120,34.24,26,69.18,67,70.00,85,70.40,112,68.17,40,70.33,107.0,61.57%,45,53.06%,35,29.63,92,3.53%,85,2.12,45,"31' 3""",82,0.5450.182,2026-09-01 05:56 UTC,DP World Tour
55460,Sam Choi,United States,0.288,79,0.394,59,-0.031,99,0.001,90,0.425,8,-0.106,98,257,141,205,130,307.4,98,60.25%,107,68.97%,127,85.16%,66,3.84,111,174.0,111.0,21.93%,113,15.42%,104,1.42,104,-0.18,102,25.00%,149,71.27,139,69.63,90,68.50,38.0,72.00,136,71.00,117,34.24,29,35.33,130,70.45,126,68.60,20,70.25,109,71.00,132,66.50,5.0,59.26%,77,46.97%,98,29.45,71,3.64%,93,2.50,106,"30' 5""",68,-0.0310.001,2026-09-01 05:56 UTC,DP World Tour
33597,Harry Higgs,United States,0.255,80,0.639,38,0.238,51,0.314,40,0.087,66,-0.383,132,71,27,114,31,311.8,69,65.39%,45,72.69%,40,85.40%,61,3.89,105,92.6,18.0,22.69%,97,14.04%,64,1.62,76,+0.16,80,66.67%,30,69.00,40,70.33,116,67.67,24.0,68.80,46,70.00,80,35.00,91,34.50,41,69.83,103,69.17,38,65.00,1,70.80,131,70.00,87.0,58.76%,84,52.27%,48,29.97,134,3.86%,104,2.22,63,"24' 0""",12,0.2380.314,2026-09-01 05:56 UTC,DP World Tour
26476,Chez Reavie,United States,0.247,81,0.431,56,0.022,89,0.417,30,-0.007,81,-0.184,110,151,76,153,69,297.5,141,70.04%,12,70.86%,82,88.57%,17,3.67,133,205.2,123.0,20.86%,140,14.72%,82,1.42,104,0.00,91,33.33%,131,69.40,60,69.67,91,72.00,147.0,68.80,46,70.00,80,33.68,3,35.37,133,68.70,50,69.44,54,68.40,48,69.00,65,69.67,70.0,60.20%,62,44.62%,109,29.91,125,4.29%,128,2.44,100,"22' 6""",7,0.0220.417,2026-09-01 05:56 UTC,DP World Tour
56762,Will Gordon,United States,0.232,82,0.004,93,0.225,56,0.152,67,-0.373,153,0.228,54,102,37,112,26,314.7,48,64.28%,64,71.00%,76,84.19%,93,3.80,120,300.0,148.0,21.44%,129,16.11%,115,1.33,118,-0.39,116,57.14%,61,71.78,149,71.00,132,71.50,137.0,72.00,136,71.00,117,34.83,79,34.28,28,69.33,76,68.89,32,69.50,80,69.29,76,69.50,62.0,58.24%,87,38.24%,143,30.32,151,5.44%,154,2.54,112,"31' 8""",90,0.2250.152,2026-09-01 05:56 UTC,DP World Tour
58933,Will Chandler,United States,0.210,83,0.440,55,0.127,67,-0.013,93,0.325,17,-0.230,117,172,88,181,108,311.8,69,59.87%,112,71.72%,64,83.17%,112,4.00,86,148.5,90.0,22.90%,88,14.39%,72,1.59,82,+0.21,75,58.33%,58,69.10,49,69.67,91,68.50,38.0,68.50,33,69.50,59,35.62,148,34.95,90,69.80,101,71.27,142,70.00,92,69.50,85,71.75,140.0,58.33%,86,52.31%,47,29.82,114,3.28%,73,2.35,85,"31' 11""",93,0.127-0.013,2026-09-01 05:56 UTC,DP World Tour
58696,Peter Kuest,United States,0.197,84,-0.596,130,0.808,6,-1.128,159,-0.277,144,0.794,7,130,61,48,2,323.7,11,66.35%,37,68.70%,128,80.49%,139,4.00,86,135.0,75.0,22.96%,86,18.89%,151,1.22,139,-0.44,118,66.67%,30,70.17,99,70.50,121,70.50,114.0,70.00,91,70.50,100,35.67,150,35.00,95,69.50,82,71.83,151,70.50,114,69.00,65,70.50,112.0,50.30%,158,42.55%,119,30.27,147,3.89%,105,2.87,149,"39' 0""",153,0.808-1.128,2026-09-01 05:56 UTC,DP World Tour
57321,Matthew Anderson,Canada,0.196,85,-0.510,125,-0.563,141,-0.254,120,0.308,21,0.706,9,241,132,172,97,322.1,15,51.98%,157,67.04%,144,77.46%,157,4.30,47,98.2,24.0,24.91%,42,14.91%,88,1.67,68,+0.04,89,40.00%,115,69.22,53,69.57,85,69.00,55.0,69.20,68,69.25,50,35.05,96,35.65,148,70.11,114,71.18,138,70.50,114,69.80,103,69.00,39.0,62.08%,37,56.41%,19,28.33,5,2.96%,41,2.23,64,"38' 0""",143,-0.563-0.254,2026-09-01 05:56 UTC,DP World Tour
59125,Davis Lamb,United States,0.180,86,-0.302,117,-0.287,123,-0.119,111,0.104,61,0.481,24,202,105,165,87,296.2,147,69.38%,18,69.61%,115,87.68%,27,4.18,66,"1,188.0",159.0,23.32%,80,13.22%,41,1.76,55,+0.47,50,66.67%,30,69.40,60,68.20,45,70.83,122.0,69.50,76,69.33,52,34.43,46,35.05,103,69.30,74,69.64,66,69.17,70,69.50,85,68.67,34.0,61.77%,42,52.17%,50,28.79,16,2.19%,7,2.06,33,"28' 4""",42,-0.287-0.119,2026-09-01 05:56 UTC,DP World Tour
39436,Joshua Creel,United States,0.171,87,0.324,62,-0.143,110,0.217,56,0.250,31,-0.152,104,196,100,170,93,292.2,155,69.76%,15,70.20%,103,86.37%,45,3.93,99,99.0,25.0,22.85%,92,14.02%,63,1.63,72,-0.08,97,83.33%,5,70.67,118,71.00,132,70.17,108.0,68.00,16,72.00,140,35.06,101,33.94,11,70.17,117,68.30,16,68.75,58,73.00,154,66.67,7.0,59.32%,76,46.67%,102,29.16,43,2.65%,22,2.11,44,"23' 4""",10,-0.1430.217,2026-09-01 05:56 UTC,DP World Tour
59636,Samuel Anderson,United States,0.138,88,1.162,7,0.461,27,0.447,26,0.255,30,-1.024,157,141,70,170,93,298.4,137,67.41%,33,72.41%,48,89.39%,7,3.97,92,104.4,33.0,22.99%,84,18.97%,153,1.21,143,-0.11,98,80.00%,11,70.00,91,73.00,158,67.00,7.0,69.20,68,74.00,159,35.22,118,34.89,82,70.00,109,70.25,102,72.00,143,69.50,85,66.00,3.0,52.08%,150,38.89%,140,30.45,155,6.13%,160,3.24,160,"23' 1""",9,0.4610.447,2026-09-01 05:56 UTC,DP World Tour
27936,Martin Laird,Scotland,0.119,89,0.288,67,-0.295,124,0.013,88,0.571,1,-0.169,105,128,59,160,81,298.2,139,68.70%,21,72.43%,47,80.39%,140,3.44,154,486.0,155.0,19.34%,156,16.46%,123,1.18,144,-0.51,128,75.00%,16,69.67,77,72.00,148,,,69.00,54,69.80,75,34.00,16,34.67,58,68.17,28,69.67,67,68.40,48,67.00,13,,,55.97%,111,51.52%,54,31.19,161,5.56%,156,2.56,114,"31' 0""",80,-0.2950.013,2026-09-01 05:56 UTC,DP World Tour
59212,Hunter Wolcott,United States,0.115,90,-0.515,126,0.312,44,-0.563,147,-0.263,141,0.630,12,159,81,150,65,332.7,1,54.51%,149,70.47%,94,83.24%,110,4.32,44,114.0,46.0,24.85%,43,16.96%,131,1.47,96,-0.56,130,33.33%,131,69.33,56,69.00,72,68.50,38.0,68.50,33,71.00,117,36.08,157,34.46,38,68.67,44,72.14,154,74.00,160,66.00,4,73.00,152.0,54.46%,128,40.00%,133,29.47,78,4.09%,119,2.84,148,"38' 2""",145,0.312-0.563,2026-09-01 05:56 UTC,DP World Tour
60006,Ben Carr,United States,0.114,91,0.184,79,0.114,73,-0.056,102,0.126,57,-0.070,92,157,79,154,74,312.4,67,62.36%,87,70.83%,83,85.42%,60,4.16,69,91.6,17.0,24.21%,58,13.39%,47,1.81,45,+0.72,32,81.82%,9,69.00,40,70.00,99,68.80,52.0,66.67,4,70.17,90,34.59,61,34.82,74,70.67,134,68.00,10,71.33,136,69.33,77,67.20,9.0,62.93%,25,65.08%,1,28.84,18,2.98%,43,2.21,60,"30' 4""",66,0.114-0.056,2026-09-01 05:56 UTC,DP World Tour
50582,Jeremy Paul,Germany,0.111,92,-0.177,108,-0.350,128,-0.071,103,0.244,33,0.288,44,217,117,230,146,307.2,102,57.98%,128,71.26%,71,82.96%,116,4.23,55,234.0,135.0,23.93%,64,14.21%,71,1.68,66,-0.03,93,58.33%,58,68.33,20,69.50,82,69.33,74.0,68.50,33,68.20,36,34.86,81,33.71,6,68.00,25,69.60,65,68.40,48,67.50,21,72.33,148.0,59.11%,80,49.21%,76,29.44,69,3.21%,61,2.27,71,"35' 2""",127,-0.350-0.071,2026-09-01 05:56 UTC,DP World Tour
55789,Taylor Montgomery,United States,0.096,93,-1.125,151,-0.968,157,-0.222,118,0.065,70,1.221,1,298,153,279,159,301.9,125,52.48%,154,67.84%,139,80.17%,142,4.40,34,117.0,49.0,25.32%,32,13.35%,45,1.90,36,+0.40,59,45.45%,102,68.63,30,68.33,49,75.50,159.0,70.20,102,66.00,4,34.14,23,34.07,16,68.71,51,67.71,6,67.33,24,69.75,99,65.00,1.0,62.13%,35,52.54%,42,28.04,3,1.71%,2,2.04,28,"34' 1""",116,-0.968-0.222,2026-09-01 05:56 UTC,DP World Tour
60005,Ryan Burnett,United States,0.073,94,0.287,68,0.102,74,0.327,38,-0.142,122,-0.213,115,113,46,109,24,314.3,51,64.56%,58,70.62%,89,86.00%,53,3.68,132,132.8,72.0,21.19%,131,16.29%,119,1.30,127,-0.47,122,27.27%,146,71.50,146,67.00,7,69.00,55.0,70.80,115,72.67,154,34.89,83,34.61,55,69.25,73,69.70,68,70.00,92,68.80,62,70.29,106.0,54.81%,123,43.55%,112,30.15,143,4.14%,121,2.51,108,"30' 0""",61,0.1020.327,2026-09-01 05:56 UTC,DP World Tour
59160,John Pak,United States,0.036,95,0.412,57,0.048,84,0.621,10,-0.257,140,-0.376,130,107,42,152,66,296.5,146,71.32%,6,72.55%,41,89.03%,12,4.43,28,408.0,152.0,24.84%,44,13.40%,48,1.85,41,+0.50,47,50.00%,75,70.11,97,68.17,43,68.40,35.0,70.75,113,69.60,66,34.65,65,34.75,65,67.56,14,70.91,128,66.40,7,69.00,65,70.20,102.0,59.23%,78,39.24%,137,29.35,60,3.27%,70,2.09,39,"26' 7""",24,0.0480.621,2026-09-01 05:56 UTC,DP World Tour
29485,Brett Stegmaier,United States,0.017,96,-0.233,111,0.091,78,-0.314,128,-0.010,82,0.249,47,237,131,201,125,307.3,100,60.72%,101,69.72%,112,86.03%,50,4.08,76,144.0,87.0,23.33%,79,15.14%,99,1.54,93,-0.11,98,71.43%,21,70.33,105,68.83,70,73.00,152.0,70.20,102,71.00,117,35.08,105,34.69,62,68.33,37,71.00,131,69.00,64,68.20,41,72.00,143.0,56.42%,107,48.98%,83,29.38,65,2.50%,15,2.35,85,"31' 6""",86,0.091-0.314,2026-09-01 05:56 UTC,DP World Tour
54901,Theo Humphrey,United States,-0.014,97,-0.124,101,-0.685,148,0.457,24,0.104,61,0.110,67,165,85,188,115,316.5,40,54.89%,148,72.32%,50,81.44%,130,3.79,122,149.1,91.0,21.74%,120,14.85%,86,1.46,97,-0.06,96,55.56%,66,69.46,67,69.60,87,69.50,79.0,69.00,54,69.67,68,34.35,40,35.05,103,69.23,72,69.71,71,68.11,40,71.75,147,70.00,87.0,55.02%,120,36.51%,151,29.91,125,3.07%,49,2.33,79,"41' 8""",158,-0.6850.457,2026-09-01 05:56 UTC,DP World Tour
58669,Jacob Solomon,United States,-0.051,98,-0.083,95,-0.646,144,0.404,32,0.159,54,0.032,76,191,97,232,147,296.2,147,62.56%,85,72.46%,44,83.98%,98,3.72,129,207.0,124.0,21.14%,134,13.16%,40,1.61,79,+0.12,84,50.00%,75,69.71,79,69.00,72,69.29,72.0,72.00,136,69.33,52,35.47,141,34.20,25,69.86,104,69.50,58,70.17,107,68.00,29,69.71,75.0,60.09%,65,44.19%,110,29.85,116,3.26%,69,2.20,58,"33' 0""",104,-0.6460.404,2026-09-01 05:56 UTC,DP World Tour
67202,Luke Gutschewski,United States,-0.113,99,-0.110,99,-0.022,97,0.025,85,-0.113,118,-0.003,81,273,147,207,132,307.4,98,60.06%,109,67.41%,141,84.47%,85,3.98,90,133.7,73.0,22.86%,91,14.64%,79,1.56,90,0.00,91,44.44%,104,67.50,5,71.33,141,70.25,110.0,67.75,14,67.33,18,35.18,113,34.82,74,69.90,108,70.14,93,70.17,107,69.50,85,70.75,121.0,63.61%,22,39.29%,136,28.69,11,3.10%,52,2.31,76,"32' 4""",99,-0.0220.025,2026-09-01 05:56 UTC,DP World Tour
57860,Maxwell Moldovan,United States,-0.121,100,-0.207,110,-0.130,109,-0.092,106,0.015,76,0.086,70,178,91,209,136,301.2,129,62.95%,80,72.49%,42,86.75%,39,3.66,135,223.2,131.0,20.79%,142,12.63%,26,1.65,71,+0.24,71,33.33%,131,69.55,71,68.80,68,68.33,29.0,69.00,54,70.00,80,34.26,31,35.26,125,69.73,98,69.25,40,68.50,52,71.20,136,69.67,70.0,63.84%,18,54.55%,29,29.77,109,3.14%,55,2.13,48,"27' 3""",32,-0.130-0.092,2026-09-01 05:56 UTC,DP World Tour
32640,Troy Merritt,United States,-0.129,101,0.316,64,-0.387,132,0.263,49,0.439,7,-0.445,134,248,134,205,130,295.1,151,64.81%,54,69.44%,118,85.17%,65,4.19,63,162.0,105.0,23.92%,65,15.12%,98,1.58,87,+0.08,86,42.86%,108,67.80,7,68.67,60,71.00,124.0,68.50,33,65.00,2,35.09,107,34.82,74,68.20,29,71.33,145,77.00,161,66.00,4,73.33,155.0,60.61%,55,50.00%,67,29.00,30,4.01%,111,2.36,88,"27' 0""",30,-0.3870.263,2026-09-01 05:56 UTC,DP World Tour
66552,Rayhan Thomas,India,-0.153,102,-0.609,131,-0.747,150,0.043,82,0.095,64,0.456,29,223,121,259,154,304.1,115,56.42%,144,71.40%,69,82.65%,118,3.95,98,183.0,115.0,22.50%,102,15.57%,105,1.44,101,-0.21,106,27.27%,146,69.40,60,70.00,99,71.67,141.0,69.00,54,70.00,80,35.37,128,34.68,60,70.10,113,70.00,85,68.25,42,71.33,140,69.50,62.0,54.78%,124,40.28%,132,29.67,98,3.64%,93,2.49,105,"32' 3""",97,-0.7470.043,2026-09-01 05:56 UTC,DP World Tour
48319,Tom Whitney,United States,-0.185,103,0.053,88,0.251,49,-0.055,101,-0.143,123,-0.238,118,131,62,127,44,308.4,89,66.34%,38,70.70%,87,85.82%,55,3.96,95,153.0,95.0,22.66%,99,14.60%,78,1.55,92,-0.05,95,40.00%,115,68.13,16,71.00,132,69.50,79.0,68.75,44,67.50,20,34.40,45,34.60,50,67.50,12,70.71,120,68.25,42,66.75,12,69.80,80.0,60.22%,60,38.18%,144,29.73,104,4.14%,121,2.45,101,"25' 3""",15,0.251-0.055,2026-09-01 05:56 UTC,DP World Tour
36871,Matt NeSmith,United States,-0.211,104,-0.159,105,-0.245,118,0.153,66,-0.067,105,-0.052,90,207,109,208,133,306.9,103,60.38%,105,71.20%,74,82.97%,114,3.78,123,135.0,75.0,21.76%,119,15.83%,108,1.37,114,-0.50,127,55.56%,66,71.88,152,67.50,14,70.00,97.0,73.20,157,69.67,68,35.05,96,35.48,136,69.50,82,71.15,137,68.33,44,70.20,112,70.86,125.0,54.98%,121,59.38%,9,30.07,137,4.26%,126,2.53,110,"32' 3""",97,-0.2450.153,2026-09-01 05:56 UTC,DP World Tour
58856,Chad Sewell,United States,-0.217,105,-0.167,107,0.133,65,-0.309,127,0.009,78,-0.050,89,149,75,134,49,306.5,105,67.78%,29,70.31%,100,84.62%,81,3.90,104,149.1,91.0,22.32%,104,14.18%,69,1.57,89,+0.01,90,62.50%,45,71.33,141,67.50,14,69.60,82.0,72.71,151,69.40,55,34.52,55,35.19,119,70.50,127,68.67,23,71.20,134,70.00,106,70.40,110.0,60.32%,59,45.33%,107,29.53,83,2.97%,42,2.34,82,"30' 5""",68,0.133-0.309,2026-09-01 05:56 UTC,DP World Tour
52374,Brandon Wu,United States,-0.241,106,-0.160,106,-0.850,154,0.203,59,0.487,5,-0.081,94,260,144,279,159,297.7,140,57.01%,139,70.28%,101,82.06%,126,3.82,115,154.3,98.0,21.85%,114,16.57%,126,1.32,122,-0.52,129,40.00%,115,71.22,137,68.75,65,68.33,29.0,71.67,132,70.33,98,35.10,108,35.00,95,68.89,56,71.09,134,68.33,44,69.17,72,70.67,118.0,53.27%,139,50.00%,67,29.90,124,3.61%,90,2.58,117,"38' 5""",148,-0.8500.203,2026-09-01 05:56 UTC,DP World Tour
64693,Matthew Riedel,United States,-0.241,106,0.259,70,0.121,72,0.421,28,-0.283,145,-0.500,139,84,33,133,48,313.3,57,63.32%,76,72.78%,36,85.01%,72,4.10,75,120.0,55.0,23.61%,73,15.74%,106,1.50,95,-0.40,117,22.22%,153,71.33,141,72.25,151,67.20,14.0,72.14,143,70.20,92,34.43,46,35.86,152,69.67,93,71.11,135,68.60,56,70.43,119,70.00,87.0,53.40%,136,46.75%,101,30.12,142,4.63%,145,2.37,91,"30' 5""",68,0.1210.421,2026-09-01 05:56 UTC,DP World Tour
52132,Phichaksn Maichon,Thailand,-0.257,108,0.197,76,0.602,12,0.017,87,-0.422,155,-0.454,135,147,73,107,21,318.1,29,63.08%,78,69.03%,126,84.62%,81,3.98,90,69.4,5.0,23.56%,74,17.90%,143,1.32,122,-0.20,105,66.67%,30,69.90,89,70.86,131,67.50,18.0,68.20,25,71.60,136,34.67,67,35.90,153,70.20,118,70.91,128,72.40,151,68.00,29,70.25,104.0,54.15%,131,40.91%,128,29.70,101,4.42%,135,2.93,151,"32' 0""",95,0.6020.017,2026-09-01 05:56 UTC,DP World Tour
54652,David Kocher,United States,-0.265,109,0.025,90,-0.395,133,0.081,75,0.339,13,-0.290,122,303,158,264,155,295.9,149,59.32%,115,66.81%,148,83.55%,102,3.63,137,136.8,80.0,20.91%,139,16.37%,120,1.28,133,-0.48,123,.00%,157,71.25,138,69.50,82,72.00,147.0,69.33,72,72.40,150,34.73,74,34.47,39,69.13,65,69.29,41,69.40,78,68.67,55,69.00,39.0,57.71%,94,46.94%,99,28.89,21,2.63%,20,2.68,129,"29' 11""",60,-0.3950.081,2026-09-01 05:56 UTC,DP World Tour
36724,Augusto Núñez,Argentina,-0.294,110,-0.315,119,-0.006,96,-0.243,119,-0.066,104,0.020,78,250,136,195,121,312.9,63,57.92%,132,68.62%,129,84.95%,76,3.96,95,121.5,59.0,22.84%,94,14.40%,73,1.59,82,-0.32,112,37.50%,123,70.22,102,71.20,139,68.40,35.0,69.67,83,71.33,131,34.79,77,35.05,103,69.56,88,70.10,89,70.00,92,69.33,77,71.20,135.0,60.98%,50,62.30%,3,28.89,21,2.78%,26,2.28,72,"38' 2""",145,-0.006-0.243,2026-09-01 05:56 UTC,DP World Tour
45729,Drew Nesbitt,Canada,-0.295,111,0.565,46,0.600,14,0.551,14,-0.586,159,-0.860,152,104,40,137,53,316.1,41,61.21%,96,72.22%,51,88.06%,23,4.24,53,128.6,67.0,24.33%,53,14.56%,77,1.67,68,-0.18,102,71.43%,21,70.22,102,71.80,145,68.50,38.0,71.50,125,69.20,48,35.22,118,34.72,64,69.56,88,70.33,106,68.80,62,70.50,120,69.00,39.0,58.00%,92,38.00%,145,29.76,108,3.89%,105,2.12,45,"30' 8""",71,0.6000.551,2026-09-01 05:56 UTC,DP World Tour
57298,Preston Summerhays,United States,-0.299,112,-0.488,124,0.073,81,-0.460,145,-0.100,114,0.189,59,225,123,178,103,317.1,36,56.61%,142,69.34%,122,83.21%,111,3.72,129,121.5,59.0,21.50%,127,19.14%,154,1.12,151,-0.98,148,57.14%,61,70.45,111,70.25,111,74.20,158.0,70.00,91,70.83,114,35.25,121,34.85,80,71.18,148,68.78,27,72.67,155,69.40,82,68.60,33.0,52.35%,146,41.07%,126,29.96,132,5.45%,155,2.98,153,"38' 8""",149,0.073-0.460,2026-09-01 05:56 UTC,DP World Tour
59137,RJ Manke,United States,-0.355,113,-0.996,144,-0.661,145,-0.298,125,-0.038,95,0.641,11,297,152,211,138,314.2,53,50.60%,158,63.33%,159,75.24%,161,3.77,125,135.0,75.0,21.67%,125,15.00%,92,1.44,101,-0.15,101,.00%,157,70.67,118,69.00,72,68.50,38.0,71.00,118,70.00,80,35.40,133,34.50,41,69.50,82,70.50,112,71.00,127,68.75,61,69.00,39.0,62.63%,28,50.00%,67,28.00,2,2.04%,5,2.40,96,"35' 7""",130,-0.661-0.298,2026-09-01 05:56 UTC,DP World Tour
57864,Jackson Van Paris,United States,-0.379,114,0.018,92,0.005,94,0.190,62,-0.177,130,-0.398,133,123,50,153,69,311.7,71,62.87%,82,72.13%,54,83.92%,99,4.22,57,216.0,128.0,23.89%,66,15.00%,92,1.59,82,+0.14,82,25.00%,149,69.20,52,70.00,99,69.75,93.0,69.00,54,69.67,68,34.33,36,34.89,82,69.70,95,68.63,21,67.67,31,70.57,122,69.25,53.0,53.82%,134,45.90%,104,29.80,113,2.87%,31,2.42,98,"28' 6""",46,0.0050.190,2026-09-01 05:56 UTC,DP World Tour
54813,Philip Knowles,United States,-0.407,115,-0.706,134,0.127,67,-0.393,139,-0.439,156,0.299,43,199,101,145,57,302.8,122,68.58%,23,67.30%,142,84.93%,78,3.77,125,113.1,45.0,21.84%,115,17.93%,144,1.22,139,-0.67,138,16.67%,156,71.86,150,70.20,109,70.00,97.0,73.00,153,71.00,117,35.50,142,34.75,65,71.29,150,69.44,54,71.50,139,71.00,132,70.75,121.0,54.44%,129,51.56%,53,29.34,58,4.04%,115,2.82,144,"27' 0""",30,0.127-0.393,2026-09-01 05:56 UTC,DP World Tour
36735,Jorge Fernández Valdés,Argentina,-0.418,116,0.144,82,0.426,31,-0.262,121,-0.020,87,-0.562,141,107,42,115,34,323.4,12,60.70%,103,71.24%,73,82.55%,119,4.26,50,111.3,40.0,24.59%,49,15.11%,97,1.63,72,+0.47,50,64.29%,41,70.75,123,68.00,32,68.71,50.0,70.00,91,71.20,129,34.20,27,35.35,131,69.88,105,69.33,44,70.00,92,69.67,96,70.57,113.0,55.97%,111,42.62%,118,29.63,92,3.68%,97,2.34,82,"30' 1""",62,0.426-0.262,2026-09-01 05:56 UTC,DP World Tour
54994,Vicente Marzilio,Argentina,-0.429,117,-0.201,109,0.407,32,-0.352,134,-0.256,139,-0.228,116,114,47,117,37,313.4,56,64.31%,61,70.93%,77,84.15%,94,3.92,101,135.0,75.0,22.50%,102,17.41%,139,1.29,129,-0.32,112,77.78%,14,69.00,40,68.80,68,71.60,139.0,68.25,27,69.43,58,35.43,139,34.95,90,71.55,155,69.10,36,72.00,143,70.75,126,67.80,15.0,52.87%,143,39.73%,134,30.28,149,4.81%,146,2.83,147,"31' 3""",82,0.407-0.352,2026-09-01 05:56 UTC,DP World Tour
60767,"Blaine Hale, Jr.",United States,-0.436,118,-0.117,100,-0.150,114,0.047,81,-0.014,83,-0.318,125,200,104,183,111,318.5,28,52.41%,155,70.62%,89,82.37%,123,3.60,141,104.0,31.0,20.94%,137,14.74%,83,1.42,104,-0.13,100,42.86%,108,70.00,91,68.00,32,69.71,92.0,68.00,16,70.57,106,35.37,128,34.68,60,70.33,120,69.80,74,70.00,92,71.50,143,69.71,75.0,58.18%,89,41.18%,125,29.96,132,3.21%,61,2.46,103,"39' 0""",153,-0.1500.047,2026-09-01 05:56 UTC,DP World Tour
60511,Austin Duncan,United States,-0.477,119,-0.945,143,0.126,69,-0.495,146,-0.576,158,0.468,27,226,125,153,69,313.1,59,61.52%,94,64.71%,157,83.39%,106,3.76,127,122.4,61.0,21.73%,122,16.83%,128,1.29,129,-0.48,123,20.00%,155,68.83,35,71.33,141,68.67,46.0,69.80,85,64.00,1,35.17,112,35.08,112,69.67,93,70.83,125,70.00,92,69.60,93,72.67,151.0,60.19%,63,48.78%,85,28.47,8,2.94%,38,2.68,129,"27' 5""",34,0.126-0.495,2026-09-01 05:56 UTC,DP World Tour
59533,Joe Weiler,United States,-0.488,120,-0.469,123,-0.436,135,-0.045,99,0.012,77,-0.019,86,199,101,193,119,309.9,82,59.95%,111,70.88%,80,79.12%,151,3.67,133,130.5,70.0,21.17%,133,16.09%,112,1.32,122,-0.67,138,75.00%,16,70.40,107,71.00,132,70.80,121.0,71.33,122,69.00,43,35.86,154,35.05,103,71.40,153,70.45,111,72.50,152,70.67,123,69.80,80.0,53.29%,138,36.84%,149,30.09,139,3.45%,80,2.52,109,"31' 4""",85,-0.436-0.045,2026-09-01 05:56 UTC,DP World Tour
58849,Turk Pettit,United States,-0.552,121,-0.541,128,-0.476,138,-0.265,122,0.200,42,-0.011,83,307,159,272,158,297.0,142,57.95%,130,66.80%,149,80.83%,136,3.21,160,252.0,138.0,18.25%,160,12.96%,37,1.41,109,-0.44,118,66.67%,30,70.29,104,70.00,99,68.33,29.0,69.60,81,72.00,140,35.40,133,34.80,68,72.14,160,68.50,18,71.50,139,72.40,152,68.00,18.0,66.53%,8,55.56%,24,29.14,38,1.98%,4,2.12,45,"30' 11""",77,-0.476-0.265,2026-09-01 05:56 UTC,DP World Tour
69503,Tyler Wilkes,United States,-0.598,122,0.208,75,-0.116,107,0.241,53,0.083,67,-0.805,151,236,130,257,153,303.9,116,56.78%,141,70.83%,83,84.98%,73,3.82,115,126.0,64.0,22.02%,111,17.06%,134,1.29,129,-0.71,140,33.33%,131,72.00,154,69.67,91,70.00,97.0,71.33,122,72.67,154,35.36,127,34.18,22,68.00,25,71.40,148,69.33,75,66.67,9,75.00,158.0,51.02%,153,41.67%,122,29.93,129,3.17%,57,2.93,151,"33' 10""",111,-0.1160.241,2026-09-01 05:56 UTC,DP World Tour
35421,Brandon Harkins,United States,-0.608,123,0.263,69,0.048,84,0.327,38,-0.112,117,-0.871,153,134,67,87,10,314.3,51,66.67%,36,69.23%,124,83.54%,103,3.46,152,156.0,100.0,19.87%,150,17.95%,145,1.11,152,-0.44,118,.00%,157,69.40,60,72.33,153,70.00,97.0,69.33,72,69.50,59,35.20,116,35.00,95,70.60,132,69.80,74,71.00,127,70.33,114,69.00,39.0,53.47%,135,41.38%,124,30.27,147,5.13%,150,2.73,136,"30' 8""",71,0.0480.327,2026-09-01 05:56 UTC,DP World Tour
46368,Stuart Macdonald,Canada,-0.616,124,-0.725,135,-0.360,130,-0.201,116,-0.163,128,0.109,68,215,115,180,107,293.2,154,68.46%,26,70.00%,108,84.37%,88,4.12,73,180.0,112.0,23.43%,78,16.11%,115,1.45,98,+0.08,86,66.67%,30,70.10,96,67.80,26,69.00,55.0,70.25,105,69.50,59,34.90,84,34.95,90,70.40,123,69.36,47,72.00,143,70.00,106,68.33,25.0,56.17%,109,40.96%,127,29.45,71,3.80%,100,2.67,126,"28' 4""",42,-0.360-0.201,2026-09-01 05:56 UTC,DP World Tour
67143,Carson Bacha,United States,-0.634,125,0.383,60,0.171,60,0.270,47,-0.058,101,-1.017,156,156,78,199,124,305.5,109,62.11%,90,73.30%,32,86.65%,41,4.02,84,186.0,116.0,22.85%,92,16.40%,122,1.39,110,-0.28,109,60.00%,52,69.60,73,67.33,12,70.50,114.0,69.00,54,72.00,140,35.19,114,36.00,158,71.00,142,71.36,146,73.50,158,70.38,116,72.38,150.0,52.35%,146,39.06%,138,30.60,158,5.02%,148,2.65,124,"31' 10""",92,0.1710.270,2026-09-01 05:56 UTC,DP World Tour
27958,Ryan Blaum,United States,-0.641,126,-0.754,136,-0.240,117,-0.450,144,-0.064,103,0.113,66,233,128,176,101,294.0,152,68.54%,24,68.44%,132,87.03%,35,3.84,111,450.0,153.0,21.56%,126,16.11%,115,1.34,117,-0.28,109,37.50%,123,70.00,91,68.00,32,70.40,113.0,69.50,76,70.33,98,35.59,147,34.00,13,69.60,91,69.57,63,67.50,28,72.75,153,69.60,69.0,58.10%,90,49.12%,77,29.60,87,4.00%,110,2.58,117,"26' 4""",22,-0.240-0.450,2026-09-01 05:56 UTC,DP World Tour
49399,Shad Tuten,United States,-0.651,127,-0.142,102,0.257,48,-0.134,112,-0.264,142,-0.509,140,263,145,201,125,299.4,134,64.13%,67,67.88%,138,87.04%,34,4.19,63,144.0,87.0,23.96%,62,16.84%,129,1.42,104,+0.14,82,33.33%,131,70.20,100,72.50,155,69.67,86.0,74.00,158,69.25,50,34.70,68,34.40,36,67.40,11,70.80,122,67.75,33,66.00,4,70.00,87.0,56.76%,103,48.84%,84,29.16,43,4.34%,129,2.63,121,"18' 4""",3,0.257-0.134,2026-09-01 05:56 UTC,DP World Tour
33413,Ben Martin,United States,-0.678,128,0.498,52,-0.149,113,0.350,37,0.297,23,-1.176,158,119,49,136,52,301.5,126,70.34%,10,71.60%,67,84.39%,87,3.89,105,162.0,105.0,22.22%,105,16.05%,111,1.38,112,-0.23,107,33.33%,131,72.20,156,69.33,80,68.50,38.0,72.00,136,73.00,158,35.33,126,35.25,124,70.40,123,70.71,120,73.00,157,69.75,99,70.00,87.0,52.72%,145,52.78%,40,30.39,154,4.17%,123,2.53,110,"35' 8""",131,-0.1490.350,2026-09-01 05:56 UTC,DP World Tour
63764,Tyler Leach,United States,-0.691,129,0.024,91,0.478,24,-0.376,137,-0.079,106,-0.714,148,127,56,123,41,311.0,74,65.30%,49,70.79%,86,88.18%,21,3.43,155,149.1,91.0,19.73%,153,16.09%,112,1.23,137,-0.60,134,50.00%,75,69.25,55,72.33,153,70.50,114.0,71.40,124,67.71,28,35.10,108,35.57,143,70.08,112,71.44,149,69.86,91,70.40,117,72.33,148.0,60.66%,53,54.10%,33,30.28,149,5.84%,159,2.62,120,"25' 10""",19,0.478-0.376,2026-09-01 05:56 UTC,DP World Tour
47996,Jack Maguire,United States,-0.697,130,-1.046,146,0.007,93,-0.839,155,-0.214,133,0.349,38,188,95,137,53,310.7,77,64.38%,60,68.22%,135,80.28%,141,3.93,99,258.0,140.0,22.22%,105,17.31%,138,1.28,133,-0.81,143,40.00%,115,70.13,98,72.50,155,71.43,136.0,69.00,54,70.80,110,34.56,58,35.81,151,70.88,139,69.88,79,71.00,127,70.67,123,70.57,113.0,55.28%,116,42.86%,114,29.79,112,4.39%,133,2.67,126,"34' 10""",119,0.007-0.839,2026-09-01 05:56 UTC,DP World Tour
33122,Russell Knox,Scotland,-0.709,131,-0.840,140,-0.747,150,-0.003,91,-0.089,108,0.130,65,220,119,228,145,290.6,157,63.66%,71,71.19%,75,81.79%,129,3.78,123,486.0,155.0,21.19%,131,14.92%,89,1.42,104,-0.25,108,33.33%,131,70.89,128,70.33,116,69.17,66.0,70.83,117,71.00,117,34.22,28,35.11,117,70.00,109,68.67,23,70.33,110,69.83,105,68.67,34.0,60.71%,52,48.75%,86,29.65,96,4.01%,111,2.50,106,"33' 1""",105,-0.747-0.003,2026-09-01 05:56 UTC,DP World Tour
58989,Brandon Berry,United States,-0.731,132,-0.538,127,0.125,71,-0.408,141,-0.255,138,-0.193,112,281,149,227,144,308.3,93,57.51%,134,68.00%,137,81.29%,131,4.34,39,112.5,44.0,25.00%,39,18.89%,151,1.32,122,-0.89,144,66.67%,30,71.44,145,70.50,121,70.75,120.0,72.20,144,70.50,100,35.89,155,35.47,135,70.67,134,72.00,152,71.00,127,70.40,117,73.75,156.0,48.96%,160,37.93%,146,29.66,97,4.56%,141,2.74,138,"28' 0""",39,0.125-0.408,2026-09-01 05:56 UTC,DP World Tour
27466,Spencer Levin,United States,-0.741,133,-0.460,122,-0.480,139,0.070,79,-0.050,98,-0.281,121,129,60,171,95,287.6,158,69.98%,13,72.93%,34,89.35%,8,3.10,161,702.0,158.0,17.38%,161,16.38%,121,1.06,154,-1.25,154,100.00%,1,72.50,158,70.25,111,71.50,137.0,73.00,153,71.75,138,35.06,101,35.59,145,70.89,141,70.38,109,73.50,158,68.80,62,69.75,77.0,50.53%,157,41.46%,123,30.92,160,3.99%,109,2.56,114,"25' 10""",19,-0.4800.070,2026-09-01 05:56 UTC,DP World Tour
50992,Brett White,United States,-0.757,134,-0.107,98,0.383,35,-0.349,133,-0.141,121,-0.650,145,173,89,152,66,318.0,31,58.54%,121,70.09%,107,84.12%,95,4.00,86,216.0,128.0,22.69%,97,16.48%,124,1.38,112,-0.48,123,55.56%,66,69.50,68,70.00,99,71.86,145.0,69.00,54,70.00,80,35.05,96,35.10,114,68.80,54,71.36,146,69.20,71,68.40,51,70.86,125.0,55.42%,115,42.86%,114,29.92,128,4.07%,117,2.55,113,"35' 0""",121,0.383-0.349,2026-09-01 05:56 UTC,DP World Tour
57124,Michael Feagles,United States,-0.765,135,-0.645,133,-0.439,136,-0.191,115,-0.015,86,-0.120,101,229,127,181,108,298.9,135,65.35%,46,69.35%,121,83.53%,104,3.85,109,135.0,75.0,22.13%,108,16.94%,130,1.31,126,-0.45,121,55.56%,66,70.73,121,69.00,72,70.00,97.0,69.83,89,71.80,139,34.86,81,35.19,119,69.55,86,70.60,115,71.00,127,68.33,45,69.33,54.0,54.98%,121,47.83%,91,29.60,87,3.61%,90,2.68,129,"29' 7""",55,-0.439-0.191,2026-09-01 05:56 UTC,DP World Tour
52144,Braden Thornberry,United States,-0.832,136,-1.068,147,-0.263,121,-0.752,153,-0.053,99,0.236,52,291,151,209,136,310.9,76,57.67%,133,65.20%,155,82.52%,120,3.60,141,119.3,54.0,20.86%,140,18.13%,149,1.15,147,-0.92,147,57.14%,61,68.90,37,73.22,160,67.00,7.0,71.50,125,67.17,16,35.74,151,34.89,82,71.10,145,70.11,90,72.00,143,69.75,99,75.00,158.0,55.12%,118,38.96%,139,29.45,71,4.61%,144,2.74,138,"33' 2""",108,-0.263-0.752,2026-09-01 05:56 UTC,DP World Tour
67704,Marshall Meisel,United States,-0.873,137,-0.305,118,0.641,10,-0.405,140,-0.541,157,-0.567,142,209,110,168,91,315.0,47,58.54%,121,69.44%,118,84.29%,90,3.91,102,100.8,27.0,22.72%,96,17.76%,142,1.28,133,-0.62,137,71.43%,21,71.00,130,69.67,91,68.75,51.0,70.29,106,72.25,149,35.29,123,35.52,140,69.09,61,72.70,159,68.00,36,69.71,98,73.25,154.0,52.27%,148,43.33%,113,29.84,115,4.27%,127,2.77,141,"36' 4""",134,0.641-0.405,2026-09-01 05:56 UTC,DP World Tour
63451,Bryce Lewis,United States,-0.891,138,-1.110,149,-0.492,140,-0.346,132,-0.272,143,0.218,56,205,108,153,69,317.1,36,59.02%,117,68.21%,136,80.66%,137,3.74,128,97.2,23.0,21.81%,116,16.98%,132,1.28,133,-0.56,130,57.14%,61,69.92,90,71.60,144,71.25,132.0,69.80,85,70.00,80,35.58,146,35.32,128,71.75,157,69.43,52,70.71,122,73.20,155,67.33,10.0,54.05%,132,45.45%,106,29.61,89,2.98%,43,2.67,126,"32' 9""",100,-0.492-0.346,2026-09-01 05:56 UTC,DP World Tour
58714,Nick Infanti,United States,-0.905,139,-0.406,120,0.061,83,-0.373,136,-0.094,111,-0.499,138,269,146,197,123,302.0,124,63.50%,73,66.92%,146,84.78%,79,3.52,148,396.0,151.0,19.82%,152,18.06%,146,1.10,153,-0.99,149,25.00%,149,71.00,130,70.50,121,71.00,124.0,71.50,125,70.60,107,34.56,58,35.61,146,70.11,114,70.22,100,70.80,125,69.25,74,69.40,58.0,53.05%,140,37.50%,148,29.93,129,3.66%,96,2.73,136,"30' 2""",65,0.061-0.373,2026-09-01 05:56 UTC,DP World Tour
58189,Billy Tom Sargent,United States,-0.942,140,-0.567,129,0.075,80,-0.589,150,-0.053,99,-0.376,130,251,138,192,118,309.5,84,60.10%,108,68.39%,133,79.49%,148,3.66,135,94.9,20.0,21.36%,130,16.09%,112,1.33,118,-0.36,114,70.00%,29,70.55,114,70.67,126,69.00,55.0,71.25,121,70.14,89,35.21,117,34.89,82,69.55,86,70.88,127,69.57,83,69.50,85,69.00,39.0,57.27%,98,27.14%,160,29.43,68,3.45%,80,2.66,125,"28' 7""",47,0.075-0.589,2026-09-01 05:56 UTC,DP World Tour
66248,Justin Hastings,Cayman Islands,-0.978,141,-0.791,138,-0.173,116,-0.328,130,-0.289,147,-0.187,111,255,140,179,105,316.9,39,56.84%,140,66.67%,150,83.06%,113,4.22,57,243.0,136.0,23.87%,67,17.49%,141,1.36,115,-0.48,123,57.14%,61,71.40,144,70.14,105,70.67,117.0,70.67,112,72.50,151,35.05,96,35.10,114,71.00,142,69.30,43,72.50,152,70.00,106,69.00,39.0,54.32%,130,52.46%,43,29.30,55,2.98%,43,2.87,149,"36' 0""",132,-0.173-0.328,2026-09-01 05:56 UTC,DP World Tour
32618,Rhein Gibson,Australia,-1.029,142,-0.859,142,-0.739,149,-0.379,138,0.259,29,-0.170,107,228,126,208,133,309.7,83,58.25%,125,70.44%,95,80.88%,135,3.40,156,180.0,112.0,19.44%,154,15.00%,92,1.30,127,-0.38,115,25.00%,149,70.44,110,70.17,108,69.67,86.0,70.17,100,71.00,117,35.10,108,35.67,150,71.11,147,70.50,112,70.33,110,71.50,143,69.83,82.0,59.40%,74,46.55%,103,29.74,106,3.22%,64,2.40,96,"37' 6""",141,-0.739-0.379,2026-09-01 05:56 UTC,DP World Tour
34314,Sebastian Cappelen,Denmark,-1.140,143,-1.123,150,-0.827,153,0.049,80,-0.345,151,-0.016,84,276,148,292,161,299.5,133,49.37%,159,69.61%,115,81.23%,132,3.82,115,229.5,134.0,21.68%,124,16.78%,127,1.29,129,-0.77,142,33.33%,131,69.80,81,70.20,109,73.20,154.0,70.20,102,69.40,55,35.00,91,35.95,157,69.70,95,72.33,155,69.60,85,69.80,103,72.00,143.0,51.61%,152,31.15%,157,29.63,92,2.83%,29,2.63,121,"36' 10""",137,-0.8270.049,2026-09-01 05:56 UTC,DP World Tour
33408,Tyson Alexander,United States,-1.200,144,-0.623,132,-0.577,142,-0.328,130,0.282,25,-0.577,143,301,157,245,150,308.4,89,52.28%,156,66.45%,151,80.15%,143,3.81,119,156.0,100.0,21.79%,117,16.13%,118,1.35,116,-0.60,134,50.00%,75,71.18,136,70.67,126,69.17,66.0,72.80,152,69.83,78,35.25,121,35.05,103,70.36,122,70.22,100,71.17,133,69.40,82,70.17,99.0,57.01%,101,49.28%,74,28.98,28,2.35%,9,2.56,114,"38' 3""",147,-0.577-0.328,2026-09-01 05:56 UTC,DP World Tour
25834,Daniel Summerhays,United States,-1.205,145,-0.856,141,-1.052,159,-0.023,94,0.219,38,-0.349,129,252,139,222,141,295.5,150,63.64%,72,69.89%,111,80.95%,134,3.54,146,450.0,153.0,19.89%,149,17.44%,140,1.14,149,-0.90,145,42.86%,108,71.50,146,70.14,105,71.33,133.0,71.50,125,71.50,133,35.50,142,35.00,95,70.88,139,70.20,98,70.50,114,71.25,138,70.67,118.0,52.03%,151,32.76%,155,30.22,146,3.44%,79,2.70,133,"30' 9""",75,-1.052-0.023,2026-09-01 05:56 UTC,DP World Tour
60591,James Song,United States,-1.234,146,-1.386,155,-0.326,127,-0.764,154,-0.296,148,0.152,62,299,154,211,138,313.0,60,54.06%,151,60.09%,161,79.09%,152,3.47,151,,,19.30%,157,21.64%,160,0.89,160,-2.25,161,50.00%,75,73.57,161,70.75,129,74.00,157.0,75.00,160,72.50,151,36.13,158,36.27,161,72.43,161,72.38,156,71.75,142,73.33,157,71.00,127.0,52.75%,144,42.86%,114,29.39,66,3.65%,95,3.05,156,"33' 10""",111,-0.326-0.764,2026-09-01 05:56 UTC,DP World Tour
56149,Wilson Furr,United States,-1.236,147,-0.294,116,0.012,90,-0.280,124,-0.026,90,-0.942,155,163,82,125,43,315.4,42,62.69%,83,69.39%,120,82.09%,124,3.80,120,153.0,95.0,21.79%,117,18.41%,150,1.18,144,-1.07,151,50.00%,75,71.89,153,70.50,121,70.29,111.0,70.33,107,72.67,154,35.79,152,34.84,79,71.44,154,69.90,81,69.83,90,74.67,159,70.67,118.0,53.38%,137,51.72%,52,30.06,136,5.23%,152,3.00,154,"36' 3""",133,0.012-0.280,2026-09-01 05:56 UTC,DP World Tour
54328,Norman Xiong,United States,-1.242,148,-1.134,152,0.100,76,-0.865,156,-0.369,152,-0.108,100,210,111,157,79,317.5,33,58.42%,124,68.47%,131,78.40%,153,3.63,137,120.0,55.0,20.97%,136,17.22%,137,1.22,139,-0.61,136,40.00%,115,70.63,117,67.67,22,69.25,70.0,68.33,30,72.00,140,35.53,145,35.53,141,69.88,105,72.43,157,69.80,88,70.00,106,73.00,152.0,54.63%,126,58.11%,12,29.88,121,3.47%,83,2.78,143,"30' 8""",71,0.100-0.865,2026-09-01 05:56 UTC,DP World Tour
37459,Ryan Sullivan,United States,-1.282,149,-0.801,139,-0.672,146,-0.026,95,-0.103,116,-0.481,136,300,156,226,142,300.6,131,61.34%,95,64.14%,158,81.82%,128,3.57,144,198.0,119.0,20.33%,145,20.20%,156,1.01,155,-1.33,155,60.00%,52,72.40,157,69.67,91,72.00,147.0,73.00,153,71.00,117,35.41,137,35.65,148,71.10,145,71.00,131,70.00,92,71.57,145,70.00,87.0,55.28%,116,58.46%,11,29.45,71,5.56%,156,3.23,159,"29' 10""",58,-0.672-0.026,2026-09-01 05:56 UTC,DP World Tour
27942,Rob Oppenheim,United States,-1.307,150,-1.136,153,-0.916,156,-0.003,91,-0.217,134,-0.171,108,309,160,266,156,291.4,156,60.03%,110,65.84%,153,80.00%,145,3.54,146,243.0,136.0,20.06%,148,17.08%,135,1.17,146,-0.59,133,50.00%,75,70.45,111,70.33,116,69.29,72.0,70.80,115,70.17,90,35.38,131,35.24,123,70.55,130,70.70,119,70.00,92,71.20,136,70.14,98.0,59.94%,68,55.17%,25,29.19,47,4.12%,120,2.69,132,"30' 11""",77,-0.916-0.003,2026-09-01 05:56 UTC,DP World Tour
56555,Myles Creighton,Canada,-1.372,151,-0.459,121,-0.143,110,-0.074,104,-0.242,137,-0.913,154,105,41,153,69,305.1,113,66.11%,40,72.78%,36,86.03%,50,3.57,144,270.0,142.0,20.19%,147,15.19%,100,1.33,118,-0.29,111,50.00%,75,71.00,130,67.50,14,71.67,141.0,70.33,107,71.67,137,34.73,74,35.91,154,70.50,127,70.80,122,70.67,121,70.33,114,70.00,87.0,55.78%,114,40.63%,129,30.57,157,3.89%,105,2.30,75,"31' 3""",82,-0.143-0.074,2026-09-01 05:56 UTC,DP World Tour
35539,Luke Guthrie,United States,-1.631,152,-1.427,156,-1.381,161,0.283,45,-0.329,150,-0.204,114,299,154,250,152,300.8,130,58.61%,120,66.87%,147,79.47%,149,3.82,115,126.0,64.0,22.02%,111,18.06%,146,1.22,139,-1.22,153,33.33%,131,69.80,81,71.00,132,71.75,143.0,70.75,113,66.00,4,34.91,86,35.09,113,70.20,118,69.83,78,68.00,36,70.75,126,70.00,87.0,54.49%,127,33.33%,153,29.07,37,3.97%,108,2.82,144,"37' 5""",140,-1.3810.283,2026-09-01 05:56 UTC,DP World Tour
46113,Ryan McCormick,United States,-1.631,152,-1.361,154,-0.910,155,-0.619,152,0.167,53,-0.270,119,290,150,232,147,310.2,80,53.35%,152,67.24%,143,76.29%,158,3.69,131,104.4,33.0,21.46%,128,14.75%,84,1.45,98,-1.07,151,33.33%,131,73.00,160,68.33,49,68.33,29.0,74.00,158,72.50,151,35.64,149,34.82,74,71.33,151,69.40,50,69.00,64,76.00,161,69.33,54.0,62.57%,29,47.62%,94,28.93,24,3.45%,80,2.31,76,"38' 1""",144,-0.910-0.619,2026-09-01 05:56 UTC,DP World Tour
37212,Paul Barjon,France,-1.654,154,-1.890,160,0.462,25,-1.520,160,-0.832,160,0.236,52,199,101,131,45,324.5,8,58.49%,123,65.21%,154,80.13%,144,3.45,153,84.0,10.0,20.37%,144,20.37%,157,1.00,156,-1.47,156,50.00%,75,70.67,118,71.80,145,71.33,133.0,70.33,107,70.83,114,35.82,153,35.94,156,71.00,142,72.63,158,71.00,127,71.00,132,72.00,143.0,50.95%,154,27.27%,159,29.67,98,4.23%,124,3.21,158,"32' 11""",102,0.462-1.520,2026-09-01 05:56 UTC,DP World Tour
28475,Jeff Overton,United States,-1.676,155,-1.026,145,-0.792,152,-0.221,117,-0.014,83,-0.650,145,234,129,183,111,280.9,161,68.68%,22,69.25%,123,83.69%,101,3.23,158,193.5,118.0,18.48%,158,16.02%,110,1.15,147,-0.90,145,33.33%,131,69.88,87,72.80,157,73.67,156.0,68.33,30,70.80,110,34.93,89,35.00,95,69.13,65,70.86,126,69.40,78,68.67,55,71.00,127.0,58.82%,83,51.02%,62,29.98,135,3.49%,84,2.63,121,"22' 4""",6,-0.792-0.221,2026-09-01 05:56 UTC,DP World Tour
56320,Bryson Nimmer,United States,-1.841,156,-1.103,148,-0.412,134,-0.595,151,-0.095,112,-0.738,150,225,123,171,95,296.7,144,68.25%,27,68.55%,130,84.98%,73,3.63,137,112.0,42.0,21.03%,135,17.16%,136,1.23,137,-0.57,132,62.50%,45,69.80,81,71.83,147,71.40,135.0,68.80,46,70.80,110,35.37,128,35.05,103,71.22,149,69.70,68,68.75,58,73.20,155,69.40,58.0,55.84%,113,49.23%,75,29.55,84,3.57%,88,2.77,141,"25' 9""",17,-0.412-0.595,2026-09-01 05:56 UTC,DP World Tour
59211,Trey Winstead,United States,-1.890,157,-1.809,159,-1.248,160,-0.583,149,0.023,75,-0.081,94,313,161,271,157,296.7,144,58.10%,127,65.01%,156,78.31%,154,3.49,150,211.5,127.0,19.86%,151,20.57%,159,0.97,159,-1.61,158,.00%,157,71.64,148,70.67,126,73.33,155.0,73.17,156,69.80,75,36.21,159,35.32,128,71.73,156,71.25,141,71.20,134,72.17,151,67.50,12.0,50.68%,156,36.67%,150,29.77,109,4.02%,113,3.15,157,"42' 1""",159,-1.248-0.583,2026-09-01 05:56 UTC,DP World Tour
55623,Kaito Onishi,Japan,-1.892,158,-1.786,158,-1.044,158,-0.581,148,-0.161,127,-0.105,97,164,84,148,61,315.4,42,60.30%,106,70.20%,103,76.00%,160,4.06,80,,,22.56%,101,17.00%,133,1.33,118,-1.03,150,40.00%,115,72.17,155,70.33,116,70.67,117.0,72.25,145,72.00,140,34.91,86,35.00,95,69.33,76,70.60,115,65.50,4,71.25,138,70.00,87.0,56.50%,106,51.11%,60,30.15,143,5.56%,156,2.42,98,"35' 1""",122,-1.044-0.581,2026-09-01 05:56 UTC,DP World Tour
65460,Robbie Higgins,United States,-2.223,159,-0.772,137,0.002,95,-1.092,158,0.318,18,-1.451,160,257,141,179,105,320.9,19,49.36%,160,66.27%,152,77.74%,155,3.39,157,168.0,108.0,19.44%,154,19.84%,155,0.98,158,-1.94,159,33.33%,131,69.00,40,75.00,161,72.75,151.0,72.00,136,67.00,11,36.82,161,35.36,132,68.80,54,75.00,161,66.67,13,72.00,149,74.50,157.0,52.94%,141,51.28%,56,30.32,151,6.35%,161,2.82,144,"39' 7""",155,0.002-1.092,2026-09-01 05:56 UTC,DP World Tour
28420,Ryan Brehm,United States,-2.845,160,-1.477,157,0.437,30,-0.895,157,-1.019,161,-1.369,159,212,112,173,98,313.9,54,58.88%,119,69.62%,114,79.33%,150,3.50,149,96.0,22.0,20.49%,143,20.49%,158,1.00,156,-1.47,156,50.00%,75,71.86,150,70.50,121,71.00,124.0,71.00,118,72.20,148,35.50,142,36.07,159,72.00,159,71.14,136,70.60,120,75.50,160,70.40,110.0,45.71%,161,52.73%,41,30.47,156,5.38%,153,3.00,154,"38' 8""",149,0.437-0.895,2026-09-01 05:56 UTC,DP World Tour
63554,Dillon Stewart,United States,-4.441,161,-2.630,161,-0.602,143,-2.293,161,0.265,28,-1.811,161,259,143,175,99,318.1,29,56.12%,146,60.74%,160,76.16%,159,3.23,158,270.0,142.0,18.33%,159,22.78%,161,0.80,161,-2.22,160,.00%,157,72.86,159,73.00,158,73.00,152.0,71.80,135,75.50,161,36.29,160,36.21,160,71.86,158,73.14,160,72.00,143,71.80,148,72.20,147.0,50.94%,155,30.77%,158,29.87,118,4.44%,136,3.43,161,"31' 6""",86,-0.602-2.293,2026-09-01 05:56 UTC,DP World Tour
