player_id,player,country,SG_Total,SG_Total_Rank,SG_Tee_to_Green,SG_Tee_to_Green_Rank,SG_OTT,SG_OTT_Rank,SG_APP,SG_APP_Rank,SG_ARG,SG_ARG_Rank,SG_PUTT,SG_PUTT_Rank,Ball_Striking,Ball_Striking_Rank,Total_Driving,Total_Driving_Rank,Driving_Distance,Driving_Distance_Rank,Driving_Accuracy,Driving_Accuracy_Rank,GIR,GIR_Rank,Good_Drive_Percentage,Good_Drive_Percentage_Rank,Scoring_Average,Scoring_Average_Rank,Birdie_Average,Birdie_Average_Rank,Eagle_Average,Eagle_Average_Rank,Birdie_or_Better_Percentage,Birdie_or_Better_Percentage_Rank,Bogey_Avoidance,Bogey_Avoidance_Rank,Bounce_Back,Bounce_Back_Rank,Stroke_Differential_Field_Average,Stroke_Differential_Field_Average_Rank,Final_Round_Performance,Final_Round_Performance_Rank,Round_1_Scoring,Round_1_Scoring_Rank,Round_1_Scoring_Early,Round_1_Scoring_Early_Rank,Round_1_Scoring_Late,Round_1_Scoring_Late_Rank,Round_2_Scoring,Round_2_Scoring_Rank,Round_2_Scoring_Early,Round_2_Scoring_Early_Rank,Round_2_Scoring_Late,Round_2_Scoring_Late_Rank,Round_3_Scoring,Round_3_Scoring_Rank,Round_3_Scoring_Early,Round_3_Scoring_Early_Rank,Round_3_Scoring_Late,Round_3_Scoring_Late_Rank,Round_4_Scoring,Round_4_Scoring_Rank,Round_4_Scoring_Early,Round_4_Scoring_Early_Rank,Round_4_Scoring_Late,Round_4_Scoring_Late_Rank,Scrambling,Scrambling_Rank,Sand_Save_Percentage,Sand_Save_Percentage_Rank,Putts_Per_Round,Putts_Per_Round_Rank,Three_Putt_Avoidance,Three_Putt_Avoidance_Rank,Par_4_Scoring,Par_4_Scoring_Rank,Par_5_Scoring,Par_5_Scoring_Rank,SG_Ball_Striking_Calc,last_updated,tour
46046,Scottie Scheffler,United States,2.249,1,1.674,1,0.610,5,0.673,2,0.392,8,0.574,6,4,1,64,3,312.7,35,63.94%,29,72.86%,1,85.79%,3,68.619,1,4.82,1,140.4,42,27.49%,1,10.19%,1,2.70,1,+2.35,1,89.47%,1,69.30,26,68.67,28,69.00,51,69.30,37.0,,,33.70,2,33.90,2,67.90,3,67.30,1,67.67,9,68.25,29.0,67.22,4,66.40%,1,53.04%,58,28.27,13,1.64%,10,1.71,1,"23' 0""",24,0.6100.673,2026-08-31 14:53 UTC,PGA Tour
40098,Matt Fitzpatrick,England,1.359,2,1.198,3,0.098,67,0.605,8,0.494,2,0.161,53,32,9,95,15,306.3,75,66.42%,20,69.73%,17,82.92%,30,69.586,4,4.17,12,234.0,110,23.58%,15,12.96%,9,1.82,5,+1.28,3,55.00%,74,68.79,9,69.33,49,68.67,43,69.18,33.0,67.33,9.0,34.20,21,34.35,6,68.62,17,68.43,10,68.60,22,68.67,39.0,68.33,22,63.76%,21,51.54%,81,28.94,85,2.78%,90,2.18,15,"20' 0""",6,0.0980.605,2026-08-31 14:53 UTC,PGA Tour
28237,Rory McIlroy,Northern Ireland,1.341,3,1.098,6,0.737,2,0.374,31,-0.014,84,0.243,38,92,43,130,49,330.3,2,54.65%,128,68.62%,43,79.84%,96,69.342,2,4.31,7,138.9,40,24.69%,7,14.71%,59,1.68,21,+1.47,2,76.92%,5,70.00,52,69.50,54,69.20,63,70.00,58.0,,,33.79,3,34.50,11,68.80,25,68.00,4,68.25,17,71.00,111.0,68.00,16,59.34%,90,56.04%,33,28.93,84,2.67%,83,2.33,45,"25' 9""",62,0.7370.374,2026-08-31 14:53 UTC,PGA Tour
52955,Ludvig Åberg,Sweden,1.190,4,0.991,8,0.404,18,0.456,17,0.131,46,0.199,48,28,6,92,12,317.3,15,60.54%,77,69.74%,16,82.16%,46,69.766,12,4.34,5,190.3,92,24.62%,8,14.56%,50,1.69,19,+1.15,7,76.47%,7,69.22,20,69.29,48,69.75,88,68.50,12.0,75.00,138.0,33.90,4,34.95,46,70.00,84,68.08,6,70.80,109,68.67,39.0,67.80,15,58.56%,101,53.00%,60,28.88,80,2.25%,46,2.41,58,"28' 0""",91,0.4040.456,2026-08-31 14:53 UTC,PGA Tour
37455,Si Woo Kim,Republic of Korea,1.182,5,1.357,2,0.390,20,0.738,1,0.229,30,-0.174,109,72,28,120,34,302.2,112,68.60%,8,68.85%,38,83.94%,15,69.758,11,4.44,3,211.5,102,25.12%,4,12.94%,8,1.94,2,+1.22,5,60.87%,48,70.17,67,68.60,23,69.57,83,70.17,69.0,,,33.96,8,34.42,8,68.69,21,68.00,4,69.44,49,67.00,7.0,67.56,8,62.81%,34,55.19%,41,28.46,36,2.01%,23,2.06,4,"18' 9""",4,0.3900.738,2026-08-31 14:53 UTC,PGA Tour
30911,Tommy Fleetwood,England,1.176,6,1.111,5,0.326,28,0.292,43,0.493,3,0.065,69,92,43,109,23,304.8,95,67.83%,14,66.97%,69,83.04%,26,69.710,6,3.74,92,95.1,8,21.85%,77,12.69%,5,1.72,14,+1.21,6,77.78%,4,70.38,80,68.40,16,67.83,18,70.38,82.0,,,34.16,20,34.53,15,68.86,28,68.58,15,67.80,12,71.50,123.0,68.58,26,65.45%,4,57.02%,26,28.43,27,1.58%,7,2.16,12,"21' 2""",13,0.3260.292,2026-08-31 14:53 UTC,PGA Tour
51766,Wyndham Clark,United States,1.147,7,0.764,21,0.027,82,0.431,21,0.305,14,0.384,24,153,75,136,59,313.3,28,57.66%,108,66.17%,94,78.71%,116,69.750,9,4.44,3,117.0,18,25.50%,2,14.25%,35,1.79,8,+1.10,12,50.00%,84,68.77,7,65.50,1,70.86,123,69.10,30.0,67.67,16.0,34.36,29,34.09,4,68.31,6,68.67,17,67.60,8,70.67,104.0,68.67,28,63.16%,28,52.94%,62,27.87,3,2.28%,51,2.24,28,"33' 11""",140,0.0270.431,2026-08-31 14:53 UTC,PGA Tour
59095,Chris Gotterup,United States,1.144,8,0.845,15,0.570,11,0.235,53,0.039,64,0.299,32,96,49,138,61,322.9,8,54.49%,130,68.94%,35,78.78%,115,69.689,5,4.10,19,144.0,44,23.48%,18,13.83%,26,1.70,16,+1.15,7,57.14%,57,68.87,12,73.00,146,66.00,3,68.93,18.0,68.00,19.0,34.43,37,35.22,88,69.50,58,69.89,58,69.44,49,69.60,63.0,70.00,68,61.79%,52,58.91%,19,28.70,62,2.34%,55,2.32,42,"27' 6""",80,0.5700.235,2026-08-31 14:53 UTC,PGA Tour
50525,Collin Morikawa,United States,1.094,9,0.988,10,0.367,22,0.664,4,-0.043,93,0.106,62,37,10,87,11,306.3,75,68.20%,12,69.44%,26,83.86%,16,69.484,3,4.45,2,223.2,105,25.18%,3,14.78%,61,1.70,16,+1.23,4,73.33%,13,69.78,48,69.00,34,71.00,124,69.43,42.0,71.00,90.0,34.06,12,34.25,5,69.13,38,67.50,2,68.67,25,70.50,98.0,67.50,6,56.89%,124,62.37%,9,28.81,76,1.88%,20,2.52,86,"17' 5""",2,0.3670.664,2026-08-31 14:53 UTC,PGA Tour
35450,Patrick Cantlay,United States,1.010,10,1.162,4,0.295,33,0.672,3,0.194,33,-0.151,105,82,38,132,54,308.0,60,60.88%,72,69.14%,28,82.31%,40,69.816,16,3.94,49,144.0,44,22.61%,41,13.04%,10,1.73,13,+1.08,14,68.75%,21,69.27,23,70.17,87,68.33,32,70.13,67.0,67.00,7.0,34.65,51,34.60,22,68.50,14,70.38,90,68.22,16,69.33,58.0,70.00,68,64.00%,17,64.29%,4,28.79,74,2.47%,65,2.19,16,"25' 0""",49,0.2950.672,2026-08-31 14:53 UTC,PGA Tour
48081,Xander Schauffele,United States,1.008,11,0.839,17,0.557,12,0.315,40,-0.033,89,0.169,52,42,11,69,6,320.0,10,61.25%,59,68.93%,36,81.87%,54,69.737,8,3.88,59,228.0,108,22.00%,68,13.23%,13,1.66,23,+1.11,11,55.56%,67,69.45,35,69.50,54,68.00,19,69.45,44.0,,,34.25,23,35.05,60,68.64,18,70.11,75,68.71,30,68.50,34.0,70.25,86,64.71%,10,55.56%,37,29.05,94,2.78%,90,2.25,30,"23' 1""",26,0.5570.315,2026-08-31 14:53 UTC,PGA Tour
52375,Doug Ghim,United States,0.943,12,0.991,8,0.588,9,0.134,72,0.269,22,-0.047,90,26,4,108,21,306.3,75,63.45%,33,70.81%,5,83.19%,23,70.037,21,4.02,33,132.8,33,23.07%,31,12.52%,3,1.84,4,+0.81,21,46.15%,102,68.11,1,69.50,54,67.00,8,67.40,3.0,69.00,34.0,34.06,12,34.35,6,68.40,11,68.43,10,69.25,42,67.83,17.0,66.00,1,64.19%,14,57.53%,25,29.08,100,2.73%,86,2.07,6,"26' 7""",72,0.5880.134,2026-08-31 14:53 UTC,PGA Tour
47504,Sam Burns,United States,0.939,13,0.312,55,0.110,65,0.337,35,-0.135,116,0.627,4,76,32,127,43,314.9,19,57.66%,108,68.99%,33,78.81%,114,69.718,7,4.19,11,148.0,53,23.95%,12,13.51%,16,1.77,9,+1.15,7,58.82%,55,70.09,60,68.00,8,69.50,80,69.00,19.0,75.00,138.0,34.40,32,34.70,28,68.11,4,69.91,66,68.25,17,67.00,7.0,70.56,97,61.50%,56,55.10%,42,28.64,57,1.80%,13,2.15,10,"25' 11""",65,0.1100.337,2026-08-31 14:53 UTC,PGA Tour
57366,Cameron Young,United States,0.933,14,1.092,7,0.547,14,0.353,32,0.191,36,-0.159,107,58,17,79,7,318.3,14,61.07%,65,68.40%,51,82.19%,45,69.754,10,4.09,21,180.0,78,23.26%,24,13.40%,15,1.74,11,+1.14,10,60.00%,50,69.00,13,70.56,106,71.00,124,69.11,31.0,68.00,19.0,34.10,15,33.80,1,67.00,1,68.80,22,66.25,1,67.50,13.0,68.67,28,65.05%,6,52.27%,68,28.64,57,2.99%,112,2.20,18,"25' 0""",49,0.5470.353,2026-08-31 14:53 UTC,PGA Tour
60004,Jacob Bridgeman,United States,0.932,15,0.239,64,0.077,77,0.258,50,-0.097,108,0.693,1,128,66,123,40,306.1,82,62.50%,41,66.30%,88,80.65%,80,69.982,20,4.27,8,270.0,124,24.07%,10,13.83%,26,1.74,11,+0.91,16,63.64%,36,69.54,38,72.33,144,69.25,66,69.73,54.0,68.50,26.0,34.13,18,34.65,26,69.15,40,68.30,8,69.50,52,68.00,19.0,67.57,9,62.45%,40,43.56%,127,27.99,5,1.36%,3,2.20,18,"22' 10""",23,0.0770.258,2026-08-31 14:53 UTC,PGA Tour
34098,Russell Henley,United States,0.895,16,0.414,46,0.288,35,0.192,58,-0.067,98,0.481,13,120,62,141,62,295.3,140,72.59%,1,67.79%,58,84.93%,5,69.797,13,4.08,24,333.0,142,22.97%,34,12.61%,4,1.82,5,+1.09,13,88.24%,2,70.09,60,70.00,72,66.25,4,70.09,66.0,,,34.90,83,34.75,32,69.36,49,70.00,68,68.83,32,70.00,74.0,70.00,68,65.73%,3,55.56%,37,28.31,16,2.03%,27,2.05,3,"16' 11""",1,0.2880.192,2026-08-31 14:53 UTC,PGA Tour
46442,Maverick McNealy,United States,0.862,17,0.277,58,0.098,67,-0.127,110,0.306,13,0.585,5,178,91,154,80,312.4,36,56.70%,118,65.97%,98,80.72%,77,70.123,24,4.05,29,120.0,22,23.33%,20,14.65%,54,1.59,33,+0.90,18,52.63%,83,70.38,80,69.33,49,67.75,16,70.38,82.0,,,34.62,50,35.05,60,68.88,29,70.15,78,70.00,72,67.00,7.0,70.89,114,63.88%,18,63.64%,5,28.44,28,2.85%,101,2.39,54,"25' 8""",60,0.098-0.127,2026-08-31 14:53 UTC,PGA Tour
47420,Jake Knapp,United States,0.835,18,0.482,41,0.204,50,0.436,20,-0.159,123,0.353,28,116,60,117,31,318.5,13,57.94%,104,66.38%,85,79.66%,100,69.815,15,4.16,14,61.4,2,24.71%,6,14.85%,64,1.66,23,+0.95,15,66.67%,24,69.25,22,70.00,72,71.50,137,69.33,38.0,69.00,34.0,34.65,51,34.88,41,70.25,97,68.89,25,71.00,111,69.00,51.0,69.00,36,61.25%,62,51.76%,76,28.34,17,1.92%,21,2.43,65,"26' 10""",74,0.2040.436,2026-08-31 14:53 UTC,PGA Tour
55182,Tom Kim,Republic of Korea,0.827,19,0.813,18,-0.016,92,0.653,5,0.175,39,0.014,81,66,22,121,36,304.7,96,64.95%,25,69.11%,30,84.55%,7,69.804,14,4.08,24,252.0,116,23.08%,29,12.76%,6,1.81,7,+0.82,20,65.00%,30,70.00,52,69.20,43,68.43,37,71.14,109.0,67.33,9.0,33.95,7,34.59,20,69.27,45,67.82,3,70.33,89,68.00,19.0,67.67,12,64.88%,7,53.15%,57,28.58,48,2.25%,46,2.06,4,"24' 8""",45,-0.0160.653,2026-08-31 14:53 UTC,PGA Tour
59018,Ryan Gerard,United States,0.805,20,0.442,43,0.258,45,0.334,37,-0.150,119,0.362,27,76,32,94,14,308.1,58,62.95%,36,67.27%,62,82.54%,34,69.920,18,4.17,12,184.0,84,23.73%,13,14.55%,49,1.63,26,+0.91,16,59.09%,54,70.69,101,69.20,43,69.00,51,70.89,99.0,70.25,70.0,33.92,6,34.76,34,68.54,15,68.83,24,67.75,10,69.80,70.0,68.56,25,60.15%,78,53.74%,53,28.45,34,1.93%,22,2.42,62,"21' 1""",11,0.2580.334,2026-08-31 14:53 UTC,PGA Tour
35461,Beau Hossler,United States,0.798,21,0.227,66,0.177,57,-0.155,114,0.205,32,0.571,7,115,58,151,74,302.9,106,62.26%,45,68.67%,41,82.13%,47,70.254,38,3.95,45,183.0,81,22.50%,43,11.84%,2,1.90,3,+0.63,33,41.67%,118,69.29,25,67.33,3,68.00,19,69.00,19.0,69.67,51.0,35.11,100,34.72,30,70.88,122,69.00,28,69.75,64,72.00,129.0,68.75,31,65.99%,2,55.06%,44,28.36,18,1.28%,2,1.95,2,"30' 5""",123,0.177-0.155,2026-08-31 14:53 UTC,PGA Tour
32839,Hideki Matsuyama,Japan,0.759,22,0.772,19,-0.051,97,0.430,22,0.392,8,-0.013,86,168,86,149,71,304.1,98,61.72%,51,66.06%,97,78.92%,113,69.978,19,4.08,24,207.0,100,23.13%,28,14.49%,44,1.60,30,+0.89,19,60.87%,48,68.58,5,69.88,71,68.67,43,69.00,19.0,64.00,1.0,34.74,64,34.78,35,70.23,96,68.60,16,72.00,137,69.44,60.0,68.60,27,64.41%,12,58.71%,21,28.42,26,2.72%,85,2.42,62,"28' 2""",97,-0.0510.430,2026-08-31 14:53 UTC,PGA Tour
46717,Viktor Hovland,Norway,0.759,22,0.571,31,0.019,86,0.426,23,0.125,49,0.188,49,113,57,106,20,306.1,82,65.22%,24,66.18%,93,82.13%,47,70.102,23,4.26,9,306.0,136,24.02%,11,15.20%,76,1.58,38,+0.75,23,53.33%,78,71.50,130,68.33,14,68.80,49,70.86,98.0,76.00,140.0,34.26,24,35.05,60,68.38,8,70.00,68,67.20,4,70.33,93.0,70.00,68,61.11%,66,48.65%,98,28.26,12,2.45%,63,2.47,77,"25' 3""",53,0.0190.426,2026-08-31 14:53 UTC,PGA Tour
45522,Christiaan Bezuidenhout,South Africa,0.750,24,0.295,56,-0.320,128,0.398,26,0.217,31,0.455,14,171,87,183,115,294.0,144,62.74%,39,68.09%,56,81.61%,61,70.196,29,3.96,40,333.0,142,22.30%,50,12.76%,6,1.75,10,+0.73,24,72.22%,14,69.22,20,69.50,54,69.67,86,69.00,19.0,69.25,43.0,34.45,39,34.95,46,69.13,38,69.58,43,69.29,43,68.00,19.0,67.25,5,64.71%,10,62.89%,7,28.39,23,1.58%,7,2.20,18,"27' 2""",77,-0.3200.398,2026-08-31 14:53 UTC,PGA Tour
37378,Min Woo Lee,Australia,0.729,25,0.653,24,0.360,26,0.051,82,0.242,28,0.075,67,127,65,99,18,323.2,6,58.75%,93,65.32%,109,79.26%,109,70.251,37,4.05,29,148.0,53,23.20%,25,14.94%,68,1.55,42,+0.61,35,58.82%,55,71.33,125,68.50,19,65.00,1,71.00,100.0,74.00,136.0,34.75,66,35.50,115,70.44,103,70.09,73,72.67,143,66.00,3.0,70.78,111,62.55%,38,59.02%,18,28.51,40,2.78%,90,2.41,58,"27' 7""",83,0.3600.051,2026-08-31 14:53 UTC,PGA Tour
48117,Kurt Kitayama,United States,0.720,26,0.840,16,0.318,30,0.608,7,-0.087,104,-0.120,101,29,7,95,15,314.7,22,60.75%,73,69.96%,14,83.06%,25,70.226,34,3.93,51,208.3,101,22.29%,51,14.06%,31,1.59,33,+0.64,31,73.68%,12,70.80,107,68.90,33,71.00,124,70.44,86.0,74.00,136.0,34.52,46,35.00,52,68.55,16,70.60,108,68.63,23,68.33,31.0,72.00,134,60.96%,67,58.33%,23,29.30,114,2.54%,70,2.22,23,"27' 9""",88,0.3180.608,2026-08-31 14:53 UTC,PGA Tour
52453,Nicolai Højgaard,Denmark,0.691,27,0.592,29,0.253,46,0.225,56,0.113,51,0.099,64,175,90,147,68,325.1,4,52.64%,143,65.39%,107,75.58%,147,70.168,27,3.68,107,88.8,5,21.55%,88,15.39%,81,1.40,79,+0.65,28,75.00%,9,72.00,141,69.75,69,68.40,35,72.70,138.0,68.50,26.0,35.38,128,35.14,73,71.92,145,68.67,17,71.67,130,72.67,140.0,67.57,9,60.52%,74,50.00%,89,28.66,61,2.10%,34,2.46,75,"34' 3""",143,0.2530.225,2026-08-31 14:53 UTC,PGA Tour
33448,Justin Thomas,United States,0.673,28,0.688,22,0.176,58,-0.115,107,0.627,1,-0.015,87,162,81,110,27,311.3,44,61.03%,66,63.55%,135,77.86%,126,70.138,25,3.77,82,198.0,96,21.46%,92,16.33%,102,1.31,102,+0.59,38,50.00%,84,71.29,123,70.71,115,67.67,14,71.29,113.0,,,34.88,81,35.18,80,70.57,107,69.70,52,76.50,151,68.20,26.0,69.70,59,59.82%,86,60.17%,15,28.62,54,2.27%,50,2.68,120,"25' 0""",49,0.176-0.115,2026-08-31 14:53 UTC,PGA Tour
48887,Matt Wallace,England,0.666,29,0.654,23,0.021,85,0.443,18,0.190,37,0.012,83,188,97,174,111,306.6,73,57.97%,101,66.67%,77,80.43%,84,70.318,44,3.76,86,81.7,3,22.13%,61,15.25%,77,1.45,66,+0.53,41,53.85%,76,69.71,45,73.00,146,68.40,35,70.33,77.0,69.25,43.0,34.41,33,35.18,80,68.38,8,70.67,110,68.67,25,67.50,13.0,71.17,120,63.56%,24,56.16%,32,28.83,79,3.39%,138,2.56,93,"28' 6""",101,0.0210.443,2026-08-31 14:53 UTC,PGA Tour
55721,Alex Fitzpatrick,England,0.644,30,0.870,13,0.367,22,0.507,16,-0.005,82,-0.226,114,46,14,47,1,314.9,19,64.33%,28,68.56%,45,83.96%,14,69.875,17,3.68,107,225.0,106,20.89%,111,14.56%,50,1.44,70,+0.53,41,69.23%,20,70.80,107,68.80,29,68.00,19,70.80,94.0,,,33.46,1,35.46,113,69.33,46,68.57,14,69.75,64,68.50,34.0,68.33,22,61.84%,49,53.76%,52,29.54,133,3.00%,113,2.28,33,"22' 1""",18,0.3670.507,2026-08-31 14:53 UTC,PGA Tour
56630,Akshay Bhatia,United States,0.644,30,0.161,71,-0.406,135,0.324,38,0.243,27,0.483,12,263,138,221,140,304.1,98,56.14%,123,64.55%,123,77.34%,132,70.437,49,4.06,28,182.6,80,23.08%,29,15.34%,79,1.51,51,+0.49,44,64.29%,34,69.45,35,69.63,65,69.50,80,69.75,55.0,68.67,31.0,34.48,41,35.19,83,67.73,2,71.80,142,67.33,5,68.20,26.0,71.80,132,61.15%,65,65.41%,1,28.04,6,2.19%,39,2.45,74,"26' 4""",70,-0.4060.324,2026-08-31 14:53 UTC,PGA Tour
39546,Keith Mitchell,United States,0.641,32,0.771,20,0.646,4,0.184,61,-0.059,97,-0.129,103,69,25,128,47,315.3,17,57.43%,111,69.58%,22,81.56%,63,70.229,35,4.24,10,184.5,85,24.12%,9,14.77%,60,1.63,26,+0.64,31,65.00%,30,70.08,59,69.00,34,69.29,70,69.56,48.0,71.67,110.0,34.32,26,34.55,16,68.91,30,68.82,23,68.67,25,69.20,57.0,69.67,56,60.36%,76,56.59%,29,28.94,85,2.98%,110,2.40,56,"28' 8""",104,0.6460.184,2026-08-31 14:53 UTC,PGA Tour
59143,Mac Meissner,United States,0.637,33,0.395,48,-0.001,89,0.138,71,0.259,23,0.242,39,203,105,184,117,305.0,93,58.92%,91,66.34%,86,80.78%,74,70.201,31,4.07,27,153.0,58,23.28%,23,13.73%,21,1.70,16,+0.66,27,46.67%,100,69.56,40,70.00,72,70.00,97,69.00,19.0,70.25,70.0,34.20,21,35.10,68,69.50,58,69.10,30,70.00,72,68.75,46.0,68.00,16,63.11%,29,46.07%,116,28.15,9,2.04%,29,2.24,28,"28' 6""",101,-0.0010.138,2026-08-31 14:53 UTC,PGA Tour
52215,Robert MacIntyre,Scotland,0.635,34,0.146,76,0.316,31,-0.181,116,0.011,71,0.489,11,174,89,153,79,306.0,85,60.99%,68,66.15%,95,80.73%,76,70.148,26,4.11,17,192.9,93,23.33%,20,15.04%,71,1.55,42,+0.65,28,52.94%,81,70.90,113,70.17,87,69.00,51,71.50,121.0,68.50,26.0,34.50,42,35.45,112,70.91,124,68.78,21,71.57,126,69.75,68.0,68.78,33,60.61%,72,46.61%,113,28.36,18,2.22%,41,2.41,58,"25' 10""",63,0.316-0.181,2026-08-31 14:53 UTC,PGA Tour
36689,Brooks Koepka,United States,0.633,35,0.868,14,0.232,47,0.531,12,0.105,53,-0.235,115,78,34,146,67,315.3,17,54.53%,129,70.15%,11,82.24%,42,70.038,22,3.96,40,153.0,58,22.66%,40,15.58%,83,1.45,66,+0.79,22,50.00%,84,71.67,135,71.33,124,68.00,19,71.67,125.0,,,35.60,139,34.07,3,68.67,20,70.33,85,70.00,72,68.00,19.0,69.67,56,55.11%,138,43.53%,128,29.61,137,3.49%,142,2.43,65,"29' 5""",114,0.2320.531,2026-08-31 14:53 UTC,PGA Tour
46340,Alex Smalley,United States,0.632,36,0.509,38,0.083,75,0.394,28,0.031,65,0.123,60,61,21,129,48,308.1,58,60.89%,71,69.97%,13,82.21%,44,70.198,30,3.90,57,189.0,90,22.22%,52,14.15%,33,1.57,41,+0.57,40,70.00%,17,69.50,37,69.56,62,69.75,88,68.67,14.0,70.75,85.0,34.09,14,35.30,94,69.10,36,69.62,47,70.60,101,67.60,15.0,69.70,59,59.69%,87,53.45%,55,29.05,94,2.58%,75,2.29,34,"25' 5""",57,0.0830.394,2026-08-31 14:53 UTC,PGA Tour
39324,J.J. Spaun,United States,0.628,37,0.976,11,0.263,41,0.545,11,0.169,41,-0.349,132,93,47,120,34,305.3,90,63.88%,30,67.72%,59,82.83%,32,70.260,39,3.93,51,166.5,69,22.45%,45,16.22%,99,1.38,85,+0.60,36,53.33%,78,69.00,13,72.00,133,70.33,111,69.00,19.0,69.00,34.0,35.09,97,35.36,102,69.83,78,71.20,127,69.43,46,70.40,96.0,71.29,122,56.98%,123,47.58%,108,28.97,89,3.00%,113,2.73,126,"23' 2""",27,0.2630.545,2026-08-31 14:53 UTC,PGA Tour
33204,Shane Lowry,Ireland,0.595,38,0.523,37,0.204,50,0.398,26,-0.080,103,0.072,68,146,71,159,92,302.5,109,61.99%,50,68.24%,54,82.55%,33,70.220,33,3.75,87,98.2,9,21.85%,77,14.81%,63,1.48,60,+0.65,28,53.85%,76,70.25,70,70.33,94,70.00,97,69.86,57.0,73.00,128.0,34.41,33,35.88,139,71.88,144,68.89,25,71.40,123,72.67,140.0,68.88,34,58.89%,97,50.00%,89,29.02,92,2.41%,61,2.35,48,"28' 1""",94,0.2040.398,2026-08-31 14:53 UTC,PGA Tour
52686,Rasmus Højgaard,Denmark,0.588,39,0.158,72,0.269,39,-0.036,96,-0.075,100,0.429,17,132,68,158,90,323.0,7,50.12%,151,68.64%,42,77.78%,127,70.673,76,3.77,82,85.8,4,22.13%,61,16.85%,129,1.31,102,+0.20,79,61.54%,45,69.33,27,71.50,127,71.40,134,67.00,1.0,70.00,64.0,34.72,62,35.56,120,70.67,110,69.89,58,70.14,83,72.50,138.0,69.71,61,54.57%,142,43.18%,130,29.47,129,3.14%,124,2.77,135,"38' 11""",150,0.269-0.036,2026-08-31 14:53 UTC,PGA Tour
58168,Davis Thompson,United States,0.577,40,0.900,12,0.267,40,0.635,6,-0.001,78,-0.324,128,43,12,121,36,307.9,61,61.17%,60,70.43%,7,81.27%,66,70.249,36,3.80,74,146.3,49,21.79%,80,13.08%,11,1.67,22,+0.67,26,57.14%,57,70.50,85,68.13,11,68.00,19,70.50,87.0,70.50,75.0,35.16,108,35.05,60,70.78,119,69.70,52,70.00,72,72.33,136.0,68.00,16,62.14%,45,58.14%,24,29.17,104,2.22%,41,2.23,25,"28' 10""",108,0.2670.635,2026-08-31 14:53 UTC,PGA Tour
24502,Adam Scott,Australia,0.556,41,0.651,25,0.217,49,0.523,14,-0.090,105,-0.094,96,59,18,118,33,313.1,29,59.00%,89,69.44%,26,79.79%,97,70.207,32,3.86,65,144.0,44,22.15%,60,14.51%,46,1.53,47,+0.68,25,76.47%,7,69.44,33,70.43,100,70.67,120,70.29,75.0,66.50,6.0,34.11,17,36.11,149,70.56,106,69.90,63,70.17,84,71.33,122.0,69.33,43,61.36%,60,51.89%,72,29.35,117,3.24%,129,2.40,56,"28' 4""",100,0.2170.523,2026-08-31 14:53 UTC,PGA Tour
32102,Rickie Fowler,United States,0.496,42,0.240,63,0.178,56,0.231,54,-0.170,125,0.257,34,70,26,109,23,306.3,75,63.35%,34,68.54%,47,83.16%,24,70.320,45,3.96,40,148.0,53,22.67%,38,13.66%,20,1.66,23,+0.60,36,62.50%,41,69.27,23,71.20,122,68.80,49,69.60,49.0,66.00,4.0,34.76,68,35.14,73,68.33,7,72.00,145,67.86,13,69.00,51.0,71.75,130,60.86%,69,45.45%,122,28.72,67,1.80%,13,2.09,7,"25' 11""",65,0.1780.231,2026-08-31 14:53 UTC,PGA Tour
54591,Ben Griffin,United States,0.495,43,0.289,57,-0.065,100,-0.045,97,0.399,6,0.206,45,152,74,145,66,306.3,75,60.94%,70,66.34%,86,82.33%,39,70.277,40,3.61,118,168.0,71,20.63%,119,13.82%,25,1.49,57,+0.51,43,63.16%,39,70.00,52,69.25,47,68.25,29,70.80,94.0,66.00,4.0,35.21,111,35.00,52,72.18,148,68.54,13,73.00,146,71.50,123.0,68.45,24,63.85%,19,65.03%,3,28.62,54,2.05%,31,2.30,37,"29' 9""",118,-0.065-0.045,2026-08-31 14:53 UTC,PGA Tour
60386,Sudarshan Yellamaraju,Canada,0.492,44,0.457,42,0.276,37,0.192,58,-0.011,83,0.035,75,97,50,85,9,313.7,27,61.32%,58,66.30%,88,80.19%,89,70.511,55,3.91,54,135.0,36,22.44%,46,14.52%,47,1.55,42,+0.48,47,50.00%,84,72.08,142,70.50,103,69.88,96,72.63,135.0,71.00,90.0,33.91,5,35.00,52,69.08,34,68.67,17,67.75,10,71.20,119.0,68.75,31,61.76%,53,54.70%,49,28.60,49,2.22%,41,2.23,25,"26' 9""",73,0.2760.192,2026-08-31 14:53 UTC,PGA Tour
27349,Alex Noren,Sweden,0.489,45,-0.143,105,-0.115,108,-0.112,106,0.083,57,0.632,3,196,100,161,96,297.0,134,64.41%,27,65.93%,100,80.43%,84,70.554,64,3.72,97,225.0,106,21.11%,106,14.59%,52,1.45,66,+0.49,44,43.75%,114,71.09,118,72.00,133,70.50,114,71.78,127.0,68.00,19.0,35.00,92,35.24,90,69.73,70,70.80,117,69.63,57,70.00,74.0,70.75,106,62.39%,41,56.00%,34,28.80,75,2.07%,33,2.47,77,"23' 5""",30,-0.115-0.112,2026-08-31 14:53 UTC,PGA Tour
48001,Zach Bauchou,United States,0.473,46,0.264,61,-0.073,103,0.260,48,0.077,60,0.208,44,182,94,203,133,302.5,109,58.73%,94,68.49%,49,79.57%,105,70.478,52,4.10,19,140.0,41,23.49%,17,13.73%,21,1.71,15,+0.58,39,62.50%,41,68.83,11,68.50,19,69.83,92,69.50,45.0,67.50,14.0,34.70,60,34.95,46,69.09,35,70.33,85,71.00,111,68.00,19.0,70.33,89,62.22%,43,41.30%,139,28.64,57,2.30%,54,2.30,37,"30' 5""",123,-0.0730.260,2026-08-31 14:53 UTC,PGA Tour
34046,Jordan Spieth,United States,0.467,47,0.233,65,0.089,73,0.145,70,-0.001,78,0.234,40,154,76,151,74,310.8,48,57.95%,103,66.53%,80,81.04%,72,70.530,56,3.87,63,246.0,113,21.88%,76,14.36%,42,1.52,50,+0.42,50,63.16%,39,70.31,74,68.60,23,68.75,46,70.08,65.0,73.00,128.0,35.32,123,35.00,52,68.85,27,72.44,149,70.00,72,68.13,25.0,72.44,141,62.55%,38,45.71%,119,28.71,63,2.51%,69,2.20,18,"25' 6""",58,0.0890.145,2026-08-31 14:53 UTC,PGA Tour
46414,Aaron Rai,England,0.463,48,0.525,36,0.077,77,0.385,29,0.063,61,-0.062,92,92,43,147,68,293.3,145,71.30%,2,69.53%,24,85.26%,4,70.307,42,3.56,126,186.0,88,20.34%,127,15.59%,84,1.30,109,+0.37,57,57.14%,57,71.38,126,68.60,23,69.20,63,71.17,111.0,72.00,113.0,34.50,42,35.50,115,70.13,91,69.90,63,69.57,53,74.00,147.0,69.29,42,57.06%,121,47.56%,109,29.68,141,3.41%,139,2.58,99,"18' 1""",3,0.0770.385,2026-08-31 14:53 UTC,PGA Tour
33141,Keegan Bradley,United States,0.459,49,0.548,34,0.140,61,0.149,67,0.259,23,-0.089,95,102,53,109,23,311.6,40,60.96%,69,66.59%,79,80.75%,75,70.556,65,3.82,71,99.7,10,22.22%,52,16.98%,135,1.31,102,+0.41,54,68.75%,21,69.73,47,71.60,130,68.25,29,69.00,19.0,73.00,128.0,35.05,96,35.10,68,70.36,100,69.89,58,70.00,72,71.00,111.0,69.86,64,57.27%,118,52.46%,66,29.21,109,2.93%,104,2.76,134,"27' 4""",78,0.1400.149,2026-08-31 14:53 UTC,PGA Tour
61522,Michael Brennan,United States,0.439,50,0.405,47,0.683,3,0.260,48,-0.538,149,0.035,75,70,26,95,15,327.1,3,58.90%,92,68.17%,55,81.75%,57,70.188,28,4.09,21,117.7,20,23.59%,14,16.67%,116,1.42,76,+0.49,44,36.84%,128,70.60,93,68.17,12,70.00,97,71.00,100.0,69.67,51.0,34.83,77,34.57,18,69.00,31,69.75,55,69.33,44,68.60,37.0,67.67,12,55.44%,137,41.59%,136,29.20,108,3.20%,127,2.68,120,"26' 5""",71,0.6830.260,2026-08-31 14:53 UTC,PGA Tour
31323,Gary Woodland,United States,0.436,51,0.435,44,0.590,8,0.172,63,-0.327,144,0.001,85,81,37,84,8,322.2,9,60.61%,75,66.81%,73,81.18%,71,70.545,60,3.88,59,195.4,95,22.08%,64,15.06%,72,1.47,63,+0.27,66,56.25%,65,68.45,4,69.00,34,72.00,142,68.88,17.0,67.33,9.0,35.59,138,34.91,43,70.55,105,70.45,99,71.00,111,70.17,87.0,69.75,62,60.13%,79,44.23%,126,29.05,94,3.07%,119,2.21,22,"27' 7""",83,0.5900.172,2026-08-31 14:53 UTC,PGA Tour
34099,Harris English,United States,0.431,52,0.041,89,0.221,48,-0.349,131,0.169,41,0.390,23,111,55,122,39,307.3,68,61.65%,54,66.82%,72,81.42%,64,70.547,62,4.01,34,266.4,123,22.67%,38,14.86%,66,1.53,47,+0.48,47,62.50%,41,70.63,95,70.00,72,74.00,149,71.14,109.0,67.00,7.0,34.29,25,35.19,83,68.38,8,70.15,78,70.00,72,65.67,2.0,70.33,89,62.67%,35,53.00%,60,28.57,46,2.63%,79,2.38,53,"24' 1""",37,0.221-0.349,2026-08-31 14:53 UTC,PGA Tour
22405,Justin Rose,England,0.402,53,0.383,50,-0.089,105,0.525,13,-0.054,96,0.019,79,80,35,127,43,310.9,47,60.32%,80,68.87%,37,81.22%,68,70.385,47,3.95,45,189.0,90,22.49%,44,15.17%,75,1.48,60,+0.63,33,76.92%,5,69.56,40,71.00,119,70.50,114,70.67,91.0,67.33,9.0,34.67,54,35.22,88,68.18,5,72.57,150,68.25,17,68.00,19.0,72.57,143,57.22%,119,51.24%,85,29.16,102,2.56%,74,2.48,80,"25' 10""",63,-0.0890.525,2026-08-31 14:53 UTC,PGA Tour
51287,Ryo Hisatsune,Japan,0.387,54,0.550,32,0.295,33,0.290,44,-0.036,91,-0.163,108,30,8,108,21,306.9,70,62.76%,38,70.37%,9,82.85%,31,70.552,63,3.86,65,132.9,34,22.22%,52,15.16%,74,1.47,63,+0.41,54,34.78%,132,69.40,31,68.60,23,69.40,75,69.22,35.0,71.00,90.0,34.68,56,34.80,37,69.25,44,69.69,51,69.83,70,68.67,39.0,70.22,85,56.64%,128,48.18%,101,29.54,133,2.84%,100,2.49,81,"23' 2""",27,0.2950.290,2026-08-31 14:53 UTC,PGA Tour
47591,Eric Cole,United States,0.387,54,-0.110,103,-0.454,142,-0.025,94,0.369,12,0.497,10,278,146,242,147,303.0,105,53.60%,137,63.82%,131,76.32%,143,70.333,46,4.09,21,205.7,99,23.19%,26,14.93%,67,1.55,42,+0.47,49,50.00%,84,69.09,16,68.88,32,70.25,110,68.83,16.0,69.40,47.0,34.00,9,35.43,110,69.33,46,69.55,39,68.25,17,71.50,123.0,68.00,16,61.42%,58,61.83%,10,27.75,1,1.18%,1,2.44,70,"28' 11""",110,-0.454-0.025,2026-08-31 14:53 UTC,PGA Tour
45242,Kevin Yu,Chinese Taipei,0.369,56,0.493,39,0.324,29,0.086,78,0.083,57,-0.124,102,80,35,134,55,310.2,53,60.28%,81,69.49%,25,81.72%,58,70.642,73,4.34,5,109.8,15,25.05%,5,15.76%,88,1.59,33,+0.35,58,63.64%,36,69.78,48,69.63,65,71.00,124,69.50,45.0,69.86,60.0,34.42,36,35.53,119,69.00,31,70.80,117,69.57,53,67.00,7.0,70.00,68,57.61%,113,53.01%,59,29.10,101,3.37%,136,2.54,87,"28' 6""",101,0.3240.086,2026-08-31 14:53 UTC,PGA Tour
46464,Jordan Smith,England,0.367,57,0.649,26,0.551,13,0.320,39,-0.222,134,-0.282,126,6,2,56,2,313.0,33,65.53%,23,71.02%,4,84.02%,13,70.284,41,3.73,93,133.2,35,21.47%,91,14.19%,34,1.51,51,+0.42,50,62.50%,41,70.56,91,70.11,84,67.00,8,68.33,8.0,71.67,110.0,34.10,15,35.67,128,70.00,84,69.58,43,71.67,130,66.67,6.0,69.86,64,59.84%,85,51.72%,78,29.74,145,3.00%,113,2.34,47,"23' 10""",33,0.5510.320,2026-08-31 14:53 UTC,PGA Tour
60019,Jackson Suber,United States,0.360,58,0.637,27,0.090,72,0.426,23,0.122,50,-0.277,123,92,43,155,84,306.7,71,59.79%,84,70.40%,8,84.21%,9,70.394,48,4.11,17,156.9,61,23.50%,16,14.85%,64,1.58,38,+0.29,63,41.67%,118,69.13,19,69.57,63,67.00,8,67.50,4.0,70.75,85.0,34.33,27,34.61,23,69.63,66,68.40,9,69.60,55,69.67,66.0,68.25,21,60.00%,81,51.67%,80,29.46,127,4.37%,148,2.30,37,"28' 10""",108,0.0900.426,2026-08-31 14:53 UTC,PGA Tour
39971,Sungjae Im,Republic of Korea,0.356,59,-0.041,96,0.197,53,-0.515,140,0.277,19,0.397,22,214,113,149,71,306.0,85,61.10%,64,62.87%,143,80.47%,82,70.315,43,3.70,103,124.4,27,21.35%,99,16.30%,101,1.31,102,+0.39,56,50.00%,84,69.55,39,68.40,16,70.17,108,70.13,67.0,68.00,19.0,34.50,42,35.32,96,68.73,22,70.91,122,69.00,35,68.25,29.0,70.91,115,61.61%,55,56.25%,31,28.05,7,2.34%,55,2.75,132,"22' 8""",21,0.197-0.515,2026-08-31 14:53 UTC,PGA Tour
25493,Nick Taylor,Canada,0.321,60,0.150,74,-0.177,116,0.041,85,0.286,18,0.171,50,225,118,170,107,298.3,128,62.48%,42,64.71%,118,80.20%,88,70.582,70,3.67,109,264.0,122,20.77%,114,14.65%,54,1.42,76,+0.35,58,38.10%,127,69.36,28,69.20,43,65.50,2,69.33,38.0,69.40,47.0,35.22,115,35.00,52,69.80,76,70.54,104,70.00,72,69.00,51.0,70.25,86,62.61%,36,58.74%,20,28.38,22,1.52%,5,2.42,62,"23' 10""",33,-0.1770.041,2026-08-31 14:53 UTC,PGA Tour
50286,A.J. Ewart,Canada,0.320,61,-0.191,109,-0.295,127,0.090,77,0.015,69,0.511,9,164,84,214,135,302.7,107,57.72%,107,69.12%,29,79.72%,99,70.613,72,3.97,38,612.0,148,22.22%,52,13.15%,12,1.69,19,+0.42,50,46.67%,100,70.75,104,69.00,34,70.50,114,70.80,94.0,70.50,75.0,34.15,19,34.75,32,68.45,13,69.44,36,67.00,2,68.78,47.0,67.50,6,63.76%,21,56.96%,27,28.71,63,2.29%,52,2.22,23,"30' 5""",123,-0.2950.090,2026-08-31 14:53 UTC,PGA Tour
35506,Mackenzie Hughes,Canada,0.320,61,-0.089,100,-0.177,116,-0.307,127,0.396,7,0.409,20,187,95,188,126,307.6,64,55.97%,124,67.35%,61,77.26%,134,70.775,85,3.71,99,117.0,18,21.45%,95,13.59%,19,1.58,38,+0.24,74,61.54%,45,69.71,45,71.17,120,68.50,39,69.33,38.0,70.00,64.0,34.79,70,35.05,60,69.63,66,70.00,68,69.75,64,69.50,61.0,70.17,81,62.83%,33,46.24%,114,28.54,42,1.62%,9,2.31,41,"31' 7""",130,-0.177-0.307,2026-08-31 14:53 UTC,PGA Tour
37338,Zecheng Dou,People’s Rep of China,0.318,63,0.264,61,-0.072,102,0.180,62,0.156,45,0.053,73,120,62,164,100,311.3,44,56.61%,120,69.62%,20,78.66%,119,70.777,86,3.95,45,"1,116.0",150,22.04%,66,13.80%,24,1.60,30,+0.19,80,36.36%,129,70.00,52,73.50,149,69.29,70,68.40,10.0,71.33,103.0,34.85,80,34.80,37,69.45,56,69.89,58,70.50,97,68.20,26.0,69.57,55,61.95%,47,39.74%,144,29.35,117,2.96%,108,2.29,34,"31' 8""",132,-0.0720.180,2026-08-31 14:53 UTC,PGA Tour
57364,Michael Thorbjornsen,United States,0.315,64,0.583,30,0.330,27,0.008,89,0.245,26,-0.268,120,50,15,86,10,314.3,24,61.14%,62,68.72%,40,81.99%,49,70.454,50,3.85,69,164.3,66,21.99%,69,13.55%,17,1.62,29,+0.42,50,31.25%,136,70.11,63,67.63,6,68.50,39,70.25,73.0,69.00,34.0,34.38,30,35.00,52,69.40,52,69.36,35,67.00,2,70.43,97.0,69.88,66,63.02%,31,60.91%,12,29.05,94,2.74%,88,2.11,9,"28' 9""",107,0.3300.008,2026-08-31 14:53 UTC,PGA Tour
39335,Kevin Roy,United States,0.290,65,0.158,72,0.164,59,-0.200,117,0.193,34,0.132,57,103,54,121,36,307.2,69,61.71%,52,66.98%,67,81.81%,55,70.541,59,3.86,65,213.0,103,21.91%,74,14.63%,53,1.50,55,+0.28,65,31.25%,136,69.00,13,68.56,22,71.00,124,67.00,1.0,71.50,105.0,34.45,39,35.20,85,70.80,121,68.50,12,71.25,120,70.50,98.0,66.00,1,61.37%,59,53.51%,54,28.82,77,2.03%,27,2.35,48,"24' 11""",48,0.164-0.200,2026-08-31 14:53 UTC,PGA Tour
57975,Harry Hall,England,0.269,66,-0.108,101,-0.320,128,-0.091,101,0.303,16,0.377,26,270,140,219,138,303.3,102,56.79%,117,63.73%,132,78.65%,120,70.586,71,3.99,36,185.1,86,22.69%,36,16.44%,108,1.38,85,+0.25,73,61.54%,45,71.93,140,69.38,52,68.00,19,72.63,135.0,71.00,90.0,34.43,37,35.96,142,70.36,100,70.44,95,69.75,64,74.00,147.0,70.50,93,61.28%,61,50.00%,89,28.18,11,2.47%,65,2.64,111,"30' 11""",129,-0.320-0.091,2026-08-31 14:53 UTC,PGA Tour
34021,Bud Cauley,United States,0.265,67,0.607,28,0.150,60,0.166,65,0.290,17,-0.343,131,178,91,164,100,306.1,82,59.95%,82,66.60%,78,79.10%,110,70.531,57,3.51,132,298.8,133,19.81%,137,14.66%,56,1.35,91,+0.33,61,47.37%,97,68.80,10,70.38,97,68.75,46,68.43,11.0,69.67,51.0,35.14,103,35.05,60,69.50,58,70.75,113,69.78,68,67.00,7.0,70.00,68,62.93%,32,50.78%,87,28.99,91,2.48%,67,2.54,87,"25' 8""",60,0.1500.166,2026-08-31 14:53 UTC,PGA Tour
54628,Lee Hodges,United States,0.261,68,0.114,82,0.260,43,0.106,75,-0.252,138,0.147,56,73,30,134,55,300.3,121,67.98%,13,69.70%,18,82.22%,43,70.573,66,3.95,45,495.0,145,22.12%,63,14.34%,41,1.54,46,+0.22,77,45.45%,106,68.13,2,68.33,14,69.83,92,68.60,13.0,67.33,9.0,34.41,33,35.59,122,70.67,110,69.25,31,71.75,133,69.80,70.0,69.40,45,57.67%,111,43.06%,131,29.36,121,2.02%,25,2.35,48,"25' 4""",54,0.2600.106,2026-08-31 14:53 UTC,PGA Tour
52689,Rasmus Neergaard-Petersen,Denmark,0.244,69,0.212,67,0.477,15,-0.077,99,-0.188,127,0.032,77,82,38,103,19,308.4,55,62.09%,48,67.24%,63,81.64%,59,70.540,58,3.50,135,104.4,11,20.40%,126,16.67%,116,1.22,125,+0.19,80,46.15%,102,69.10,17,70.17,87,69.00,51,68.33,8.0,70.25,70.0,34.76,68,35.18,80,70.20,94,69.57,42,70.20,86,70.20,89.0,73.00,147,57.02%,122,31.76%,151,29.59,135,3.07%,119,2.84,140,"24' 9""",46,0.477-0.077,2026-08-31 14:53 UTC,PGA Tour
35658,Kristoffer Ventura,Norway,0.239,70,0.190,68,0.607,6,-0.215,119,-0.202,129,0.049,74,25,3,66,5,313.1,29,62.84%,37,69.62%,20,84.08%,11,70.649,74,3.55,128,60.4,1,21.39%,97,13.36%,14,1.60,30,+0.29,63,57.14%,57,70.50,85,70.00,72,71.00,124,70.00,58.0,70.83,88.0,34.53,47,34.94,44,68.44,12,70.63,109,70.00,72,66.50,5.0,71.40,124,61.48%,57,54.69%,50,29.17,104,2.01%,23,2.23,25,"27' 5""",79,0.607-0.215,2026-08-31 14:53 UTC,PGA Tour
39975,Michael Kim,United States,0.224,71,-0.205,112,-0.326,130,0.043,84,0.078,59,0.429,17,277,145,222,141,303.6,101,56.44%,121,63.54%,136,77.93%,125,70.768,84,3.75,87,156.6,60,21.46%,92,16.41%,106,1.31,102,+0.13,86,44.44%,111,70.77,105,71.33,124,68.33,32,70.64,90.0,71.50,105.0,34.80,74,35.20,85,70.21,95,69.73,54,69.63,57,71.00,111.0,70.00,68,60.77%,70,59.60%,16,28.44,28,2.62%,77,2.66,117,"26' 1""",67,-0.3260.043,2026-08-31 14:53 UTC,PGA Tour
34256,Andrew Putnam,United States,0.217,72,-0.029,95,-0.671,145,0.250,52,0.392,8,0.245,36,187,95,160,95,284.6,149,68.29%,11,66.19%,92,82.40%,38,70.573,66,3.54,130,252.0,116,20.08%,132,14.29%,37,1.41,78,+0.35,58,40.00%,123,70.67,98,70.60,110,66.67,7,71.40,117.0,70.14,69.0,34.80,74,34.70,28,69.45,56,69.56,40,69.14,40,70.00,74.0,69.00,36,65.26%,5,50.00%,89,28.74,69,3.10%,121,2.27,32,"21' 11""",17,-0.6710.250,2026-08-31 14:53 UTC,PGA Tour
36799,Stephan Jaeger,Germany,0.193,73,-0.051,99,-0.246,122,-0.058,98,0.252,25,0.244,37,190,98,183,115,312.9,34,51.13%,149,66.75%,75,77.30%,133,70.739,83,4.14,15,288.0,130,23.35%,19,14.32%,39,1.63,26,+0.26,69,41.67%,118,71.44,128,67.50,5,67.67,14,70.25,73.0,72.40,122.0,35.95,149,35.00,52,71.00,127,70.92,124,69.67,61,72.00,129.0,70.00,68,63.71%,23,59.38%,17,28.55,44,2.78%,90,2.17,13,"39' 7""",151,-0.246-0.058,2026-08-31 14:53 UTC,PGA Tour
49947,Taylor Moore,United States,0.193,73,0.041,89,0.399,19,-0.458,137,0.101,55,0.152,54,250,133,173,110,312.0,39,54.03%,134,63.11%,140,76.38%,142,70.900,94,3.88,59,300.0,134,21.89%,75,14.67%,57,1.49,57,+0.26,69,45.45%,106,68.17,3,69.00,34,68.67,43,70.00,58.0,64.50,2.0,35.53,134,35.67,128,71.43,137,71.00,125,70.50,97,71.80,127.0,70.75,106,64.16%,15,51.81%,74,28.16,10,1.67%,11,2.46,75,"29' 6""",116,0.399-0.458,2026-08-31 14:53 UTC,PGA Tour
50497,Adrien Dumont de Chassart,Belgium,0.192,75,-0.013,91,-0.402,134,0.002,90,0.387,11,0.205,47,249,132,186,120,311.2,46,53.00%,140,64.17%,129,74.52%,151,70.574,68,3.72,97,135.0,36,21.39%,97,14.26%,36,1.50,55,+0.26,69,41.67%,118,69.36,28,70.00,72,69.86,94,70.33,77.0,68.20,24.0,34.84,78,35.11,71,69.90,82,70.00,68,68.00,14,71.80,127.0,70.71,103,63.82%,20,52.63%,64,28.27,13,1.57%,6,2.32,42,"34' 0""",141,-0.4020.002,2026-08-31 14:53 UTC,PGA Tour
51950,Max McGreevy,United States,0.192,75,0.550,32,0.109,66,0.337,35,0.104,54,-0.358,133,98,51,143,64,298.9,127,67.18%,16,68.97%,34,84.19%,10,70.710,79,3.61,118,126.0,28,20.87%,113,15.00%,70,1.39,81,+0.23,75,38.46%,126,69.70,44,68.83,30,69.86,94,69.71,52.0,69.67,51.0,35.09,97,35.13,72,69.78,74,70.50,100,67.33,5,71.00,111.0,71.00,116,57.54%,115,48.04%,102,29.64,139,2.38%,59,2.51,82,"24' 2""",39,0.1090.337,2026-08-31 14:53 UTC,PGA Tour
63454,Johnny Keefer,United States,0.186,77,0.548,34,0.577,10,0.345,33,-0.374,145,-0.362,134,26,4,109,23,319.7,11,58.54%,98,71.42%,3,84.05%,12,70.578,69,3.75,87,136.8,39,21.56%,87,16.45%,109,1.31,102,+0.10,89,53.33%,78,71.45,129,70.29,91,69.40,75,72.57,134.0,69.50,49.0,35.04,95,35.26,92,70.09,89,70.50,100,69.60,55,70.50,98.0,71.29,122,55.75%,134,34.48%,149,30.11,151,4.68%,151,2.51,82,"27' 8""",85,0.5770.345,2026-08-31 14:53 UTC,PGA Tour
51634,Sahith Theegala,United States,0.178,78,0.122,81,-0.164,113,0.130,73,0.168,43,0.056,72,219,116,177,113,310.5,52,55.59%,125,65.43%,106,77.73%,128,70.510,54,3.78,80,105.8,13,21.93%,72,16.25%,100,1.35,91,+0.27,66,45.83%,105,70.33,76,70.50,103,68.00,19,70.36,81.0,70.00,64.0,34.79,70,34.50,11,69.83,78,68.75,20,68.83,32,70.83,109.0,69.40,45,59.15%,91,51.32%,84,28.44,28,2.60%,76,2.64,111,"28' 3""",98,-0.1640.130,2026-08-31 14:53 UTC,PGA Tour
27644,Brian Harman,United States,0.168,79,0.150,74,-0.234,120,0.252,51,0.131,46,0.019,79,214,113,165,103,297.2,133,63.70%,32,65.19%,111,80.00%,92,70.864,91,3.70,103,177.8,77,21.10%,107,15.75%,87,1.34,96,+0.09,91,52.94%,81,71.67,135,71.38,126,69.40,75,72.86,139.0,67.50,14.0,34.73,63,34.50,11,69.75,71,68.93,27,70.60,101,68.33,31.0,69.18,40,61.82%,50,53.23%,56,28.75,71,3.16%,126,2.44,70,"20' 6""",9,-0.2340.252,2026-08-31 14:53 UTC,PGA Tour
40026,Daniel Berger,United States,0.153,80,0.340,53,0.013,87,0.562,10,-0.234,135,-0.187,110,67,23,113,28,307.6,64,62.02%,49,68.80%,39,82.94%,28,71.126,111,3.80,74,540.0,146,21.30%,101,15.83%,90,1.35,91,+0.01,95,75.00%,9,71.40,127,69.40,53,71.00,124,71.44,119.0,71.00,90.0,35.72,144,36.00,143,71.20,135,72.38,148,71.57,126,70.33,93.0,72.60,144,55.79%,133,40.00%,143,29.45,125,2.41%,61,2.55,92,"20' 0""",6,0.0130.562,2026-08-31 14:53 UTC,PGA Tour
28723,John Parry,England,0.129,81,0.371,52,-0.102,106,0.298,42,0.175,39,-0.242,117,115,58,165,103,300.9,118,62.22%,47,69.98%,12,83.29%,21,70.468,51,3.56,126,259.2,120,20.14%,131,13.89%,28,1.45,66,+0.31,62,41.18%,122,70.00,52,70.33,94,67.75,16,70.75,93.0,68.80,32.0,34.90,83,34.55,16,69.43,55,69.50,37,69.00,35,69.86,73.0,67.00,3,60.93%,68,61.32%,11,29.50,130,2.39%,60,2.32,42,"24' 7""",43,-0.1020.298,2026-08-31 14:53 UTC,PGA Tour
49771,J.T. Poston,United States,0.125,82,0.068,84,0.116,64,0.069,81,-0.117,113,0.057,71,149,72,156,85,301.1,116,62.72%,40,67.21%,64,81.89%,53,70.791,88,3.92,53,324.0,140,22.07%,65,15.35%,80,1.44,70,+0.18,82,66.67%,24,70.33,76,72.44,145,68.00,19,70.17,69.0,70.67,84.0,34.38,30,35.29,93,69.40,52,69.91,66,68.63,23,72.50,138.0,70.57,99,59.06%,94,47.45%,112,28.97,89,2.55%,72,2.44,70,"23' 2""",27,0.1160.069,2026-08-31 14:53 UTC,PGA Tour
47993,Denny McCarthy,United States,0.124,83,-0.397,124,-0.417,138,0.019,88,0.001,77,0.520,8,246,130,236,144,297.5,131,57.84%,105,65.74%,102,78.98%,112,70.838,90,3.65,112,280.8,128,20.66%,117,13.89%,28,1.49,57,+0.11,88,64.71%,32,70.78,106,70.43,100,68.00,19,70.29,75.0,72.50,124.0,35.23,116,35.64,126,71.55,139,70.18,80,73.60,150,69.83,72.0,69.33,43,64.24%,13,48.65%,98,28.62,54,1.85%,15,2.29,34,"25' 4""",54,-0.4170.019,2026-08-31 14:53 UTC,PGA Tour
39997,Corey Conners,Canada,0.113,84,0.381,51,0.180,55,0.311,41,-0.110,110,-0.268,120,72,28,113,28,304.9,94,66.64%,19,68.61%,44,82.50%,36,70.737,82,3.63,115,160.0,63,20.76%,115,16.67%,116,1.25,121,+0.13,86,47.37%,97,69.62,42,70.00,72,70.00,97,70.20,72.0,67.67,16.0,34.90,83,35.43,110,69.77,73,71.25,131,69.00,35,72.33,136.0,71.20,121,55.97%,132,40.98%,141,29.63,138,3.82%,145,2.73,126,"21' 1""",11,0.1800.311,2026-08-31 14:53 UTC,PGA Tour
28252,Seamus Power,Ireland,0.110,85,-0.301,117,-0.268,125,-0.224,120,0.192,35,0.411,19,150,73,154,80,300.8,119,63.01%,35,66.86%,70,82.27%,41,70.919,97,3.91,54,171.0,73,22.32%,49,14.04%,30,1.59,33,+0.16,84,50.00%,84,69.38,30,70.00,72,70.60,119,68.00,5.0,69.83,59.0,35.24,119,34.47,10,69.20,42,70.43,93,69.67,61,68.50,34.0,71.80,132,63.53%,25,54.95%,45,28.39,23,2.05%,31,2.19,16,"30' 5""",123,-0.268-0.224,2026-08-31 14:53 UTC,PGA Tour
54576,Patrick Fishburn,United States,0.098,86,0.068,84,0.261,42,-0.116,108,-0.076,101,0.029,78,60,20,135,58,308.2,57,60.48%,78,71.54%,2,81.99%,49,71.024,105,3.58,123,128.3,31,20.66%,117,14.33%,40,1.44,70,-0.14,111,54.55%,75,68.78,8,67.33,3,69.40,75,69.67,50.0,68.33,25.0,34.65,51,35.82,137,70.67,110,70.25,82,70.67,104,70.67,104.0,69.40,45,57.88%,109,38.98%,146,29.95,150,3.02%,116,2.33,45,"28' 8""",104,0.261-0.116,2026-08-31 14:53 UTC,PGA Tour
49855,Kristoffer Reitan,Norway,0.091,87,0.128,80,0.367,22,-0.146,113,-0.094,106,-0.037,89,122,64,124,41,314.3,24,58.06%,100,66.52%,81,81.19%,70,70.650,75,3.66,111,121.1,23,21.17%,105,16.37%,104,1.29,115,+0.18,82,70.59%,16,70.00,52,70.14,86,71.40,134,70.50,87.0,69.00,34.0,34.95,87,35.52,117,69.60,63,71.27,132,69.43,46,70.00,74.0,71.44,126,57.62%,112,56.80%,28,29.03,93,2.55%,72,2.57,97,"25' 4""",54,0.367-0.146,2026-08-31 14:53 UTC,PGA Tour
27649,Brandt Snedeker,United States,0.090,88,-0.198,111,-0.683,146,0.073,80,0.412,5,0.287,33,211,109,158,90,282.8,151,69.07%,7,64.60%,121,80.72%,77,70.910,96,3.69,106,114.8,17,21.35%,99,15.69%,86,1.36,90,+0.07,92,60.00%,50,70.50,85,70.33,94,66.50,5,70.80,94.0,70.00,64.0,35.50,133,35.38,104,71.14,133,70.67,110,71.50,124,70.67,104.0,67.67,12,61.23%,63,60.87%,13,28.41,25,2.18%,38,2.47,77,"24' 2""",39,-0.6830.073,2026-08-31 14:53 UTC,PGA Tour
59836,Pierceson Coody,United States,0.085,89,-0.041,96,0.310,32,-0.084,100,-0.267,143,0.126,58,139,69,134,55,318.9,12,56.33%,122,66.39%,84,79.01%,111,70.698,77,4.04,32,180.0,78,22.99%,33,16.39%,105,1.40,79,+0.23,75,68.75%,21,70.80,107,70.09,83,70.00,97,70.33,77.0,71.50,105.0,35.78,145,35.35,100,72.33,149,70.36,88,72.43,142,72.00,129.0,70.88,113,58.88%,98,55.86%,36,28.95,88,2.92%,103,2.61,107,"30' 0""",120,0.310-0.084,2026-08-31 14:53 UTC,PGA Tour
39977,Max Homa,United States,0.072,90,-0.176,107,0.078,76,-0.180,115,-0.073,99,0.248,35,206,107,159,92,311.6,40,56.65%,119,64.84%,114,78.52%,122,70.708,78,3.64,114,126.0,28,21.03%,110,15.32%,78,1.37,88,+0.26,69,66.67%,24,71.09,118,72.00,133,69.00,51,71.40,117.0,68.00,19.0,35.25,120,34.85,40,70.10,90,70.10,74,69.00,35,70.83,109.0,70.25,86,62.30%,42,52.42%,67,28.44,28,2.54%,70,2.51,82,"27' 10""",90,0.078-0.180,2026-08-31 14:53 UTC,PGA Tour
29936,Ryan Fox,New Zealand,0.069,91,0.146,76,0.092,71,0.051,82,0.002,76,-0.077,94,212,111,157,87,314.8,21,53.69%,136,64.43%,125,76.25%,144,70.504,53,3.96,40,185.1,86,22.53%,42,17.44%,139,1.29,115,+0.22,77,64.71%,32,69.43,32,70.60,110,71.50,137,69.43,42.0,,,35.00,92,35.32,96,71.43,137,69.67,49,71.25,120,71.67,126.0,69.56,54,58.35%,104,53.79%,51,28.60,49,3.24%,129,2.89,142,"28' 1""",94,0.0920.051,2026-08-31 14:53 UTC,PGA Tour
59440,Ricky Castillo,United States,0.043,92,-0.048,98,0.073,79,-0.229,122,0.108,52,0.090,65,202,104,159,92,307.8,63,58.59%,96,65.24%,110,80.02%,91,70.545,60,3.78,80,121.1,23,21.85%,77,14.79%,62,1.48,60,+0.27,66,66.67%,24,70.14,65,68.50,19,67.50,13,71.00,100.0,69.00,34.0,34.74,64,35.74,134,68.83,26,71.23,130,68.67,25,69.00,51.0,71.57,128,63.28%,26,51.00%,86,28.46,36,2.63%,79,2.35,48,"27' 6""",80,0.073-0.229,2026-08-31 14:53 UTC,PGA Tour
57362,Austin Eckroat,United States,0.043,92,-0.164,106,-0.235,121,0.277,46,-0.206,130,0.206,45,200,103,193,129,303.2,103,58.94%,90,66.83%,71,79.64%,101,70.726,81,4.12,16,241.2,111,23.30%,22,14.68%,58,1.59,33,+0.14,85,33.33%,133,69.10,17,67.80,7,69.25,66,69.00,19.0,69.25,43.0,34.68,56,34.95,46,69.18,41,70.25,82,68.80,31,69.50,61.0,71.00,116,59.00%,95,51.90%,71,28.45,34,1.49%,4,2.30,37,"32' 10""",136,-0.2350.277,2026-08-31 14:53 UTC,PGA Tour
57900,Chandler Phillips,United States,0.025,94,-0.355,119,-0.070,101,-0.524,142,0.240,29,0.380,25,245,129,163,99,301.0,117,62.23%,46,62.13%,146,79.92%,94,70.780,87,3.97,38,270.0,124,22.41%,48,16.11%,96,1.39,81,+0.02,94,33.33%,133,70.36,79,71.50,127,71.00,124,69.13,32.0,73.67,135.0,34.53,47,34.95,46,69.10,36,69.89,58,72.00,137,67.86,18.0,69.75,62,62.59%,37,63.06%,6,27.77,2,2.04%,29,2.70,124,"26' 1""",67,-0.070-0.524,2026-08-31 14:53 UTC,PGA Tour
30926,Chris Kirk,United States,0.009,95,0.493,39,0.004,88,0.442,19,0.047,62,-0.485,144,101,52,131,51,306.5,74,61.37%,57,68.46%,50,82.53%,35,70.887,92,3.80,74,118.0,21,21.94%,71,16.57%,114,1.32,99,-0.04,100,18.18%,146,70.67,98,69.50,54,70.00,97,71.75,126.0,69.80,58.0,35.33,125,34.61,23,69.56,62,70.33,85,70.00,72,68.67,39.0,74.00,151,54.63%,141,45.45%,122,29.32,115,2.45%,63,2.64,111,"24' 5""",42,0.0040.442,2026-08-31 14:53 UTC,PGA Tour
51977,Max Greyserman,United States,0.002,96,-0.224,113,-0.036,93,-0.206,118,0.018,68,0.225,42,215,115,161,96,314.7,22,53.18%,139,64.68%,119,76.94%,138,70.965,99,3.91,54,105.0,12,22.70%,35,17.30%,138,1.31,102,-0.05,103,46.15%,102,70.18,68,70.57,107,69.75,88,70.00,58.0,70.40,74.0,34.68,56,35.73,133,68.77,23,72.78,151,69.38,45,67.80,16.0,72.67,145,57.30%,117,49.57%,94,28.60,49,2.78%,90,2.74,130,"32' 5""",134,-0.036-0.206,2026-08-31 14:53 UTC,PGA Tour
51696,Rico Hoey,Philippines,-0.011,97,0.268,59,0.389,21,0.033,87,-0.153,121,-0.279,125,88,42,117,31,310.6,51,61.03%,66,67.97%,57,83.33%,20,70.899,93,3.71,99,106.6,14,21.57%,86,15.51%,82,1.39,81,-0.02,98,55.56%,67,69.44,33,70.00,72,71.75,141,69.33,38.0,69.67,51.0,34.05,11,35.38,104,69.22,43,69.58,43,70.33,89,68.67,39.0,68.88,34,58.56%,101,51.75%,77,29.27,113,3.03%,118,2.43,65,"26' 1""",67,0.3890.033,2026-08-31 14:53 UTC,PGA Tour
31646,Emiliano Grillo,Argentina,-0.015,98,0.138,78,0.085,74,0.171,64,-0.118,114,-0.153,106,117,61,131,51,299.2,125,69.18%,6,67.18%,66,83.37%,19,70.803,89,3.88,59,146.3,49,22.22%,52,16.41%,106,1.35,91,+0.03,93,50.00%,84,70.25,70,69.22,46,71.00,124,69.20,34.0,72.00,113.0,35.15,105,35.40,107,69.38,50,71.33,133,70.33,89,68.80,48.0,70.33,89,56.25%,130,48.04%,102,29.18,107,2.65%,82,2.60,102,"21' 6""",16,0.0850.171,2026-08-31 14:53 UTC,PGA Tour
59006,Davis Chatfield,United States,-0.048,99,-0.109,102,-0.374,132,0.221,57,0.045,63,0.061,70,145,70,152,78,284.6,149,71.20%,3,66.98%,67,84.36%,8,71.001,104,3.65,112,162.0,64,20.88%,112,13.79%,23,1.51,51,-0.04,100,55.56%,67,70.20,69,70.00,72,70.40,113,71.00,100.0,69.67,51.0,34.79,70,35.58,121,70.78,119,70.00,68,70.40,95,71.25,121.0,70.50,93,63.24%,27,51.52%,82,28.74,69,1.85%,15,2.26,31,"20' 8""",10,-0.3740.221,2026-08-31 14:53 UTC,PGA Tour
63121,William Mouw,United States,-0.073,100,0.268,59,0.095,69,0.421,25,-0.248,137,-0.341,130,45,13,93,13,310.7,49,62.35%,44,69.03%,32,83.04%,26,70.718,80,3.61,118,183.0,81,20.58%,122,15.85%,92,1.30,109,-0.06,104,33.33%,133,68.75,6,70.44,102,74.00,149,68.00,5.0,69.00,34.0,34.58,49,34.79,36,69.75,71,69.09,29,70.71,108,63.00,1.0,69.00,36,56.76%,127,49.47%,95,29.75,146,3.28%,131,2.51,82,"24' 7""",43,0.0950.421,2026-08-31 14:53 UTC,PGA Tour
34076,Joel Dahmen,United States,-0.076,101,0.388,49,0.135,63,0.518,15,-0.266,142,-0.464,143,68,24,141,62,296.0,137,71.05%,4,70.46%,6,86.78%,1,71.000,103,3.70,103,135.0,36,21.30%,101,14.54%,48,1.46,65,+0.10,89,27.27%,139,71.20,122,72.00,133,69.50,80,71.80,128.0,70.60,80.0,34.89,82,34.63,25,68.64,18,70.75,113,68.67,25,68.60,37.0,70.71,103,58.93%,96,45.65%,120,29.45,125,2.78%,90,2.43,65,"21' 3""",14,0.1350.518,2026-08-31 14:53 UTC,PGA Tour
57123,Steven Fisk,United States,-0.084,102,-0.192,110,0.094,70,-0.285,124,-0.002,81,0.108,61,129,67,116,30,311.4,42,60.73%,74,65.96%,99,79.98%,93,70.989,101,3.71,99,"1,134.0",151,20.72%,116,13.58%,18,1.53,47,-0.07,105,45.45%,106,70.67,98,69.00,34,70.67,120,68.00,5.0,71.00,90.0,35.15,105,34.80,37,71.00,127,69.25,31,71.00,111,,,70.00,68,64.77%,9,60.67%,14,28.51,40,2.12%,35,2.10,8,"28' 8""",104,0.094-0.285,2026-08-31 14:53 UTC,PGA Tour
47917,Takumi Kanaya,Japan,-0.102,103,-0.440,127,-0.044,95,-0.669,145,0.274,21,0.338,29,242,127,168,105,294.8,142,64.65%,26,63.40%,137,81.22%,68,71.073,106,3.24,148,283.5,129,18.34%,148,14.11%,32,1.30,109,-0.18,112,50.00%,84,71.80,137,70.20,90,69.20,63,73.00,140.0,71.29,102.0,34.35,28,34.50,11,69.60,63,68.10,7,69.43,46,70.00,74.0,67.60,11,64.82%,8,55.08%,43,28.57,46,1.85%,15,2.43,65,"19' 7""",5,-0.044-0.669,2026-08-31 14:53 UTC,PGA Tour
29420,Billy Horschel,United States,-0.111,104,-0.124,104,-0.142,112,0.281,45,-0.263,141,0.013,82,243,128,225,142,302.2,112,57.30%,113,65.82%,101,78.71%,116,71.074,107,3.81,73,92.6,6,22.22%,52,17.98%,142,1.24,124,-0.19,113,35.71%,131,70.46,84,69.33,49,68.50,39,71.30,114.0,67.67,16.0,35.39,129,35.39,106,70.15,92,71.60,138,71.00,111,69.78,69.0,73.43,150,53.95%,147,50.47%,88,28.94,85,2.62%,77,2.90,143,"27' 8""",85,-0.1420.281,2026-08-31 14:53 UTC,PGA Tour
51997,Andrew Novak,United States,-0.121,105,0.434,45,0.056,80,0.103,76,0.275,20,-0.555,147,230,122,191,127,305.3,90,57.97%,101,65.63%,103,78.50%,123,71.153,116,3.67,109,150.0,56,21.04%,109,16.89%,132,1.25,121,-0.12,108,86.67%,3,69.85,51,72.14,141,68.33,32,69.22,35.0,71.25,100.0,36.13,150,35.61,124,72.00,146,71.33,133,72.80,145,70.00,74.0,72.00,134,57.97%,107,41.38%,138,29.07,98,3.11%,122,2.71,125,"24' 9""",46,0.0560.103,2026-08-31 14:53 UTC,PGA Tour
55893,Sam Stevens,United States,-0.125,106,0.176,69,0.195,54,0.120,74,-0.138,117,-0.301,127,95,48,127,43,311.4,42,59.66%,85,68.39%,52,81.80%,56,70.909,95,3.79,78,252.0,116,21.43%,96,16.53%,113,1.30,109,-0.01,96,42.11%,117,70.31,74,69.57,63,69.25,66,71.57,123.0,68.83,33.0,34.96,91,36.04,146,71.79,142,69.90,63,71.77,136,72.00,129.0,70.50,93,53.35%,148,42.14%,135,29.46,127,2.25%,46,2.65,115,"24' 2""",39,0.1950.120,2026-08-31 14:53 UTC,PGA Tour
47983,Chad Ramey,United States,-0.150,107,-0.472,130,-0.115,108,-0.372,133,0.014,70,0.322,31,232,123,192,128,303.1,104,59.28%,88,65.57%,104,79.91%,95,71.104,109,3.77,82,169.7,72,21.55%,88,14.31%,38,1.51,51,-0.11,106,57.14%,57,71.00,115,69.71,68,69.33,72,,,71.00,90.0,34.75,66,34.95,46,70.00,84,69.25,31,70.00,72,70.00,74.0,69.00,36,63.08%,30,38.14%,147,28.50,39,2.02%,25,2.17,13,"27' 6""",80,-0.115-0.372,2026-08-31 14:53 UTC,PGA Tour
29725,Tony Finau,United States,-0.159,108,0.076,83,-0.113,107,-0.117,109,0.305,14,-0.235,115,235,125,171,109,312.3,37,54.03%,134,64.30%,126,76.50%,141,71.120,110,4.00,35,122.7,26,23.04%,32,16.74%,123,1.38,85,-0.13,109,25.00%,140,70.00,52,69.50,54,68.75,46,71.00,100.0,65.50,3.0,34.81,76,34.90,42,69.83,78,69.56,40,71.75,133,68.88,50.0,70.00,68,59.54%,88,55.37%,40,28.37,20,2.37%,57,2.73,126,"32' 0""",133,-0.113-0.117,2026-08-31 14:53 UTC,PGA Tour
48153,Matthieu Pavon,France,-0.160,109,-0.246,114,0.273,38,-0.526,143,0.007,73,0.085,66,163,82,154,80,306.3,75,60.34%,79,66.47%,83,80.33%,86,70.948,98,3.75,87,144.0,44,21.53%,90,14.98%,69,1.44,70,-0.02,98,70.00%,17,70.60,93,69.00,34,69.25,66,70.00,58.0,70.75,85.0,35.11,100,36.00,143,71.82,143,70.13,76,71.50,124,72.67,140.0,70.50,93,62.13%,46,43.21%,129,28.75,71,2.68%,84,2.39,54,"29' 11""",119,0.273-0.526,2026-08-31 14:53 UTC,PGA Tour
59141,Matt McCarty,United States,-0.168,110,-0.495,135,-0.210,119,-0.027,95,-0.258,139,0.328,30,246,130,175,112,299.7,122,61.69%,53,63.56%,134,78.68%,118,70.965,99,3.89,58,302.4,135,21.96%,70,16.87%,130,1.30,109,-0.01,96,44.44%,111,71.08,116,71.18,121,69.00,51,74.60,147.0,68.57,30.0,34.84,78,35.84,138,69.67,68,71.62,140,69.64,60,70.00,74.0,70.75,106,58.08%,106,51.85%,73,28.37,20,1.79%,12,2.74,130,"22' 1""",18,-0.210-0.027,2026-08-31 14:53 UTC,PGA Tour
40250,Taylor Pendrith,Canada,-0.169,111,0.171,70,0.284,36,-0.098,104,-0.015,85,-0.340,129,82,38,136,59,313.9,26,57.54%,110,69.55%,23,80.72%,77,71.182,117,3.86,65,126.0,28,22.22%,52,16.81%,128,1.32,99,-0.20,114,60.00%,50,71.09,118,70.29,91,69.60,84,70.17,69.0,72.20,119.0,35.09,97,35.17,78,69.90,82,70.54,104,70.43,96,68.67,39.0,69.89,67,57.58%,114,51.49%,83,29.70,143,4.55%,150,2.73,126,"29' 4""",113,0.284-0.098,2026-08-31 14:53 UTC,PGA Tour
28089,Jason Day,Australia,-0.174,112,-0.278,116,-0.060,99,-0.707,147,0.489,4,0.104,63,161,80,157,87,304.5,97,61.17%,60,66.77%,74,82.43%,37,71.258,120,3.63,115,243.0,112,20.58%,122,14.40%,43,1.43,75,-0.04,100,36.36%,129,70.91,114,72.00,133,68.50,39,71.44,119.0,68.50,26.0,35.25,120,35.63,125,71.18,134,70.20,81,71.71,132,70.25,91.0,70.20,83,61.92%,48,55.45%,39,28.89,81,2.37%,57,2.15,10,"28' 0""",91,-0.060-0.707,2026-08-31 14:53 UTC,PGA Tour
49960,Sepp Straka,Austria,-0.187,113,0.065,86,-0.057,98,0.268,47,-0.146,118,-0.252,118,213,112,156,85,304.0,100,61.51%,56,64.25%,128,79.73%,98,71.410,128,3.51,132,177.4,75,20.05%,133,16.59%,115,1.21,129,-0.34,121,50.00%,84,70.64,96,70.57,107,69.00,51,70.40,84.0,73.00,128.0,35.80,146,35.10,68,70.90,123,70.90,121,71.00,111,70.80,108.0,70.75,106,59.91%,84,42.99%,132,29.07,98,2.82%,96,2.61,107,"22' 1""",18,-0.0570.268,2026-08-31 14:53 UTC,PGA Tour
40006,Erik van Rooyen,South Africa,-0.199,114,-0.644,140,-0.134,110,-0.493,139,-0.017,86,0.445,15,250,133,186,120,306.7,71,56.96%,115,64.14%,130,79.48%,107,71.144,114,3.96,40,247.5,114,22.42%,47,16.67%,116,1.35,91,-0.31,119,11.11%,151,70.25,70,71.60,130,70.50,114,71.33,115.0,69.60,50.0,35.63,142,34.42,8,70.33,99,69.80,57,70.33,89,70.33,93.0,70.60,100,60.28%,77,49.46%,96,28.44,28,3.13%,123,2.56,93,"34' 4""",144,-0.134-0.493,2026-08-31 14:53 UTC,PGA Tour
54304,Karl Vilips,Australia,-0.211,115,-0.425,125,-0.406,135,0.081,79,-0.100,109,0.214,43,263,138,234,143,305.4,89,52.42%,145,64.61%,120,74.93%,149,70.995,102,3.80,74,162.0,64,21.71%,84,15.12%,73,1.44,70,-0.11,106,40.00%,123,70.25,70,69.00,34,69.60,84,73.00,140.0,69.86,60.0,35.44,130,34.67,27,69.38,50,70.70,112,68.00,14,79.00,149.0,70.17,81,60.76%,71,47.56%,109,28.54,42,1.85%,15,2.35,48,"31' 7""",130,-0.4060.081,2026-08-31 14:53 UTC,PGA Tour
36326,David Lipsky,United States,-0.239,116,-0.387,122,-0.429,140,-0.139,112,0.181,38,0.148,55,222,117,170,107,295.6,139,63.73%,31,64.81%,115,79.60%,104,71.093,108,3.94,49,324.0,140,22.22%,52,15.95%,94,1.39,81,-0.13,109,18.18%,146,69.63,43,70.40,98,72.75,146,69.00,19.0,71.50,105.0,34.00,9,35.41,108,68.78,24,70.13,76,68.50,21,68.86,49.0,70.33,89,61.70%,54,54.72%,48,28.44,28,2.98%,110,2.56,93,"27' 9""",88,-0.429-0.139,2026-08-31 14:53 UTC,PGA Tour
35296,Haotong Li,People’s Rep of China,-0.242,117,-0.023,94,0.367,22,0.186,60,-0.575,151,-0.220,113,86,41,149,71,312.1,38,57.43%,111,69.92%,15,81.96%,52,71.135,112,3.79,78,261.0,121,21.46%,92,16.76%,124,1.28,117,-0.24,116,50.00%,84,70.83,111,68.86,31,70.00,97,71.00,100.0,70.60,80.0,35.67,143,35.14,73,70.75,117,70.89,120,71.14,118,70.20,89.0,68.67,28,54.46%,143,54.76%,46,29.64,139,3.35%,135,2.69,122,"28' 1""",94,0.3670.186,2026-08-31 14:53 UTC,PGA Tour
36699,Patrick Rodgers,United States,-0.259,118,-0.487,133,-0.180,118,-0.306,126,-0.001,78,0.228,41,261,136,186,120,308.4,55,54.45%,131,63.08%,141,75.99%,146,71.326,125,3.75,87,129.3,32,21.59%,85,18.21%,144,1.19,134,-0.24,116,47.06%,99,70.42,83,70.67,113,73.20,148,69.71,52.0,71.40,104.0,34.91,86,35.36,102,70.18,93,70.36,88,70.67,104,69.60,63.0,70.56,97,56.57%,129,48.28%,100,28.56,45,3.02%,116,2.95,146,"30' 7""",127,-0.180-0.306,2026-08-31 14:53 UTC,PGA Tour
50095,Austin Smotherman,United States,-0.270,119,0.323,54,0.202,52,0.600,9,-0.479,147,-0.593,148,59,18,130,49,302.6,108,65.86%,22,70.16%,10,84.67%,6,71.242,119,3.87,63,186.0,88,22.04%,66,16.76%,124,1.32,99,-0.21,115,45.45%,106,71.08,116,68.25,13,69.33,72,72.50,133.0,69.86,60.0,35.15,105,36.10,148,70.69,114,72.29,147,70.90,110,70.00,74.0,73.33,148,53.15%,150,39.18%,145,29.77,147,3.58%,143,2.63,110,"23' 0""",24,0.2020.600,2026-08-31 14:53 UTC,PGA Tour
51003,Marco Penge,England,-0.273,120,0.129,79,0.601,7,-0.314,128,-0.158,122,-0.402,138,196,100,151,74,325.0,5,52.26%,146,64.58%,122,80.48%,81,71.213,118,3.71,99,216.0,104,21.06%,108,17.48%,140,1.21,129,-0.26,118,30.00%,138,72.25,143,72.00,133,70.00,97,71.60,124.0,73.33,133.0,34.67,54,35.47,114,69.88,81,70.43,93,69.67,61,70.50,98.0,69.67,56,57.52%,116,31.94%,150,29.21,109,2.89%,102,2.75,132,"29' 6""",116,0.601-0.314,2026-08-31 14:53 UTC,PGA Tour
51349,Nico Echavarria,Colombia,-0.273,120,-0.443,128,-0.255,124,-0.009,93,-0.179,126,0.170,51,271,141,202,132,299.1,126,60.55%,76,63.24%,139,79.63%,102,71.135,112,3.58,123,291.6,131,20.23%,129,16.80%,127,1.20,131,-0.32,120,56.25%,65,71.31,124,70.13,85,70.00,97,71.13,108.0,71.60,109.0,34.79,70,35.92,141,70.93,126,70.40,91,71.30,122,70.00,74.0,70.63,101,58.40%,103,47.86%,106,28.46,36,1.85%,15,2.64,111,"25' 6""",58,-0.255-0.009,2026-08-31 14:53 UTC,PGA Tour
34371,Adrien Saddier,France,-0.279,122,-0.248,115,-0.041,94,-0.095,102,-0.112,111,-0.031,88,211,109,186,120,305.9,87,58.22%,99,66.24%,91,81.29%,65,71.149,115,3.46,140,312.0,139,19.55%,141,17.20%,136,1.14,140,-0.50,127,55.56%,67,70.40,82,72.00,133,69.00,51,76.00,150.0,69.00,34.0,35.94,148,34.94,44,70.40,102,71.57,137,70.22,87,72.00,129.0,71.50,127,54.11%,145,42.86%,133,29.35,117,2.24%,45,2.77,135,"29' 5""",114,-0.041-0.095,2026-08-31 14:53 UTC,PGA Tour
51600,Jimmy Stanger,United States,-0.431,123,-0.556,137,0.470,17,-0.976,151,-0.049,95,0.125,59,155,77,126,42,313.1,29,58.58%,97,65.05%,113,82.93%,29,71.289,123,3.98,37,172.8,74,22.69%,36,16.90%,133,1.34,96,-0.41,123,42.86%,115,71.82,138,69.00,34,72.00,142,71.25,112.0,73.33,133.0,34.69,59,35.31,95,69.78,74,70.29,84,69.00,35,70.00,74.0,72.00,134,55.63%,136,47.62%,107,28.71,63,2.20%,40,2.58,99,"30' 8""",128,0.470-0.976,2026-08-31 14:53 UTC,PGA Tour
63343,Aldrich Potgieter,South Africa,-0.445,124,-0.334,118,0.476,16,-0.330,129,-0.480,148,-0.111,99,194,99,148,70,331.1,1,51.83%,147,64.46%,124,77.20%,137,71.532,135,3.73,93,94.5,7,21.78%,81,19.40%,149,1.12,143,-0.65,136,70.00%,17,70.80,107,74.14,150,72.00,142,69.67,50.0,72.50,124.0,34.71,61,36.19,151,69.60,63,72.09,146,69.22,41,73.00,143.0,73.33,148,54.84%,140,44.68%,125,29.24,112,4.41%,149,2.97,147,"34' 4""",144,0.476-0.330,2026-08-31 14:53 UTC,PGA Tour
49766,Hank Lebioda,United States,-0.448,125,-0.018,93,-0.170,115,0.146,68,0.006,74,-0.430,140,164,84,238,145,299.7,122,56.95%,116,69.68%,19,80.06%,90,71.493,133,3.27,147,151.7,57,18.83%,146,14.50%,45,1.30,109,-0.48,126,45.45%,106,69.80,50,70.57,107,73.00,147,69.50,45.0,70.00,64.0,34.95,87,34.58,19,69.40,52,69.67,49,68.83,32,70.25,91.0,72.00,134,59.94%,82,51.95%,70,29.88,149,2.82%,96,2.44,70,"27' 8""",85,-0.1700.146,2026-08-31 14:53 UTC,PGA Tour
48867,Matti Schmid,Germany,-0.473,126,-0.363,120,-0.003,90,-0.336,130,-0.024,88,-0.110,98,199,102,187,124,310.1,54,54.09%,133,66.75%,75,77.69%,129,71.277,122,3.61,118,177.4,75,20.61%,120,16.91%,134,1.22,125,-0.41,123,64.29%,34,70.70,102,68.40,16,70.50,114,70.40,84.0,71.00,90.0,35.48,132,35.33,99,71.09,132,70.50,100,71.60,128,70.67,104.0,70.75,106,57.14%,120,46.08%,115,29.35,117,3.30%,133,2.65,115,"32' 5""",134,-0.003-0.336,2026-08-31 14:53 UTC,PGA Tour
63807,Neal Shipley,United States,-0.485,127,0.060,87,0.758,1,-0.232,123,-0.466,146,-0.545,146,56,16,64,3,310.7,49,67.49%,15,68.38%,53,83.76%,17,71.297,124,3.42,141,165.0,67,19.60%,140,16.46%,110,1.19,134,-0.57,132,50.00%,84,71.09,118,71.25,123,71.25,133,71.50,121.0,70.60,80.0,34.95,87,35.00,52,69.55,61,70.50,100,69.80,69,69.33,58.0,69.50,50,56.87%,126,35.00%,148,29.84,148,3.23%,128,2.60,102,"25' 2""",52,0.758-0.232,2026-08-31 14:53 UTC,PGA Tour
55851,Pontus Nyholm,Sweden,-0.511,128,-0.515,136,-0.044,95,-0.425,135,-0.045,94,0.004,84,204,106,157,87,316.1,16,52.78%,141,64.72%,117,77.52%,130,71.452,132,3.82,71,146.6,51,21.93%,72,16.47%,111,1.33,98,-0.54,130,55.56%,67,70.50,85,73.00,146,69.00,51,69.00,19.0,70.88,89.0,35.21,111,35.16,77,70.30,98,70.44,95,69.63,57,73.00,143.0,69.40,45,59.39%,89,45.59%,121,28.91,82,2.83%,99,2.56,93,"36' 9""",148,-0.044-0.425,2026-08-31 14:53 UTC,PGA Tour
35532,Tom Hoge,United States,-0.520,129,-0.373,121,-0.473,143,0.339,34,-0.239,136,-0.147,104,241,126,216,136,298.0,129,59.50%,87,65.49%,105,79.61%,103,71.329,127,4.05,29,144.0,44,23.19%,26,16.88%,131,1.37,88,-0.40,122,23.53%,143,70.10,62,70.83,117,68.00,19,70.00,58.0,70.25,70.0,34.50,42,35.75,135,70.92,125,69.58,43,72.29,141,69.00,51.0,69.27,41,55.73%,135,48.84%,97,28.60,49,2.22%,41,2.54,87,"24' 1""",37,-0.4730.339,2026-08-31 14:53 UTC,PGA Tour
29535,Brice Garnett,United States,-0.525,130,-0.467,129,-0.247,123,-0.104,105,-0.116,112,-0.058,91,160,79,161,96,294.6,143,66.67%,18,67.21%,64,81.64%,59,71.416,129,3.37,142,306.0,136,19.06%,142,16.12%,97,1.18,137,-0.59,134,57.14%,57,71.89,139,68.00,8,72.00,142,71.33,115.0,72.17,117.0,35.37,127,34.74,31,69.80,76,70.44,95,70.29,88,68.67,39.0,72.40,140,59.14%,92,65.33%,2,29.41,123,2.94%,105,2.67,118,"23' 8""",32,-0.247-0.104,2026-08-31 14:53 UTC,PGA Tour
66743,Luke Clanton,United States,-0.581,131,-0.186,108,-0.375,133,0.381,30,-0.191,128,-0.395,136,179,93,197,131,301.4,114,59.89%,83,68.52%,48,80.45%,83,71.268,121,3.47,138,229.5,109,19.72%,138,15.80%,89,1.25,121,-0.44,125,55.56%,67,70.70,102,68.60,23,70.33,111,69.83,56.0,72.00,113.0,35.18,110,34.59,20,70.00,84,69.50,37,70.50,97,69.60,63.0,70.00,68,58.82%,99,45.33%,124,29.53,132,2.94%,105,2.59,101,"33' 2""",138,-0.3750.381,2026-08-31 14:53 UTC,PGA Tour
36801,Mark Hubbard,United States,-0.639,132,0.051,88,-0.134,110,0.162,66,0.024,67,-0.690,149,233,124,217,137,297.5,131,59.62%,86,66.07%,96,78.54%,121,71.451,131,3.52,131,167.1,70,20.17%,130,16.50%,112,1.22,125,-0.50,127,50.00%,84,70.11,63,69.75,69,68.29,31,70.33,77.0,69.67,51.0,35.80,146,35.65,127,71.33,136,71.55,136,71.75,133,71.00,111.0,71.75,130,57.93%,108,52.13%,69,29.22,111,2.48%,67,2.80,137,"28' 0""",91,-0.1340.162,2026-08-31 14:53 UTC,PGA Tour
54783,Dylan Wu,United States,-0.684,133,-0.474,132,-0.492,144,0.146,68,-0.128,115,-0.210,112,163,82,184,117,298.0,129,61.57%,55,68.55%,46,80.29%,87,71.327,126,3.73,93,201.6,98,21.23%,103,18.06%,143,1.18,137,-0.54,130,66.67%,24,70.50,85,69.50,54,71.40,134,68.75,15.0,71.67,110.0,35.16,108,35.32,96,70.50,104,70.44,95,70.50,97,70.50,98.0,70.20,83,52.68%,151,46.05%,117,29.71,144,3.87%,146,2.91,144,"26' 10""",74,-0.4920.146,2026-08-31 14:53 UTC,PGA Tour
25900,Lucas Glover,United States,-0.704,134,-0.014,92,-0.081,104,0.226,55,-0.159,123,-0.690,149,156,78,151,74,293.0,146,69.65%,5,66.48%,82,86.35%,2,71.655,138,3.31,146,183.0,81,18.94%,144,15.85%,92,1.20,131,-0.71,138,63.64%,36,71.50,130,70.88,118,66.50,5,71.00,100.0,72.25,120.0,35.21,111,35.68,130,71.00,127,70.78,116,72.25,140,66.00,3.0,69.50,50,60.60%,73,51.72%,78,29.16,102,2.73%,86,2.41,58,"21' 4""",15,-0.0810.226,2026-08-31 14:53 UTC,PGA Tour
55573,John VanDerLaan,United States,-0.741,135,-0.488,134,0.050,81,-0.518,141,-0.019,87,-0.253,119,74,31,127,43,307.6,64,61.13%,63,69.09%,31,81.98%,51,71.586,136,3.49,136,165.0,67,20.00%,134,15.66%,85,1.28,117,-0.53,129,12.50%,150,72.78,147,68.00,8,68.43,37,74.00,144.0,72.17,117.0,35.00,92,35.68,130,69.33,46,71.90,144,69.83,70,68.33,31.0,71.43,125,58.82%,99,62.65%,8,29.69,142,3.33%,134,2.60,102,"28' 3""",98,0.050-0.518,2026-08-31 14:53 UTC,PGA Tour
40115,Adam Svensson,Canada,-0.781,136,-0.388,123,-0.416,137,0.002,90,0.027,66,-0.394,135,207,108,184,117,295.0,141,62.47%,43,66.25%,90,80.94%,73,71.445,130,3.57,125,159.0,62,20.44%,125,16.04%,95,1.27,119,-0.58,133,44.44%,111,70.14,65,69.67,67,69.00,51,69.00,19.0,70.60,80.0,35.61,141,35.72,132,71.00,127,71.60,138,71.00,111,71.00,111.0,72.20,139,59.94%,82,58.70%,22,29.17,104,3.14%,124,2.57,97,"24' 0""",35,-0.4160.002,2026-08-31 14:53 UTC,PGA Tour
40162,Justin Lower,United States,-0.789,137,-0.680,144,-0.164,113,-0.441,136,-0.076,101,-0.109,97,227,120,164,100,291.8,147,66.76%,17,64.29%,127,83.44%,18,71.690,139,3.47,138,147.0,52,19.95%,136,16.33%,102,1.22,125,-0.71,138,22.22%,144,72.44,144,69.50,54,67.00,8,72.33,132.0,72.50,124.0,35.31,122,35.06,67,71.00,127,69.33,34,72.71,144,67.00,7.0,69.50,50,62.22%,43,42.50%,134,28.71,63,3.29%,132,2.69,122,"22' 8""",21,-0.164-0.441,2026-08-31 14:53 UTC,PGA Tour
51894,Vince Whaley,United States,-0.790,138,-1.429,151,-0.712,148,-0.722,148,0.005,75,0.639,2,299,151,261,149,302.4,111,50.26%,150,60.71%,150,74.70%,150,71.603,137,3.62,117,247.5,114,20.51%,124,17.27%,137,1.19,134,-0.66,137,71.43%,15,71.50,130,71.75,132,69.13,62,70.00,58.0,72.00,113.0,35.45,131,35.25,91,70.63,109,70.75,113,70.67,104,70.50,98.0,70.00,68,61.18%,64,54.74%,47,27.91,4,2.12%,35,2.84,140,"33' 9""",139,-0.712-0.722,2026-08-31 14:53 UTC,PGA Tour
54788,Chandler Blanchet,United States,-0.856,139,-0.439,126,0.138,62,-0.008,92,-0.569,150,-0.418,139,111,55,131,51,299.7,122,68.47%,9,67.69%,60,83.25%,22,71.519,134,3.51,132,195.0,94,20.00%,134,16.67%,116,1.20,131,-0.63,135,40.00%,123,70.83,111,70.80,116,69.40,75,70.67,91.0,71.00,90.0,35.23,116,35.59,122,70.73,115,70.91,122,70.33,89,71.20,119.0,69.43,49,55.03%,139,47.96%,105,29.52,131,2.74%,88,2.60,102,"23' 5""",30,0.138-0.008,2026-08-31 14:53 UTC,PGA Tour
49120,Kensei Hirata,Japan,-0.860,140,-0.655,141,-0.013,91,-0.653,144,0.011,71,-0.205,111,173,88,144,65,297.0,134,68.32%,10,65.35%,108,81.27%,66,71.784,141,3.13,150,141.4,43,18.08%,149,16.16%,98,1.12,143,-0.91,142,25.00%,140,70.64,96,70.00,72,69.75,88,72.00,129.0,69.00,34.0,35.58,137,35.21,87,71.55,139,69.75,55,73.20,147,70.17,87.0,70.00,68,61.81%,51,52.70%,63,29.33,116,3.43%,140,2.60,102,"24' 0""",35,-0.013-0.653,2026-08-31 14:53 UTC,PGA Tour
60067,Joe Highsmith,United States,-0.875,141,-0.597,139,-0.350,131,-0.097,103,-0.150,119,-0.277,123,274,143,194,130,305.5,88,57.81%,106,62.32%,144,76.91%,139,71.867,144,3.55,128,112.9,16,20.61%,120,18.60%,145,1.11,146,-0.91,142,16.67%,149,70.57,92,70.67,113,70.67,120,71.00,100.0,70.50,75.0,35.23,116,35.05,60,70.00,84,70.40,91,70.17,84,69.00,51.0,71.57,128,57.69%,110,51.79%,75,28.75,71,3.38%,137,3.00,148,"30' 4""",122,-0.350-0.097,2026-08-31 14:53 UTC,PGA Tour
34466,Peter Malnati,United States,-0.896,142,-1.302,149,-0.787,149,-0.681,146,0.165,44,0.406,21,292,149,268,150,296.8,136,54.32%,132,63.03%,142,76.58%,140,71.729,140,3.73,93,198.0,96,21.21%,104,16.67%,116,1.27,119,-0.74,140,66.67%,24,71.56,133,66.00,2,70.17,108,74.00,144.0,71.25,100.0,35.33,125,35.17,78,69.70,69,71.50,135,69.44,49,72.00,129.0,72.00,134,60.38%,75,56.41%,30,28.13,8,2.63%,79,2.62,109,"34' 2""",142,-0.787-0.681,2026-08-31 14:53 UTC,PGA Tour
47995,Davis Riley,United States,-0.940,143,-1.373,150,-0.787,149,-0.380,134,-0.206,130,0.433,16,276,144,219,138,306.3,75,52.56%,144,63.35%,138,76.09%,145,71.808,142,3.85,69,279.0,127,21.77%,82,19.09%,146,1.14,140,-0.94,144,18.18%,146,72.82,150,72.14,141,69.00,51,72.00,129.0,73.29,132.0,35.14,103,35.52,117,70.75,117,70.56,106,70.67,104,71.00,111.0,69.50,50,54.28%,144,47.56%,109,28.60,49,2.96%,108,2.81,138,"38' 9""",149,-0.787-0.380,2026-08-31 14:53 UTC,PGA Tour
59866,Nick Dunlap,United States,-0.943,144,-0.827,145,-0.996,151,0.041,85,0.129,48,-0.116,100,284,148,280,151,295.8,138,52.66%,142,63.65%,133,77.26%,134,71.849,143,3.48,137,276.0,126,19.69%,139,16.79%,126,1.17,139,-1.07,147,57.14%,57,73.00,151,70.40,98,69.67,86,74.33,146.0,72.33,121.0,35.53,134,35.41,108,72.11,147,69.63,48,72.17,139,72.00,129.0,70.67,102,59.14%,92,52.56%,65,28.72,67,2.29%,52,2.54,87,"34' 11""",146,-0.9960.041,2026-08-31 14:53 UTC,PGA Tour
47393,Jeffrey Kang,United States,-0.968,145,-0.472,130,-0.437,141,-0.127,110,0.091,56,-0.496,145,293,150,258,148,300.5,120,53.38%,138,62.24%,145,77.21%,136,72.003,147,3.33,144,441.0,144,18.71%,147,16.67%,116,1.12,143,-1.02,146,42.86%,115,70.33,76,70.50,103,71.67,140,72.00,129.0,69.86,60.0,35.11,100,36.00,143,71.67,141,70.56,106,71.14,118,73.50,146.0,71.00,116,60.06%,80,48.00%,104,28.82,77,2.15%,37,2.67,118,"32' 11""",137,-0.437-0.127,2026-08-31 14:53 UTC,PGA Tour
54421,Garrick Higgo,South Africa,-0.988,146,-0.922,147,0.024,83,-0.740,149,-0.207,132,-0.066,93,273,142,187,124,305.1,92,58.67%,95,61.32%,149,77.45%,131,71.967,146,3.09,151,972.0,149,17.28%,151,15.84%,91,1.09,147,-0.97,145,75.00%,9,72.78,147,70.63,112,71.50,137,72.67,137.0,72.83,127.0,35.21,111,36.05,147,70.67,110,71.80,142,70.63,103,71.00,111.0,72.50,142,64.10%,16,50.00%,89,28.65,60,2.26%,49,2.54,87,"30' 3""",121,0.024-0.740,2026-08-31 14:53 UTC,PGA Tour
54607,Danny Walker,United States,-0.999,147,-0.559,138,-0.294,126,-0.224,120,-0.041,92,-0.440,141,282,147,209,134,307.9,61,51.54%,148,61.75%,148,75.40%,148,71.894,145,3.77,82,122.0,25,21.77%,82,19.13%,148,1.14,140,-0.88,141,60.00%,50,72.78,147,72.20,143,69.33,72,73.43,143.0,70.50,75.0,34.95,87,35.15,76,69.00,31,71.20,127,67.33,5,69.71,67.0,70.80,112,56.19%,131,41.05%,140,28.28,15,2.82%,96,2.93,145,"35' 9""",147,-0.294-0.224,2026-08-31 14:53 UTC,PGA Tour
27064,Jhonattan Vegas,Venezuela,-1.065,148,-0.664,142,0.022,84,-0.472,138,-0.214,133,-0.401,137,226,119,181,114,307.4,67,57.04%,114,65.14%,112,81.59%,62,72.399,149,3.33,144,306.0,136,18.85%,145,17.65%,141,1.07,148,-1.22,148,55.56%,67,72.50,145,70.29,91,74.67,151,75.67,149.0,69.33,46.0,35.56,136,36.13,150,73.20,151,71.00,125,73.20,147,,,70.71,103,56.88%,125,41.56%,137,29.43,124,2.94%,105,2.82,139,"29' 3""",112,0.022-0.472,2026-08-31 14:53 UTC,PGA Tour
47347,Adam Schenk,United States,-1.341,149,-0.885,146,-0.419,139,-0.370,132,-0.096,107,-0.456,142,262,137,241,146,301.4,114,55.13%,127,64.78%,116,78.18%,124,72.460,150,3.34,143,252.0,116,18.95%,143,19.74%,150,0.96,150,-1.50,150,57.14%,57,71.60,134,71.50,127,67.00,8,75.00,148.0,71.22,99.0,36.15,151,35.80,136,73.10,150,70.80,117,73.44,149,70.00,74.0,68.00,16,53.24%,149,55.88%,35,29.59,135,3.77%,144,3.11,151,"26' 11""",76,-0.419-0.370,2026-08-31 14:53 UTC,PGA Tour
46443,Brian Campbell,United States,-1.535,150,-1.259,148,-0.706,147,-0.294,125,-0.259,140,-0.276,122,257,135,169,106,284.7,148,66.33%,21,60.68%,151,79.31%,108,72.345,148,3.20,149,576.0,147,17.97%,150,19.10%,147,0.94,151,-1.39,149,22.22%,144,70.55,90,72.09,140,70.00,97,70.60,89.0,70.50,75.0,35.32,123,35.91,140,70.60,108,71.75,141,70.33,89,73.00,143.0,72.80,146,58.28%,105,40.17%,142,28.91,82,3.47%,141,3.06,149,"20' 4""",8,-0.706-0.294,2026-08-31 14:53 UTC,PGA Tour
38991,Alejandro Tosti,Argentina,-1.591,151,-0.668,143,0.259,44,-0.892,150,-0.035,90,-0.923,151,227,120,154,80,313.1,29,55.59%,125,62.02%,147,79.51%,106,72.522,151,3.59,122,294.0,132,20.29%,128,20.63%,151,0.98,149,-1.66,151,25.00%,140,72.70,146,74.14,150,70.00,97,73.00,140.0,72.40,122.0,35.60,139,35.35,100,70.73,115,71.22,129,71.60,128,70.00,74.0,71.00,116,54.03%,146,45.95%,118,29.37,122,4.20%,147,3.08,150,"29' 2""",111,0.259-0.892,2026-08-31 14:53 UTC,PGA Tour
