player_name,name_adjusted,event_name,course_name,h1,h2,h3,h4,h1_year,h2_year,h3_year,h4_year,rf1,rf2,rf3,rf4,rf5,rf6,rf7,cut_streak,avg_finish_course,starts_at_course,value,value_rank,salary,s1,s2,s3,s4,s5,key_stat_1,key_stat_2,key_stat_3,key_stat_4,key_stat_5,ch_rank
"Ghim, Doug","Ghim, Doug",Wyndham Championship,SEDGEFIELD,CUT,41,51,CUT,2025,2024,2023,2022,6,15,28,31,19,6,30,7,73.0,7,2.47,1,,69.0,20.0,6.0,16.0,74.0,STROKES GAINED APPROACH,BIRDIE OR BETTER %,BALL STRIKING,TOTAL DRIVING,PAR 5 SCORING,71.0
"Svensson, Jesper","Svensson, Jesper",Wyndham Championship,SEDGEFIELD,CUT,—,—,—,2025,2024,2023,2022,4,9,CUT,65,CUT,CUT,69,2,100.0,1,2.45,2,,107.0,24.0,52.0,26.0,37.0,STROKES GAINED APPROACH,BIRDIE OR BETTER %,BALL STRIKING,TOTAL DRIVING,PAR 5 SCORING,85.0
"Hodges, Lee","Hodges, Lee",Wyndham Championship,SEDGEFIELD,55,CUT,—,47,2025,2024,2023,2022,3,CUT,35,CUT,67,24,CUT,1,67.33333333333333,3,2.4,3,,47.0,30.0,19.0,34.0,20.0,STROKES GAINED APPROACH,BIRDIE OR BETTER %,BALL STRIKING,TOTAL DRIVING,PAR 5 SCORING,64.0
"Kohles, Ben","Kohles, Ben",Wyndham Championship,SEDGEFIELD,CUT,CUT,—,54,2025,2024,2023,2022,3,19,23,29,1,CUT,CUT,5,84.66666666666667,3,2.27,4,,1.0,2.0,14.0,42.0,124.0,STROKES GAINED APPROACH,BIRDIE OR BETTER %,BALL STRIKING,TOTAL DRIVING,PAR 5 SCORING,79.0
"Glover, Lucas","Glover, Lucas",Wyndham Championship,SEDGEFIELD,CUT,CUT,1,54,2025,2024,2023,2022,3,66,CUT,46,71,CUT,37,2,63.75,8,2.24,5,,35.0,117.0,53.0,50.0,116.0,STROKES GAINED APPROACH,BIRDIE OR BETTER %,BALL STRIKING,TOTAL DRIVING,PAR 5 SCORING,59.0
"Meissner, Mac","Meissner, Mac",Wyndham Championship,SEDGEFIELD,2,12,—,—,2025,2024,2023,2022,6,44,CUT,46,3,31,9,2,7.0,2,2.15,6,,43.0,11.0,79.0,92.0,66.0,STROKES GAINED APPROACH,BIRDIE OR BETTER %,BALL STRIKING,TOTAL DRIVING,PAR 5 SCORING,2.0
"Suber, Jackson","Suber, Jackson",Wyndham Championship,SEDGEFIELD,CUT,—,—,—,2025,2024,2023,2022,6,30,CUT,4,67,4,19,2,100.0,1,1.9,7,,12.0,14.0,32.0,62.0,62.0,STROKES GAINED APPROACH,BIRDIE OR BETTER %,BALL STRIKING,TOTAL DRIVING,PAR 5 SCORING,85.0
"Wallace, Matt","Wallace, Matt",Wyndham Championship,SEDGEFIELD,27,28,45,CUT,2025,2024,2023,2022,33,2,CUT,44,37,23,30,2,50.0,5,1.89,8,,25.0,67.0,93.0,94.0,67.0,STROKES GAINED APPROACH,BIRDIE OR BETTER %,BALL STRIKING,TOTAL DRIVING,PAR 5 SCORING,38.0
"Fitzpatrick, Alex","Fitzpatrick, Alex",Wyndham Championship,SEDGEFIELD,—,—,—,—,2025,2024,2023,2022,7,23,20,6,75,4,9,12,,0,1.78,9,,,,,,,STROKES GAINED APPROACH,BIRDIE OR BETTER %,BALL STRIKING,TOTAL DRIVING,PAR 5 SCORING,
"Bezuidenhout, Christiaan","Bezuidenhout, Christiaan",Wyndham Championship,SEDGEFIELD,62,22,51,47,2025,2024,2023,2022,12,54,32,CUT,35,6,17,3,45.5,5,1.78,9,,16.0,41.0,57.0,87.0,75.0,STROKES GAINED APPROACH,BIRDIE OR BETTER %,BALL STRIKING,TOTAL DRIVING,PAR 5 SCORING,34.0
"Yu, Kevin","Yu, Kevin",Wyndham Championship,SEDGEFIELD,CUT,CUT,CUT,—,2025,2024,2023,2022,15,29,35,CUT,53,CUT,7,3,100.0,3,1.74,11,,55.0,3.0,22.0,30.0,10.0,STROKES GAINED APPROACH,BIRDIE OR BETTER %,BALL STRIKING,TOTAL DRIVING,PAR 5 SCORING,85.0
"Brown, Blades","Brown, Blades",Wyndham Championship,SEDGEFIELD,—,—,—,—,2025,2024,2023,2022,12,55,17,13,14,16,9,9,,0,1.72,12,,5.0,1.0,2.0,3.0,71.0,STROKES GAINED APPROACH,BIRDIE OR BETTER %,BALL STRIKING,TOTAL DRIVING,PAR 5 SCORING,
"Hisatsune, Ryo","Hisatsune, Ryo",Wyndham Championship,SEDGEFIELD,CUT,3,—,—,2025,2024,2023,2022,9,38,43,52,66,19,35,19,51.5,2,1.51,13,,27.0,35.0,4.0,10.0,108.0,STROKES GAINED APPROACH,BIRDIE OR BETTER %,BALL STRIKING,TOTAL DRIVING,PAR 5 SCORING,42.0
"Grillo, Emiliano","Grillo, Emiliano",Wyndham Championship,SEDGEFIELD,44,59,—,—,2025,2024,2023,2022,26,23,20,42,38,CUT,CUT,5,51.5,3,1.42,14,,39.0,37.0,39.0,27.0,114.0,STROKES GAINED APPROACH,BIRDIE OR BETTER %,BALL STRIKING,TOTAL DRIVING,PAR 5 SCORING,42.0
"Bradley, Keegan","Bradley, Keegan",Wyndham Championship,SEDGEFIELD,CUT,22,—,—,2025,2024,2023,2022,26,14,32,19,35,CUT,19,5,61.0,3,1.32,15,,51.0,44.0,41.0,19.0,17.0,STROKES GAINED APPROACH,BIRDIE OR BETTER %,BALL STRIKING,TOTAL DRIVING,PAR 5 SCORING,54.0
"Cantlay, Patrick","Cantlay, Patrick",Wyndham Championship,SEDGEFIELD,—,—,—,—,2025,2024,2023,2022,14,CUT,17,35,10,8,12,1,,0,1.32,15,,8.0,47.0,17.0,21.0,78.0,STROKES GAINED APPROACH,BIRDIE OR BETTER %,BALL STRIKING,TOTAL DRIVING,PAR 5 SCORING,
"Akina, Kihei","Akina, Kihei",Wyndham Championship,SEDGEFIELD,—,—,—,—,2025,2024,2023,2022,16,CUT,CUT,—,—,—,—,1,,0,1.3,17,,,,,,,STROKES GAINED APPROACH,BIRDIE OR BETTER %,BALL STRIKING,TOTAL DRIVING,PAR 5 SCORING,
"Van Rooyen, Erik","Van Rooyen, Erik",Wyndham Championship,SEDGEFIELD,WD,CUT,CUT,—,2025,2024,2023,2022,26,20,70,19,38,17,59,8,100.0,4,1.29,18,,113.0,39.0,106.0,95.0,34.0,STROKES GAINED APPROACH,BIRDIE OR BETTER %,BALL STRIKING,TOTAL DRIVING,PAR 5 SCORING,85.0
"Griffin, Ben","Griffin, Ben",Wyndham Championship,SEDGEFIELD,11,7,CUT,4,2025,2024,2023,2022,21,10,17,CUT,3,14,63,3,30.5,4,1.29,18,,80.0,72.0,47.0,47.0,50.0,STROKES GAINED APPROACH,BIRDIE OR BETTER %,BALL STRIKING,TOTAL DRIVING,PAR 5 SCORING,16.0
"Hoge, Tom","Hoge, Tom",Wyndham Championship,SEDGEFIELD,—,—,—,—,2025,2024,2023,2022,33,38,CUT,51,71,6,26,2,,5,1.23,20,,26.0,18.0,96.0,110.0,97.0,STROKES GAINED APPROACH,BIRDIE OR BETTER %,BALL STRIKING,TOTAL DRIVING,PAR 5 SCORING,
"Thomas, Justin","Thomas, Justin",Wyndham Championship,SEDGEFIELD,—,—,12,—,2025,2024,2023,2022,14,17,19,13,4,13,23,11,12.0,1,1.23,20,,73.0,62.0,60.0,15.0,86.0,STROKES GAINED APPROACH,BIRDIE OR BETTER %,BALL STRIKING,TOTAL DRIVING,PAR 5 SCORING,6.0
"Phillips, Chandler","Phillips, Chandler",Wyndham Championship,SEDGEFIELD,34,38,—,—,2025,2024,2023,2022,15,CUT,15,CUT,CUT,CUT,35,1,36.0,2,1.22,22,,114.0,23.0,110.0,85.0,82.0,STROKES GAINED APPROACH,BIRDIE OR BETTER %,BALL STRIKING,TOTAL DRIVING,PAR 5 SCORING,21.0
"Mazzoli, Stefano","Mazzoli, Stefano",Wyndham Championship,SEDGEFIELD,—,—,—,—,2025,2024,2023,2022,23,19,48,CUT,CUT,13,CUT,3,,0,1.18,23,,,,,,,STROKES GAINED APPROACH,BIRDIE OR BETTER %,BALL STRIKING,TOTAL DRIVING,PAR 5 SCORING,
"Rai, Aaron","Rai, Aaron",Wyndham Championship,SEDGEFIELD,5,1,CUT,71,2025,2024,2023,2022,30,11,CUT,19,1,5,24,2,44.25,4,1.17,24,,15.0,102.0,30.0,48.0,123.0,STROKES GAINED APPROACH,BIRDIE OR BETTER %,BALL STRIKING,TOTAL DRIVING,PAR 5 SCORING,29.0
"Lipsky, David","Lipsky, David",Wyndham Championship,SEDGEFIELD,44,CUT,45,27,2025,2024,2023,2022,21,CUT,CUT,CUT,24,71,26,1,54.0,4,1.15,25,,75.0,25.0,86.0,70.0,15.0,STROKES GAINED APPROACH,BIRDIE OR BETTER %,BALL STRIKING,TOTAL DRIVING,PAR 5 SCORING,45.0
"Garnett, Brice","Garnett, Brice",Wyndham Championship,SEDGEFIELD,CUT,41,CUT,CUT,2025,2024,2023,2022,CUT,4,22,CUT,19,24,CUT,0,85.25,8,1.12,26,,76.0,118.0,55.0,68.0,104.0,STROKES GAINED APPROACH,BIRDIE OR BETTER %,BALL STRIKING,TOTAL DRIVING,PAR 5 SCORING,80.0
"Parry, John","Parry, John",Wyndham Championship,SEDGEFIELD,—,—,—,—,2025,2024,2023,2022,11,CUT,CUT,47,70,31,13,1,,0,0.97,27,,21.0,108.0,37.0,76.0,21.0,STROKES GAINED APPROACH,BIRDIE OR BETTER %,BALL STRIKING,TOTAL DRIVING,PAR 5 SCORING,
"Brennan, Michael","Brennan, Michael",Wyndham Championship,SEDGEFIELD,—,—,—,—,2025,2024,2023,2022,33,43,CUT,6,CUT,81,CUT,2,,0,0.9,28,,31.0,13.0,18.0,7.0,83.0,STROKES GAINED APPROACH,BIRDIE OR BETTER %,BALL STRIKING,TOTAL DRIVING,PAR 5 SCORING,
"Horschel, Billy","Horschel, Billy",Wyndham Championship,SEDGEFIELD,—,7,4,27,2025,2024,2023,2022,CUT,15,CUT,42,CUT,CUT,53,0,12.666666666666666,7,0.79,29,,32.0,53.0,112.0,116.0,16.0,STROKES GAINED APPROACH,BIRDIE OR BETTER %,BALL STRIKING,TOTAL DRIVING,PAR 5 SCORING,7.0
"Coody, Pierceson","Coody, Pierceson",Wyndham Championship,SEDGEFIELD,CUT,61,—,—,2025,2024,2023,2022,39,23,CUT,22,19,CUT,24,2,80.5,2,0.76,30,,72.0,10.0,44.0,32.0,65.0,STROKES GAINED APPROACH,BIRDIE OR BETTER %,BALL STRIKING,TOTAL DRIVING,PAR 5 SCORING,75.0
"Reitan, Kristoffer","Reitan, Kristoffer",Wyndham Championship,SEDGEFIELD,—,—,—,—,2025,2024,2023,2022,22,CUT,60,6,44,1,14,1,,0,0.72,31,,79.0,71.0,42.0,28.0,89.0,STROKES GAINED APPROACH,BIRDIE OR BETTER %,BALL STRIKING,TOTAL DRIVING,PAR 5 SCORING,
"Matsuyama, Hideki","Matsuyama, Hideki",Wyndham Championship,SEDGEFIELD,19,—,CUT,—,2025,2024,2023,2022,14,65,43,13,26,71,53,19,59.5,5,0.67,32,,18.0,19.0,77.0,80.0,54.0,STROKES GAINED APPROACH,BIRDIE OR BETTER %,BALL STRIKING,TOTAL DRIVING,PAR 5 SCORING,52.0
"Penge, Marco","Penge, Marco",Wyndham Championship,SEDGEFIELD,—,—,—,—,2025,2024,2023,2022,9,CUT,30,77,49,21,CUT,1,,0,0.66,33,,106.0,99.0,76.0,53.0,6.0,STROKES GAINED APPROACH,BIRDIE OR BETTER %,BALL STRIKING,TOTAL DRIVING,PAR 5 SCORING,
"Potgieter, Aldrich","Potgieter, Aldrich",Wyndham Championship,SEDGEFIELD,—,—,—,—,2025,2024,2023,2022,CUT,8,35,48,14,25,CUT,0,,0,0.64,34,,91.0,26.0,71.0,49.0,33.0,STROKES GAINED APPROACH,BIRDIE OR BETTER %,BALL STRIKING,TOTAL DRIVING,PAR 5 SCORING,
"Dou, Zecheng","Dou, Zecheng",Wyndham Championship,SEDGEFIELD,—,—,51,—,2025,2024,2023,2022,21,CUT,CUT,CUT,13,CUT,CUT,1,51.0,2,0.63,35,,37.0,31.0,38.0,71.0,3.0,STROKES GAINED APPROACH,BIRDIE OR BETTER %,BALL STRIKING,TOTAL DRIVING,PAR 5 SCORING,40.0
"Mouw, William","Mouw, William",Wyndham Championship,SEDGEFIELD,38,—,—,—,2025,2024,2023,2022,26,65,20,CUT,CUT,70,26,3,38.0,1,0.57,36,,9.0,84.0,7.0,5.0,100.0,STROKES GAINED APPROACH,BIRDIE OR BETTER %,BALL STRIKING,TOTAL DRIVING,PAR 5 SCORING,24.0
"Kim, Tom","Kim, Tom",Wyndham Championship,SEDGEFIELD,WD,—,—,—,2025,2024,2023,2022,46,3,15,54,54,6,CUT,6,,1,0.56,37,,2.0,34.0,24.0,22.0,81.0,STROKES GAINED APPROACH,BIRDIE OR BETTER %,BALL STRIKING,TOTAL DRIVING,PAR 5 SCORING,
"Harman, Brian","Harman, Brian",Wyndham Championship,SEDGEFIELD,—,45,—,71,2025,2024,2023,2022,25,32,CUT,22,60,31,38,2,58.0,5,0.48,38,,40.0,75.0,81.0,67.0,119.0,STROKES GAINED APPROACH,BIRDIE OR BETTER %,BALL STRIKING,TOTAL DRIVING,PAR 5 SCORING,51.0
"Cauley, Bud","Cauley, Bud",Wyndham Championship,SEDGEFIELD,CUT,CUT,—,—,2025,2024,2023,2022,14,56,1,22,26,37,38,12,100.0,5,0.47,39,,28.0,109.0,64.0,81.0,79.0,STROKES GAINED APPROACH,BIRDIE OR BETTER %,BALL STRIKING,TOTAL DRIVING,PAR 5 SCORING,85.0
"Kanaya, Takumi","Kanaya, Takumi",Wyndham Championship,SEDGEFIELD,CUT,—,—,—,2025,2024,2023,2022,CUT,29,54,CUT,38,26,62,0,100.0,1,0.42,40,,119.0,121.0,100.0,75.0,122.0,STROKES GAINED APPROACH,BIRDIE OR BETTER %,BALL STRIKING,TOTAL DRIVING,PAR 5 SCORING,85.0
"Cole, Eric","Cole, Eric",Wyndham Championship,SEDGEFIELD,74,7,14,—,2025,2024,2023,2022,39,38,CUT,8,2,31,6,2,31.666666666666668,3,0.42,40,,58.0,7.0,115.0,120.0,60.0,STROKES GAINED APPROACH,BIRDIE OR BETTER %,BALL STRIKING,TOTAL DRIVING,PAR 5 SCORING,17.0
"Echavarria, Nico","Echavarria, Nico",Wyndham Championship,SEDGEFIELD,19,22,CUT,—,2025,2024,2023,2022,30,56,40,6,CUT,31,55,4,47.0,3,0.41,42,,60.0,107.0,111.0,102.0,84.0,STROKES GAINED APPROACH,BIRDIE OR BETTER %,BALL STRIKING,TOTAL DRIVING,PAR 5 SCORING,36.0
"Hossler, Beau","Hossler, Beau",Wyndham Championship,SEDGEFIELD,15,12,CUT,—,2025,2024,2023,2022,39,45,CUT,CUT,3,CUT,49,2,42.333333333333336,6,0.38,43,,92.0,48.0,45.0,51.0,47.0,STROKES GAINED APPROACH,BIRDIE OR BETTER %,BALL STRIKING,TOTAL DRIVING,PAR 5 SCORING,26.0
"Greyserman, Max","Greyserman, Max",Wyndham Championship,SEDGEFIELD,CUT,2,—,—,2025,2024,2023,2022,CUT,43,CUT,CUT,9,14,31,0,51.0,2,0.37,44,,87.0,22.0,88.0,69.0,41.0,STROKES GAINED APPROACH,BIRDIE OR BETTER %,BALL STRIKING,TOTAL DRIVING,PAR 5 SCORING,40.0
"Thompson, Davis","Thompson, Davis",Wyndham Championship,SEDGEFIELD,11,12,22,—,2025,2024,2023,2022,26,CUT,45,35,CUT,13,6,1,15.0,4,0.34,45,,11.0,57.0,12.0,23.0,76.0,STROKES GAINED APPROACH,BIRDIE OR BETTER %,BALL STRIKING,TOTAL DRIVING,PAR 5 SCORING,9.0
"Keefer, Johnny","Keefer, Johnny",Wyndham Championship,SEDGEFIELD,—,—,—,—,2025,2024,2023,2022,CUT,39,51,35,9,79,31,0,,0,0.27,46,,23.0,61.0,3.0,9.0,12.0,STROKES GAINED APPROACH,BIRDIE OR BETTER %,BALL STRIKING,TOTAL DRIVING,PAR 5 SCORING,
"McGreevy, Max","McGreevy, Max",Wyndham Championship,SEDGEFIELD,34,—,51,5,2025,2024,2023,2022,51,32,51,35,CUT,CUT,CUT,4,30.0,3,0.2,47,,20.0,86.0,35.0,45.0,101.0,STROKES GAINED APPROACH,BIRDIE OR BETTER %,BALL STRIKING,TOTAL DRIVING,PAR 5 SCORING,15.0
"Mitchell, Keith","Mitchell, Keith",Wyndham Championship,SEDGEFIELD,CUT,12,—,54,2025,2024,2023,2022,51,22,4,29,CUT,5,65,4,55.333333333333336,6,0.19,48,,30.0,4.0,9.0,24.0,63.0,STROKES GAINED APPROACH,BIRDIE OR BETTER %,BALL STRIKING,TOTAL DRIVING,PAR 5 SCORING,47.0
"Chatfield, Davis","Chatfield, Davis",Wyndham Championship,SEDGEFIELD,—,—,—,—,2025,2024,2023,2022,33,CUT,CUT,CUT,CUT,17,CUT,1,,0,0.19,48,,57.0,95.0,62.0,54.0,118.0,STROKES GAINED APPROACH,BIRDIE OR BETTER %,BALL STRIKING,TOTAL DRIVING,PAR 5 SCORING,
"Nyholm, Pontus","Nyholm, Pontus",Wyndham Championship,SEDGEFIELD,—,—,—,—,2025,2024,2023,2022,26,CUT,CUT,CUT,31,CUT,CUT,1,,0,0.19,48,,108.0,51.0,78.0,55.0,29.0,STROKES GAINED APPROACH,BIRDIE OR BETTER %,BALL STRIKING,TOTAL DRIVING,PAR 5 SCORING,
"Dumont De Chassart, Adrien","Dumont De Chassart, Adrien",Wyndham Championship,SEDGEFIELD,—,CUT,—,—,2025,2024,2023,2022,51,53,CUT,CUT,CUT,31,17,2,100.0,1,0.17,51,,70.0,63.0,102.0,90.0,2.0,STROKES GAINED APPROACH,BIRDIE OR BETTER %,BALL STRIKING,TOTAL DRIVING,PAR 5 SCORING,85.0
"Smith, Jordan","Smith, Jordan",Wyndham Championship,SEDGEFIELD,—,—,—,—,2025,2024,2023,2022,CUT,13,59,CUT,55,CUT,16,0,,0,0.17,51,,22.0,45.0,1.0,1.0,98.0,STROKES GAINED APPROACH,BIRDIE OR BETTER %,BALL STRIKING,TOTAL DRIVING,PAR 5 SCORING,
"Hughes, Mackenzie","Hughes, Mackenzie",Wyndham Championship,SEDGEFIELD,—,28,CUT,CUT,2025,2024,2023,2022,46,CUT,10,66,52,CUT,CUT,1,76.0,6,0.15,53,,101.0,85.0,73.0,97.0,44.0,STROKES GAINED APPROACH,BIRDIE OR BETTER %,BALL STRIKING,TOTAL DRIVING,PAR 5 SCORING,72.0
"English, Harris","English, Harris",Wyndham Championship,SEDGEFIELD,—,—,33,CUT,2025,2024,2023,2022,38,CUT,17,18,24,55,4,1,66.5,6,0.13,54,,97.0,17.0,28.0,11.0,96.0,STROKES GAINED APPROACH,BIRDIE OR BETTER %,BALL STRIKING,TOTAL DRIVING,PAR 5 SCORING,63.0
"Streelman, Kevin","Streelman, Kevin",Wyndham Championship,SEDGEFIELD,—,CUT,CUT,CUT,2025,2024,2023,2022,CUT,42,CUT,CUT,CUT,39,68,0,100.0,6,0.13,54,,50.0,81.0,66.0,100.0,58.0,STROKES GAINED APPROACH,BIRDIE OR BETTER %,BALL STRIKING,TOTAL DRIVING,PAR 5 SCORING,85.0
"Jaeger, Stephan","Jaeger, Stephan",Wyndham Championship,SEDGEFIELD,CUT,CUT,14,13,2025,2024,2023,2022,15,CUT,WD,9,18,CUT,CUT,1,56.75,6,0.1,56,,71.0,9.0,69.0,88.0,27.0,STROKES GAINED APPROACH,BIRDIE OR BETTER %,BALL STRIKING,TOTAL DRIVING,PAR 5 SCORING,50.0
"Dahmen, Joel","Dahmen, Joel",Wyndham Championship,SEDGEFIELD,15,64,64,81,2025,2024,2023,2022,46,CUT,42,CUT,CUT,62,CUT,1,56.0,7,0.08,57,,6.0,83.0,15.0,40.0,26.0,STROKES GAINED APPROACH,BIRDIE OR BETTER %,BALL STRIKING,TOTAL DRIVING,PAR 5 SCORING,48.0
"Castillo, Ricky","Castillo, Ricky",Wyndham Championship,SEDGEFIELD,23,—,—,—,2025,2024,2023,2022,45,42,CUT,60,55,60,44,2,23.0,1,0.07,58,,99.0,46.0,70.0,56.0,73.0,STROKES GAINED APPROACH,BIRDIE OR BETTER %,BALL STRIKING,TOTAL DRIVING,PAR 5 SCORING,14.0
"Moore, Taylor","Moore, Taylor",Wyndham Championship,SEDGEFIELD,CUT,52,22,5,2025,2024,2023,2022,CUT,40,60,14,17,20,39,0,44.75,4,0.05,59,,111.0,54.0,98.0,73.0,59.0,STROKES GAINED APPROACH,BIRDIE OR BETTER %,BALL STRIKING,TOTAL DRIVING,PAR 5 SCORING,31.0
"Crowe, Trace","Crowe, Trace",Wyndham Championship,SEDGEFIELD,—,7,—,—,2025,2024,2023,2022,39,CUT,CUT,CUT,67,4,4,1,7.0,1,0.05,59,,,,,,,STROKES GAINED APPROACH,BIRDIE OR BETTER %,BALL STRIKING,TOTAL DRIVING,PAR 5 SCORING,2.0
"Berger, Daniel","Berger, Daniel",Wyndham Championship,SEDGEFIELD,—,45,—,—,2025,2024,2023,2022,CUT,25,CUT,CUT,35,45,23,0,45.0,3,0.05,59,,7.0,73.0,11.0,12.0,121.0,STROKES GAINED APPROACH,BIRDIE OR BETTER %,BALL STRIKING,TOTAL DRIVING,PAR 5 SCORING,32.0
"Snedeker, Brandt","Snedeker, Brandt",Wyndham Championship,SEDGEFIELD,CUT,CUT,45,—,2025,2024,2023,2022,38,36,28,CUT,1,30,39,3,81.66666666666667,7,0.05,59,,64.0,91.0,87.0,64.0,94.0,STROKES GAINED APPROACH,BIRDIE OR BETTER %,BALL STRIKING,TOTAL DRIVING,PAR 5 SCORING,77.0
"Hoey, Rico","Hoey, Rico",Wyndham Championship,SEDGEFIELD,67,22,—,—,2025,2024,2023,2022,CUT,CUT,17,19,60,53,26,0,44.5,2,0.04,63,,63.0,66.0,27.0,13.0,18.0,STROKES GAINED APPROACH,BIRDIE OR BETTER %,BALL STRIKING,TOTAL DRIVING,PAR 5 SCORING,30.0
"Taylor, Nick","Taylor, Nick",Wyndham Championship,SEDGEFIELD,—,CUT,—,81,2025,2024,2023,2022,25,CUT,65,43,26,14,9,1,90.5,6,0.03,64,,46.0,89.0,90.0,77.0,103.0,STROKES GAINED APPROACH,BIRDIE OR BETTER %,BALL STRIKING,TOTAL DRIVING,PAR 5 SCORING,83.0
"Pavon, Matthieu","Pavon, Matthieu",Wyndham Championship,SEDGEFIELD,72,—,—,—,2025,2024,2023,2022,CUT,20,CUT,40,CUT,20,CUT,0,72.0,1,0.03,64,,112.0,74.0,50.0,43.0,53.0,STROKES GAINED APPROACH,BIRDIE OR BETTER %,BALL STRIKING,TOTAL DRIVING,PAR 5 SCORING,69.0
"Clanton, Luke","Clanton, Luke",Wyndham Championship,SEDGEFIELD,67,5,—,—,2025,2024,2023,2022,CUT,54,54,31,60,26,70,0,36.0,2,0.03,64,,19.0,106.0,65.0,101.0,39.0,STROKES GAINED APPROACH,BIRDIE OR BETTER %,BALL STRIKING,TOTAL DRIVING,PAR 5 SCORING,21.0
"Gerard, Ryan","Gerard, Ryan",Wyndham Championship,SEDGEFIELD,CUT,—,CUT,—,2025,2024,2023,2022,44,CUT,2,10,70,65,30,1,100.0,2,0.02,67,,14.0,5.0,29.0,17.0,117.0,STROKES GAINED APPROACH,BIRDIE OR BETTER %,BALL STRIKING,TOTAL DRIVING,PAR 5 SCORING,85.0
"Fishburn, Patrick","Fishburn, Patrick",Wyndham Championship,SEDGEFIELD,8,CUT,—,—,2025,2024,2023,2022,67,29,54,47,19,CUT,CUT,5,54.0,2,0.02,67,,84.0,90.0,16.0,41.0,7.0,STROKES GAINED APPROACH,BIRDIE OR BETTER %,BALL STRIKING,TOTAL DRIVING,PAR 5 SCORING,45.0
"Dunlap, Nick","Dunlap, Nick",Wyndham Championship,SEDGEFIELD,CUT,CUT,—,—,2025,2024,2023,2022,33,CUT,60,CUT,24,17,CUT,1,100.0,2,-0.01,69,,54.0,110.0,121.0,124.0,1.0,STROKES GAINED APPROACH,BIRDIE OR BETTER %,BALL STRIKING,TOTAL DRIVING,PAR 5 SCORING,85.0
"Thorbjornsen, Michael","Thorbjornsen, Michael",Wyndham Championship,SEDGEFIELD,38,CUT,—,—,2025,2024,2023,2022,CUT,54,16,CUT,CUT,53,13,0,69.0,2,-0.01,69,,65.0,60.0,5.0,6.0,64.0,STROKES GAINED APPROACH,BIRDIE OR BETTER %,BALL STRIKING,TOTAL DRIVING,PAR 5 SCORING,66.0
"Saddier, Adrien","Saddier, Adrien",Wyndham Championship,SEDGEFIELD,—,—,—,—,2025,2024,2023,2022,CUT,CUT,42,40,CUT,CUT,39,0,,0,-0.18,71,,90.0,113.0,91.0,89.0,57.0,STROKES GAINED APPROACH,BIRDIE OR BETTER %,BALL STRIKING,TOTAL DRIVING,PAR 5 SCORING,
"Putnam, Andrew","Putnam, Andrew",Wyndham Championship,SEDGEFIELD,CUT,CUT,27,27,2025,2024,2023,2022,51,65,CUT,17,55,37,18,2,63.5,5,-0.18,71,,36.0,100.0,75.0,65.0,115.0,STROKES GAINED APPROACH,BIRDIE OR BETTER %,BALL STRIKING,TOTAL DRIVING,PAR 5 SCORING,57.0
"McNealy, Maverick","McNealy, Maverick",Wyndham Championship,SEDGEFIELD,—,45,—,—,2025,2024,2023,2022,55,32,10,18,37,30,16,11,45.0,2,-0.2,73,,77.0,6.0,61.0,60.0,87.0,STROKES GAINED APPROACH,BIRDIE OR BETTER %,BALL STRIKING,TOTAL DRIVING,PAR 5 SCORING,32.0
"Neergaard-Petersen, Rasmus","Neergaard-Petersen, Rasmus",Wyndham Championship,SEDGEFIELD,—,—,—,—,2025,2024,2023,2022,56,39,42,19,75,CUT,4,5,,0,-0.21,74,,81.0,87.0,25.0,8.0,22.0,STROKES GAINED APPROACH,BIRDIE OR BETTER %,BALL STRIKING,TOTAL DRIVING,PAR 5 SCORING,
"Kim, Michael","Kim, Michael",Wyndham Championship,SEDGEFIELD,62,WD,5,—,2025,2024,2023,2022,CUT,30,43,49,17,44,48,0,33.5,7,-0.25,75,,68.0,56.0,117.0,114.0,85.0,STROKES GAINED APPROACH,BIRDIE OR BETTER %,BALL STRIKING,TOTAL DRIVING,PAR 5 SCORING,18.0
"McCarthy, Denny","McCarthy, Denny",Wyndham Championship,SEDGEFIELD,11,33,CUT,CUT,2025,2024,2023,2022,CUT,14,60,34,44,48,30,0,61.0,8,-0.32,76,,67.0,93.0,105.0,119.0,90.0,STROKES GAINED APPROACH,BIRDIE OR BETTER %,BALL STRIKING,TOTAL DRIVING,PAR 5 SCORING,54.0
"Kang, Jeffrey","Kang, Jeffrey",Wyndham Championship,SEDGEFIELD,—,—,—,—,2025,2024,2023,2022,CUT,42,54,CUT,6,65,39,0,,0,-0.33,77,,82.0,115.0,122.0,122.0,42.0,STROKES GAINED APPROACH,BIRDIE OR BETTER %,BALL STRIKING,TOTAL DRIVING,PAR 5 SCORING,
"Young, Cameron","Young, Cameron",Wyndham Championship,SEDGEFIELD,1,22,—,—,2025,2024,2023,2022,47,43,46,26,10,1,25,23,11.5,2,-0.36,78,,10.0,8.0,8.0,4.0,25.0,STROKES GAINED APPROACH,BIRDIE OR BETTER %,BALL STRIKING,TOTAL DRIVING,PAR 5 SCORING,5.0
"Stevens, Sam","Stevens, Sam",Wyndham Championship,SEDGEFIELD,CUT,CUT,CUT,—,2025,2024,2023,2022,62,7,CUT,42,65,70,18,2,100.0,3,-0.36,78,,49.0,68.0,20.0,20.0,95.0,STROKES GAINED APPROACH,BIRDIE OR BETTER %,BALL STRIKING,TOTAL DRIVING,PAR 5 SCORING,85.0
"Svensson, Adam","Svensson, Adam",Wyndham Championship,SEDGEFIELD,CUT,7,7,78,2025,2024,2023,2022,CUT,60,CUT,54,45,26,39,0,48.0,5,-0.44,80,,61.0,92.0,80.0,91.0,99.0,STROKES GAINED APPROACH,BIRDIE OR BETTER %,BALL STRIKING,TOTAL DRIVING,PAR 5 SCORING,37.0
"James, Ben","James, Ben",Wyndham Championship,SEDGEFIELD,—,—,—,—,2025,2024,2023,2022,62,23,54,33,CUT,44,CUT,4,,0,-0.47,81,,,,,,,STROKES GAINED APPROACH,BIRDIE OR BETTER %,BALL STRIKING,TOTAL DRIVING,PAR 5 SCORING,
"Shipley, Neal","Shipley, Neal",Wyndham Championship,SEDGEFIELD,—,—,—,—,2025,2024,2023,2022,CUT,65,51,CUT,40,38,CUT,0,,0,-0.47,81,,88.0,111.0,10.0,2.0,19.0,STROKES GAINED APPROACH,BIRDIE OR BETTER %,BALL STRIKING,TOTAL DRIVING,PAR 5 SCORING,
"Finau, Tony","Finau, Tony",Wyndham Championship,SEDGEFIELD,44,—,—,—,2025,2024,2023,2022,58,55,40,29,CUT,6,31,4,44.0,1,-0.48,83,,89.0,12.0,97.0,78.0,43.0,STROKES GAINED APPROACH,BIRDIE OR BETTER %,BALL STRIKING,TOTAL DRIVING,PAR 5 SCORING,27.0
"Hubbard, Mark","Hubbard, Mark",Wyndham Championship,SEDGEFIELD,3,CUT,CUT,61,2025,2024,2023,2022,46,70,CUT,60,31,2,CUT,2,66.0,7,-0.54,84,,42.0,103.0,95.0,111.0,13.0,STROKES GAINED APPROACH,BIRDIE OR BETTER %,BALL STRIKING,TOTAL DRIVING,PAR 5 SCORING,62.0
"Wise, Aaron","Wise, Aaron",Wyndham Championship,SEDGEFIELD,WD,—,—,13,2025,2024,2023,2022,39,CUT,CUT,CUT,CUT,CUT,CUT,1,13.0,5,-0.55,85,,,,,,,STROKES GAINED APPROACH,BIRDIE OR BETTER %,BALL STRIKING,TOTAL DRIVING,PAR 5 SCORING,8.0
"Smotherman, Austin","Smotherman, Austin",Wyndham Championship,SEDGEFIELD,—,—,27,CUT,2025,2024,2023,2022,58,CUT,42,CUT,19,60,CUT,1,63.5,2,-0.58,86,,3.0,42.0,13.0,31.0,109.0,STROKES GAINED APPROACH,BIRDIE OR BETTER %,BALL STRIKING,TOTAL DRIVING,PAR 5 SCORING,57.0
"Simpson, Webb","Simpson, Webb",Wyndham Championship,SEDGEFIELD,27,CUT,5,WD,2025,2024,2023,2022,CUT,CUT,48,WD,18,CUT,CUT,0,44.0,9,-0.59,87,,,,,,,STROKES GAINED APPROACH,BIRDIE OR BETTER %,BALL STRIKING,TOTAL DRIVING,PAR 5 SCORING,27.0
"Spieth, Jordan","Spieth, Jordan",Wyndham Championship,SEDGEFIELD,31,CUT,—,—,2025,2024,2023,2022,58,66,56,CUT,19,18,52,3,65.5,4,-0.59,87,,52.0,58.0,46.0,29.0,91.0,STROKES GAINED APPROACH,BIRDIE OR BETTER %,BALL STRIKING,TOTAL DRIVING,PAR 5 SCORING,61.0
"Vilips, Karl","Vilips, Karl",Wyndham Championship,SEDGEFIELD,19,—,—,—,2025,2024,2023,2022,39,CUT,CUT,CUT,24,13,33,1,19.0,1,-0.61,89,,66.0,65.0,114.0,115.0,4.0,STROKES GAINED APPROACH,BIRDIE OR BETTER %,BALL STRIKING,TOTAL DRIVING,PAR 5 SCORING,11.0
"Koepka, Brooks","Koepka, Brooks",Wyndham Championship,SEDGEFIELD,—,—,—,—,2025,2024,2023,2022,CUT,WD,14,55,11,CUT,12,0,,1,-0.65,90,,4.0,21.0,33.0,52.0,51.0,STROKES GAINED APPROACH,BIRDIE OR BETTER %,BALL STRIKING,TOTAL DRIVING,PAR 5 SCORING,
"Koivun, Jackson","Koivun, Jackson",Wyndham Championship,SEDGEFIELD,5,—,—,—,2025,2024,2023,2022,CUT,23,4,5,6,48,56,0,5.0,1,-0.65,90,,,,,,,STROKES GAINED APPROACH,BIRDIE OR BETTER %,BALL STRIKING,TOTAL DRIVING,PAR 5 SCORING,1.0
"Campbell, Brian","Campbell, Brian",Wyndham Championship,SEDGEFIELD,CUT,—,—,—,2025,2024,2023,2022,CUT,47,CUT,CUT,CUT,82,52,0,100.0,2,-0.66,92,,103.0,122.0,107.0,79.0,120.0,STROKES GAINED APPROACH,BIRDIE OR BETTER %,BALL STRIKING,TOTAL DRIVING,PAR 5 SCORING,85.0
"Day, Jason","Day, Jason",Wyndham Championship,SEDGEFIELD,—,—,—,WD,2025,2024,2023,2022,55,CUT,65,68,38,42,12,1,,1,-0.67,93,,117.0,80.0,59.0,66.0,72.0,STROKES GAINED APPROACH,BIRDIE OR BETTER %,BALL STRIKING,TOTAL DRIVING,PAR 5 SCORING,
"Higgo, Garrick","Higgo, Garrick",Wyndham Championship,SEDGEFIELD,CUT,CUT,CUT,CUT,2025,2024,2023,2022,CUT,CUT,32,19,CUT,67,CUT,0,100.0,4,-0.68,94,,121.0,124.0,108.0,83.0,52.0,STROKES GAINED APPROACH,BIRDIE OR BETTER %,BALL STRIKING,TOTAL DRIVING,PAR 5 SCORING,85.0
"Poston, J.T.","Poston, J.T.",Wyndham Championship,SEDGEFIELD,11,CUT,7,21,2025,2024,2023,2022,51,69,4,1,35,CUT,24,5,34.75,9,-0.73,95,,62.0,32.0,48.0,61.0,107.0,STROKES GAINED APPROACH,BIRDIE OR BETTER %,BALL STRIKING,TOTAL DRIVING,PAR 5 SCORING,20.0
"Todd, Brendon","Todd, Brendon",Wyndham Championship,SEDGEFIELD,—,12,7,36,2025,2024,2023,2022,CUT,67,CUT,65,CUT,51,CUT,0,18.333333333333332,5,-0.73,95,,,,,,,STROKES GAINED APPROACH,BIRDIE OR BETTER %,BALL STRIKING,TOTAL DRIVING,PAR 5 SCORING,10.0
"McCarty, Matt","McCarty, Matt",Wyndham Championship,SEDGEFIELD,8,—,—,—,2025,2024,2023,2022,30,CUT,CUT,60,CUT,10,9,1,8.0,1,-0.77,97,,48.0,52.0,99.0,84.0,112.0,STROKES GAINED APPROACH,BIRDIE OR BETTER %,BALL STRIKING,TOTAL DRIVING,PAR 5 SCORING,4.0
"Roy, Kevin","Roy, Kevin",Wyndham Championship,SEDGEFIELD,CUT,—,CUT,—,2025,2024,2023,2022,CUT,CUT,71,74,CUT,3,32,0,100.0,2,-0.77,97,,96.0,59.0,51.0,36.0,88.0,STROKES GAINED APPROACH,BIRDIE OR BETTER %,BALL STRIKING,TOTAL DRIVING,PAR 5 SCORING,85.0
"Theegala, Sahith","Theegala, Sahith",Wyndham Championship,SEDGEFIELD,CUT,—,—,—,2025,2024,2023,2022,51,11,45,32,60,60,69,11,100.0,1,-0.79,99,,45.0,55.0,92.0,86.0,8.0,STROKES GAINED APPROACH,BIRDIE OR BETTER %,BALL STRIKING,TOTAL DRIVING,PAR 5 SCORING,85.0
"Lebioda, Hank","Lebioda, Hank",Wyndham Championship,SEDGEFIELD,—,—,CUT,CUT,2025,2024,2023,2022,CUT,CUT,CUT,62,74,6,54,0,100.0,5,-0.83,100,,38.0,119.0,56.0,117.0,69.0,STROKES GAINED APPROACH,BIRDIE OR BETTER %,BALL STRIKING,TOTAL DRIVING,PAR 5 SCORING,85.0
"Riley, Davis","Riley, Davis",Wyndham Championship,SEDGEFIELD,CUT,38,CUT,13,2025,2024,2023,2022,65,CUT,71,CUT,CUT,45,20,1,62.75,4,-0.85,101,,102.0,38.0,118.0,113.0,28.0,STROKES GAINED APPROACH,BIRDIE OR BETTER %,BALL STRIKING,TOTAL DRIVING,PAR 5 SCORING,56.0
"Novak, Andrew","Novak, Andrew",Wyndham Championship,SEDGEFIELD,CUT,52,33,CUT,2025,2024,2023,2022,CUT,30,CUT,CUT,54,26,24,0,71.25,4,-0.9,102,,53.0,98.0,101.0,104.0,23.0,STROKES GAINED APPROACH,BIRDIE OR BETTER %,BALL STRIKING,TOTAL DRIVING,PAR 5 SCORING,67.0
"Campos, Rafael","Campos, Rafael",Wyndham Championship,SEDGEFIELD,CUT,CUT,—,—,2025,2024,2023,2022,67,CUT,CUT,CUT,CUT,CUT,CUT,1,100.0,3,-0.91,103,,74.0,112.0,84.0,105.0,61.0,STROKES GAINED APPROACH,BIRDIE OR BETTER %,BALL STRIKING,TOTAL DRIVING,PAR 5 SCORING,85.0
"Eckroat, Austin","Eckroat, Austin",Wyndham Championship,SEDGEFIELD,CUT,6,CUT,—,2025,2024,2023,2022,58,73,67,40,19,6,10,8,68.66666666666667,4,-0.92,104,,24.0,15.0,89.0,107.0,40.0,STROKES GAINED APPROACH,BIRDIE OR BETTER %,BALL STRIKING,TOTAL DRIVING,PAR 5 SCORING,65.0
"Whaley, Vince","Whaley, Vince",Wyndham Championship,SEDGEFIELD,74,63,—,CUT,2025,2024,2023,2022,CUT,65,CUT,CUT,CUT,CUT,54,0,79.0,3,-0.97,105,,118.0,97.0,124.0,121.0,38.0,STROKES GAINED APPROACH,BIRDIE OR BETTER %,BALL STRIKING,TOTAL DRIVING,PAR 5 SCORING,74.0
"Ewart, A.J.","Ewart, A.J.",Wyndham Championship,SEDGEFIELD,—,—,—,—,2025,2024,2023,2022,71,29,17,19,CUT,20,30,4,,0,-0.98,106,,56.0,33.0,63.0,108.0,5.0,STROKES GAINED APPROACH,BIRDIE OR BETTER %,BALL STRIKING,TOTAL DRIVING,PAR 5 SCORING,
"Noren, Alex","Noren, Alex",Wyndham Championship,SEDGEFIELD,3,—,38,—,2025,2024,2023,2022,55,CUT,CUT,9,26,31,7,1,20.5,3,-1.0,107,,86.0,79.0,83.0,74.0,110.0,STROKES GAINED APPROACH,BIRDIE OR BETTER %,BALL STRIKING,TOTAL DRIVING,PAR 5 SCORING,12.0
"Brown, Dan","Brown, Dan",Wyndham Championship,SEDGEFIELD,—,—,—,—,2025,2024,2023,2022,CUT,CUT,47,75,CUT,13,CUT,0,,0,-1.01,108,,17.0,70.0,74.0,93.0,92.0,STROKES GAINED APPROACH,BIRDIE OR BETTER %,BALL STRIKING,TOTAL DRIVING,PAR 5 SCORING,
"Hall, Harry","Hall, Harry",Wyndham Championship,SEDGEFIELD,15,CUT,CUT,—,2025,2024,2023,2022,51,CUT,40,29,CUT,CUT,8,1,71.66666666666667,3,-1.04,109,,94.0,36.0,119.0,112.0,45.0,STROKES GAINED APPROACH,BIRDIE OR BETTER %,BALL STRIKING,TOTAL DRIVING,PAR 5 SCORING,68.0
"Bauchou, Zach","Bauchou, Zach",Wyndham Championship,SEDGEFIELD,—,—,—,—,2025,2024,2023,2022,67,CUT,22,6,24,13,28,1,,0,-1.07,110,,33.0,16.0,68.0,106.0,46.0,STROKES GAINED APPROACH,BIRDIE OR BETTER %,BALL STRIKING,TOTAL DRIVING,PAR 5 SCORING,
"Collet, Tyler","Collet, Tyler",Wyndham Championship,SEDGEFIELD,—,—,—,—,2025,2024,2023,2022,CUT,75,—,CUT,—,CUT,CUT,0,,0,-1.1,111,,,,,,,STROKES GAINED APPROACH,BIRDIE OR BETTER %,BALL STRIKING,TOTAL DRIVING,PAR 5 SCORING,
"Pendrith, Taylor","Pendrith, Taylor",Wyndham Championship,SEDGEFIELD,—,—,CUT,13,2025,2024,2023,2022,CUT,61,29,43,47,44,37,0,56.5,2,-1.12,112,,83.0,40.0,31.0,37.0,55.0,STROKES GAINED APPROACH,BIRDIE OR BETTER %,BALL STRIKING,TOTAL DRIVING,PAR 5 SCORING,49.0
"Malnati, Peter","Malnati, Peter",Wyndham Championship,SEDGEFIELD,62,CUT,CUT,27,2025,2024,2023,2022,58,CUT,19,53,CUT,63,65,1,72.25,9,-1.13,113,,120.0,77.0,123.0,123.0,35.0,STROKES GAINED APPROACH,BIRDIE OR BETTER %,BALL STRIKING,TOTAL DRIVING,PAR 5 SCORING,70.0
"Im, Sungjae","Im, Sungjae",Wyndham Championship,SEDGEFIELD,27,41,14,2,2025,2024,2023,2022,71,30,43,32,CUT,9,CUT,4,21.0,7,-1.15,114,,115.0,94.0,82.0,44.0,106.0,STROKES GAINED APPROACH,BIRDIE OR BETTER %,BALL STRIKING,TOTAL DRIVING,PAR 5 SCORING,13.0
"Wu, Dylan","Wu, Dylan",Wyndham Championship,SEDGEFIELD,—,CUT,51,CUT,2025,2024,2023,2022,CUT,72,45,CUT,CUT,CUT,CUT,0,83.66666666666667,3,-1.16,115,,44.0,76.0,54.0,82.0,80.0,STROKES GAINED APPROACH,BIRDIE OR BETTER %,BALL STRIKING,TOTAL DRIVING,PAR 5 SCORING,78.0
"Highsmith, Joe","Highsmith, Joe",Wyndham Championship,SEDGEFIELD,CUT,CUT,—,—,2025,2024,2023,2022,CUT,70,CUT,CUT,CUT,67,33,0,100.0,2,-1.2,116,,78.0,88.0,116.0,103.0,48.0,STROKES GAINED APPROACH,BIRDIE OR BETTER %,BALL STRIKING,TOTAL DRIVING,PAR 5 SCORING,85.0
"Hojgaard, Rasmus","Hojgaard, Rasmus",Wyndham Championship,SEDGEFIELD,34,—,—,—,2025,2024,2023,2022,CUT,62,65,24,53,28,68,0,34.0,1,-1.27,117,,,,,,,STROKES GAINED APPROACH,BIRDIE OR BETTER %,BALL STRIKING,TOTAL DRIVING,PAR 5 SCORING,19.0
"Schenk, Adam","Schenk, Adam",Wyndham Championship,SEDGEFIELD,CUT,CUT,64,CUT,2025,2024,2023,2022,CUT,CUT,74,CUT,CUT,CUT,CUT,0,91.0,8,-1.28,118,,104.0,114.0,113.0,118.0,77.0,STROKES GAINED APPROACH,BIRDIE OR BETTER %,BALL STRIKING,TOTAL DRIVING,PAR 5 SCORING,84.0
"Li, Haotong","Li, Haotong",Wyndham Championship,SEDGEFIELD,—,—,—,—,2025,2024,2023,2022,CUT,60,CUT,CUT,35,CUT,CUT,0,,1,-1.28,118,,41.0,49.0,26.0,38.0,70.0,STROKES GAINED APPROACH,BIRDIE OR BETTER %,BALL STRIKING,TOTAL DRIVING,PAR 5 SCORING,
"Fisk, Steven","Fisk, Steven",Wyndham Championship,SEDGEFIELD,60,—,—,—,2025,2024,2023,2022,67,CUT,10,19,CUT,38,12,1,60.0,1,-1.34,120,,100.0,82.0,43.0,18.0,9.0,STROKES GAINED APPROACH,BIRDIE OR BETTER %,BALL STRIKING,TOTAL DRIVING,PAR 5 SCORING,53.0
"Kirk, Chris","Kirk, Chris",Wyndham Championship,SEDGEFIELD,5,—,CUT,—,2025,2024,2023,2022,CUT,CUT,CUT,31,44,CUT,36,0,52.5,5,-1.35,121,,13.0,50.0,34.0,33.0,24.0,STROKES GAINED APPROACH,BIRDIE OR BETTER %,BALL STRIKING,TOTAL DRIVING,PAR 5 SCORING,44.0
"Rozo, Marcelo","Rozo, Marcelo",Wyndham Championship,SEDGEFIELD,—,—,—,—,2025,2024,2023,2022,CUT,CUT,CUT,CUT,CUT,53,CUT,0,,0,-1.37,122,,85.0,116.0,58.0,59.0,113.0,STROKES GAINED APPROACH,BIRDIE OR BETTER %,BALL STRIKING,TOTAL DRIVING,PAR 5 SCORING,
"Davis, Cam","Davis, Cam",Wyndham Championship,SEDGEFIELD,44,CUT,7,—,2025,2024,2023,2022,CUT,CUT,CUT,67,CUT,CUT,CUT,0,50.333333333333336,3,-1.41,123,,,,,,,STROKES GAINED APPROACH,BIRDIE OR BETTER %,BALL STRIKING,TOTAL DRIVING,PAR 5 SCORING,39.0
"Tosti, Alejandro","Tosti, Alejandro",Wyndham Championship,SEDGEFIELD,—,CUT,—,—,2025,2024,2023,2022,CUT,CUT,40,CUT,CUT,CUT,CUT,0,100.0,1,-1.51,124,,122.0,104.0,94.0,57.0,11.0,STROKES GAINED APPROACH,BIRDIE OR BETTER %,BALL STRIKING,TOTAL DRIVING,PAR 5 SCORING,85.0
"Hirata, Kensei","Hirata, Kensei",Wyndham Championship,SEDGEFIELD,—,—,—,—,2025,2024,2023,2022,CUT,71,CUT,19,65,CUT,CUT,0,,0,-1.57,125,,116.0,123.0,67.0,46.0,93.0,STROKES GAINED APPROACH,BIRDIE OR BETTER %,BALL STRIKING,TOTAL DRIVING,PAR 5 SCORING,
"Smalley, Alex","Smalley, Alex",Wyndham Championship,SEDGEFIELD,CUT,CUT,CUT,13,2025,2024,2023,2022,47,CUT,CUT,3,2,17,7,1,78.25,5,-1.65,126,,29.0,27.0,23.0,39.0,102.0,STROKES GAINED APPROACH,BIRDIE OR BETTER %,BALL STRIKING,TOTAL DRIVING,PAR 5 SCORING,73.0
"Power, Seamus","Power, Seamus",Wyndham Championship,SEDGEFIELD,44,28,—,—,2025,2024,2023,2022,WD,CUT,54,19,60,10,CUT,0,36.0,7,-1.76,127,,93.0,28.0,49.0,58.0,49.0,STROKES GAINED APPROACH,BIRDIE OR BETTER %,BALL STRIKING,TOTAL DRIVING,PAR 5 SCORING,21.0
"Olesen, Thorbjorn","Olesen, Thorbjorn",Wyndham Championship,SEDGEFIELD,62,CUT,—,—,2025,2024,2023,2022,CUT,CUT,67,62,49,14,CUT,0,81.0,2,-2.01,128,,,,,,,STROKES GAINED APPROACH,BIRDIE OR BETTER %,BALL STRIKING,TOTAL DRIVING,PAR 5 SCORING,76.0
"Schmid, Matti","Schmid, Matti",Wyndham Championship,SEDGEFIELD,31,64,22,—,2025,2024,2023,2022,CUT,CUT,CUT,4,CUT,10,74,0,39.0,3,-2.07,129,,105.0,78.0,72.0,98.0,36.0,STROKES GAINED APPROACH,BIRDIE OR BETTER %,BALL STRIKING,TOTAL DRIVING,PAR 5 SCORING,25.0
"Pan, C.T.","Pan, C.T.",Wyndham Championship,SEDGEFIELD,—,WD,64,WD,2025,2024,2023,2022,WD,CUT,CUT,CUT,CUT,WD,9,0,64.0,7,-2.08,130,,,,,,,STROKES GAINED APPROACH,BIRDIE OR BETTER %,BALL STRIKING,TOTAL DRIVING,PAR 5 SCORING,60.0
"Sargent, Gordon","Sargent, Gordon",Wyndham Championship,SEDGEFIELD,CUT,—,—,—,2025,2024,2023,2022,78,CUT,CUT,17,54,CUT,CUT,1,100.0,1,-2.11,131,,124.0,29.0,40.0,14.0,32.0,STROKES GAINED APPROACH,BIRDIE OR BETTER %,BALL STRIKING,TOTAL DRIVING,PAR 5 SCORING,85.0
"Blanchet, Chandler","Blanchet, Chandler",Wyndham Championship,SEDGEFIELD,—,—,—,—,2025,2024,2023,2022,CUT,67,42,CUT,44,52,72,0,,0,-2.26,132,,59.0,105.0,36.0,35.0,105.0,STROKES GAINED APPROACH,BIRDIE OR BETTER %,BALL STRIKING,TOTAL DRIVING,PAR 5 SCORING,
"Rodgers, Patrick","Rodgers, Patrick",Wyndham Championship,SEDGEFIELD,15,33,CUT,36,2025,2024,2023,2022,71,49,60,47,CUT,24,65,4,46.0,8,-2.27,133,,98.0,69.0,109.0,96.0,56.0,STROKES GAINED APPROACH,BIRDIE OR BETTER %,BALL STRIKING,TOTAL DRIVING,PAR 5 SCORING,35.0
"Ramey, Chad","Ramey, Chad",Wyndham Championship,SEDGEFIELD,CUT,52,CUT,CUT,2025,2024,2023,2022,CUT,CUT,CUT,59,CUT,32,39,0,88.0,4,-2.37,134,,109.0,64.0,103.0,99.0,14.0,STROKES GAINED APPROACH,BIRDIE OR BETTER %,BALL STRIKING,TOTAL DRIVING,PAR 5 SCORING,82.0
"VanDerLaan, John","VanDerLaan, John",Wyndham Championship,SEDGEFIELD,—,—,—,—,2025,2024,2023,2022,CUT,CUT,CUT,67,60,CUT,CUT,0,,0,-2.56,135,,110.0,101.0,21.0,25.0,68.0,STROKES GAINED APPROACH,BIRDIE OR BETTER %,BALL STRIKING,TOTAL DRIVING,PAR 5 SCORING,
"Kizzire, Patton","Kizzire, Patton",Wyndham Championship,SEDGEFIELD,44,CUT,CUT,CUT,2025,2024,2023,2022,CUT,CUT,CUT,CUT,CUT,CUT,CUT,0,86.0,8,-2.93,136,,,,,,,STROKES GAINED APPROACH,BIRDIE OR BETTER %,BALL STRIKING,TOTAL DRIVING,PAR 5 SCORING,81.0
"Lamprecht, Christo","Lamprecht, Christo",Wyndham Championship,SEDGEFIELD,—,—,—,—,2025,2024,2023,2022,CUT,CUT,CUT,CUT,60,CUT,49,0,,0,-3.79,137,,123.0,120.0,104.0,72.0,30.0,STROKES GAINED APPROACH,BIRDIE OR BETTER %,BALL STRIKING,TOTAL DRIVING,PAR 5 SCORING,
"Straka, Sepp","Straka, Sepp",Wyndham Championship,SEDGEFIELD,—,—,—,CUT,2025,2024,2023,2022,72,CUT,40,12,CUT,63,4,1,100.0,4,-4.06,138,,34.0,96.0,85.0,63.0,111.0,STROKES GAINED APPROACH,BIRDIE OR BETTER %,BALL STRIKING,TOTAL DRIVING,PAR 5 SCORING,85.0
"Walker, Danny","Walker, Danny",Wyndham Championship,SEDGEFIELD,CUT,—,—,—,2025,2024,2023,2022,CUT,CUT,CUT,CUT,38,CUT,67,0,100.0,1,-4.19,139,,95.0,43.0,120.0,109.0,31.0,STROKES GAINED APPROACH,BIRDIE OR BETTER %,BALL STRIKING,TOTAL DRIVING,PAR 5 SCORING,85.0
"Hrabak, Cooper","Hrabak, Cooper",Wyndham Championship,SEDGEFIELD,—,—,—,—,2025,2024,2023,2022,CUT,—,—,—,—,—,—,0,,0,-5.89,140,,,,,,,STROKES GAINED APPROACH,BIRDIE OR BETTER %,BALL STRIKING,TOTAL DRIVING,PAR 5 SCORING,
