player_name,name_adjusted,event_name,course_name,h1,h2,h3,h4,h1_year,h2_year,h3_year,h4_year,rf1,rf2,rf3,rf4,rf5,rf6,rf7,cut_streak,avg_finish_course,starts_at_course,value,value_avg,value_rank,salary,s1,s2,s3,s4,s5,key_stat_1,key_stat_2,key_stat_3,key_stat_4,key_stat_5,ch_rank
"Koivun, Jackson","Koivun, Jackson",Bank of Utah Championship,Black Desert Resort,—,—,—,—,2025,2024,2023,2022,24 (+0.59),29 (+1.86),31 (+0.28),1 (+4.26),10 (+2.02),CUT (+0.76),23 (+1.16),5,,0,10.93,1.56,1,,,,,,,STROKES GAINED PUTTING,BALL STRIKING,BIRDIE OR BETTER %,STROKES GAINED TOTAL,STROKES GAINED TEE TO GREEN,
"Brennan, Michael","Brennan, Michael",Bank of Utah Championship,Black Desert Resort,1,—,—,—,2025,2024,2023,2022,10 (+0.85),42 (-0.41),1 (+4.43),15 (+1.95),24 (+1.26),53 (+0.41),52 (-0.03),9,1.0,1,8.46,1.21,2,,44.0,15.0,8.0,17.0,16.0,STROKES GAINED PUTTING,BALL STRIKING,BIRDIE OR BETTER %,STROKES GAINED TOTAL,STROKES GAINED TEE TO GREEN,1.0
"Thompson, Davis","Thompson, Davis",Bank of Utah Championship,Black Desert Resort,CUT,—,—,—,2025,2024,2023,2022,14 (+1.47),8 (+1.44),7 (+1.09),CUT (+0.74),26 (+2.20),CUT (+0.79),45 (+0.10),3,100.0,1,7.82,1.12,3,,75.0,6.0,53.0,14.0,7.0,STROKES GAINED PUTTING,BALL STRIKING,BIRDIE OR BETTER %,STROKES GAINED TOTAL,STROKES GAINED TEE TO GREEN,51.0
"Roy, Kevin","Roy, Kevin",Bank of Utah Championship,Black Desert Resort,60,—,—,—,2025,2024,2023,2022,19 (+0.48),26 (+1.47),31 (+0.57),62 (+0.30),11 (+2.22),CUT (+1.17),CUT (+0.92),5,60.0,1,7.12,1.02,4,,38.0,25.0,34.0,22.0,28.0,STROKES GAINED PUTTING,BALL STRIKING,BIRDIE OR BETTER %,STROKES GAINED TOTAL,STROKES GAINED TEE TO GREEN,44.0
"Grillo, Emiliano","Grillo, Emiliano",Bank of Utah Championship,Black Desert Resort,WD,—,—,—,2025,2024,2023,2022,CUT (-0.30),31 (+0.24),7 (+2.01),26 (+2.03),23 (+0.51),20 (+1.35),42 (+1.10),0,,1,6.94,0.99,5,,59.0,35.0,45.0,50.0,37.0,STROKES GAINED PUTTING,BALL STRIKING,BIRDIE OR BETTER %,STROKES GAINED TOTAL,STROKES GAINED TEE TO GREEN,
"Fishburn, Patrick","Fishburn, Patrick",Bank of Utah Championship,Black Desert Resort,CUT,CUT,—,—,2025,2024,2023,2022,49 (+1.27),50 (+0.49),16 (+1.58),42 (+0.86),CUT (+1.55),67 (+0.33),29 (+0.76),4,100.0,2,6.83,0.98,6,,47.0,7.0,71.0,39.0,38.0,STROKES GAINED PUTTING,BALL STRIKING,BIRDIE OR BETTER %,STROKES GAINED TOTAL,STROKES GAINED TEE TO GREEN,51.0
"Mouw, William","Mouw, William",Bank of Utah Championship,Black Desert Resort,CUT,—,—,—,2025,2024,2023,2022,CUT (-0.17),68 (+0.07),CUT (+1.66),10 (+2.65),26 (+1.42),65 (+0.27),20 (+0.88),0,100.0,1,6.78,0.97,7,,73.0,5.0,67.0,55.0,29.0,STROKES GAINED PUTTING,BALL STRIKING,BIRDIE OR BETTER %,STROKES GAINED TOTAL,STROKES GAINED TEE TO GREEN,51.0
"James, Ben","James, Ben",Bank of Utah Championship,Black Desert Resort,—,—,—,—,2025,2024,2023,2022,3 (+3.43),38 (+0.77),CUT (-1.40),4 (+2.75),15 (+1.49),62 (-1.48),23 (+1.16),2,,0,6.72,0.96,8,,,,,,,STROKES GAINED PUTTING,BALL STRIKING,BIRDIE OR BETTER %,STROKES GAINED TOTAL,STROKES GAINED TEE TO GREEN,
"Kohles, Ben","Kohles, Ben",Bank of Utah Championship,Black Desert Resort,20,46,—,—,2025,2024,2023,2022,29 (+0.49),26 (+0.19),9 (+1.50),15 (+1.83),3 (+0.89),19 (+1.95),23 (-0.33),9,33.0,2,6.51,0.93,9,,91.0,13.0,1.0,3.0,2.0,STROKES GAINED PUTTING,BALL STRIKING,BIRDIE OR BETTER %,STROKES GAINED TOTAL,STROKES GAINED TEE TO GREEN,19.0
"Hughes, Mackenzie","Hughes, Mackenzie",Bank of Utah Championship,Black Desert Resort,—,—,—,—,2025,2024,2023,2022,29 (+0.28),CUT (+0.50),44 (+0.58),20 (+2.59),10 (+0.53),46 (+0.82),CUT (+1.17),1,,0,6.47,0.92,10,,11.0,54.0,50.0,20.0,43.0,STROKES GAINED PUTTING,BALL STRIKING,BIRDIE OR BETTER %,STROKES GAINED TOTAL,STROKES GAINED TEE TO GREEN,
"Wallace, Matt","Wallace, Matt",Bank of Utah Championship,Black Desert Resort,CUT,—,—,—,2025,2024,2023,2022,7 (+0.99),5 (+0.84),40 (+0.48),CUT (-0.33),33 (+0.56),2 (+3.35),CUT (+0.57),3,100.0,1,6.46,0.92,11,,49.0,55.0,42.0,9.0,9.0,STROKES GAINED PUTTING,BALL STRIKING,BIRDIE OR BETTER %,STROKES GAINED TOTAL,STROKES GAINED TEE TO GREEN,51.0
"Horschel, Billy","Horschel, Billy",Bank of Utah Championship,Black Desert Resort,11,—,—,—,2025,2024,2023,2022,12 (+2.05),CUT (+0.96),13 (+1.95),CUT (+0.72),CUT (-0.50),CUT (+0.15),15 (+1.03),1,11.0,1,6.36,0.91,12,,43.0,71.0,27.0,53.0,52.0,STROKES GAINED PUTTING,BALL STRIKING,BIRDIE OR BETTER %,STROKES GAINED TOTAL,STROKES GAINED TEE TO GREEN,8.0
"Finau, Tony","Finau, Tony",Bank of Utah Championship,Black Desert Resort,—,—,—,—,2025,2024,2023,2022,61 (+0.11),71 (+0.83),CUT (+1.60),58 (-0.02),55 (-0.02),40 (+2.24),29 (+0.87),2,,0,5.61,0.8,13,,67.0,75.0,22.0,63.0,45.0,STROKES GAINED PUTTING,BALL STRIKING,BIRDIE OR BETTER %,STROKES GAINED TOTAL,STROKES GAINED TEE TO GREEN,
"Greyserman, Max","Greyserman, Max",Bank of Utah Championship,Black Desert Resort,—,—,—,—,2025,2024,2023,2022,77 (+0.85),50 (+1.41),31 (+1.60),CUT (-0.06),36 (+0.85),CUT (+0.81),43 (+0.14),3,,0,5.59,0.8,14,,21.0,66.0,12.0,36.0,54.0,STROKES GAINED PUTTING,BALL STRIKING,BIRDIE OR BETTER %,STROKES GAINED TOTAL,STROKES GAINED TEE TO GREEN,
"Glover, Lucas","Glover, Lucas",Bank of Utah Championship,Black Desert Resort,—,3,—,—,2025,2024,2023,2022,CUT (+0.40),CUT (+0.83),57 (-0.22),5 (+2.66),3 (+2.11),66 (-0.63),CUT (+0.45),0,3.0,1,5.59,0.8,14,,92.0,41.0,90.0,81.0,44.0,STROKES GAINED PUTTING,BALL STRIKING,BIRDIE OR BETTER %,STROKES GAINED TOTAL,STROKES GAINED TEE TO GREEN,3.0
"McCarty, Matt","McCarty, Matt",Bank of Utah Championship,Black Desert Resort,3,1,—,—,2025,2024,2023,2022,33 (-0.65),63 (+0.60),29 (+1.74),50 (+1.07),CUT (+0.86),CUT (+0.99),30 (+0.27),4,2.0,2,4.87,0.7,16,,17.0,76.0,48.0,58.0,76.0,STROKES GAINED PUTTING,BALL STRIKING,BIRDIE OR BETTER %,STROKES GAINED TOTAL,STROKES GAINED TEE TO GREEN,2.0
"Meissner, Mac","Meissner, Mac",Bank of Utah Championship,Black Desert Resort,27,25,—,—,2025,2024,2023,2022,CUT (+1.99),26 (+0.55),CUT (+0.69),30 (+0.97),6 (+1.67),44 (-0.23),CUT (-0.91),0,26.0,2,4.73,0.68,17,,29.0,61.0,18.0,10.0,20.0,STROKES GAINED PUTTING,BALL STRIKING,BIRDIE OR BETTER %,STROKES GAINED TOTAL,STROKES GAINED TEE TO GREEN,17.0
"Penge, Marco","Penge, Marco",Bank of Utah Championship,Black Desert Resort,—,—,—,—,2025,2024,2023,2022,38 (+0.68),45 (+0.45),18 (-0.38),CUT (+2.32),9 (+1.98),CUT (-0.05),30 (-0.35),3,,0,4.66,0.67,18,,76.0,46.0,44.0,49.0,25.0,STROKES GAINED PUTTING,BALL STRIKING,BIRDIE OR BETTER %,STROKES GAINED TOTAL,STROKES GAINED TEE TO GREEN,
"Hoey, Rico","Hoey, Rico",Bank of Utah Championship,Black Desert Resort,2,21,—,—,2025,2024,2023,2022,25 (+0.65),15 (+1.29),62 (-0.59),67 (+0.90),49 (+1.44),CUT (+1.32),CUT (-0.36),5,11.5,2,4.66,0.67,18,,74.0,16.0,39.0,45.0,21.0,STROKES GAINED PUTTING,BALL STRIKING,BIRDIE OR BETTER %,STROKES GAINED TOTAL,STROKES GAINED TEE TO GREEN,10.0
"McCarthy, Denny","McCarthy, Denny",Bank of Utah Championship,Black Desert Resort,—,—,—,—,2025,2024,2023,2022,29 (+1.26),CUT (-0.08),3 (+1.24),39 (+0.70),CUT (+1.47),14 (+0.57),60 (-0.51),1,,0,4.66,0.67,18,,7.0,79.0,72.0,43.0,69.0,STROKES GAINED PUTTING,BALL STRIKING,BIRDIE OR BETTER %,STROKES GAINED TOTAL,STROKES GAINED TEE TO GREEN,
"Ghim, Doug","Ghim, Doug",Bank of Utah Championship,Black Desert Resort,63,25,—,—,2025,2024,2023,2022,19 (+0.59),15 (+0.51),CUT (+1.10),CUT (+0.08),6 (+1.02),15 (+1.29),28 (-0.11),2,44.0,2,4.48,0.64,21,,51.0,2.0,5.0,5.0,4.0,STROKES GAINED PUTTING,BALL STRIKING,BIRDIE OR BETTER %,STROKES GAINED TOTAL,STROKES GAINED TEE TO GREEN,32.0
"Chatfield, Davis","Chatfield, Davis",Bank of Utah Championship,Black Desert Resort,—,—,—,—,2025,2024,2023,2022,25 (+1.18),CUT (-1.31),16 (+1.76),34 (+0.75),5 (+2.24),33 (+0.98),CUT (-1.22),1,,0,4.38,0.63,22,,40.0,39.0,56.0,48.0,50.0,STROKES GAINED PUTTING,BALL STRIKING,BIRDIE OR BETTER %,STROKES GAINED TOTAL,STROKES GAINED TEE TO GREEN,
"Hossler, Beau","Hossler, Beau",Bank of Utah Championship,Black Desert Resort,CUT,11,—,—,2025,2024,2023,2022,2 (+0.81),45 (-0.05),56 (+0.04),42 (+0.55),21 (+1.01),39 (+0.84),45 (+0.82),7,55.5,2,4.02,0.57,23,,6.0,36.0,29.0,7.0,27.0,STROKES GAINED PUTTING,BALL STRIKING,BIRDIE OR BETTER %,STROKES GAINED TOTAL,STROKES GAINED TEE TO GREEN,42.0
"Bezuidenhout, Christiaan","Bezuidenhout, Christiaan",Bank of Utah Championship,Black Desert Resort,42,—,—,—,2025,2024,2023,2022,38 (+0.52),45 (-0.06),20 (+1.17),69 (-0.50),21 (+1.24),12 (+1.52),54 (-0.00),8,42.0,1,3.88,0.55,24,,10.0,47.0,37.0,8.0,24.0,STROKES GAINED PUTTING,BALL STRIKING,BIRDIE OR BETTER %,STROKES GAINED TOTAL,STROKES GAINED TEE TO GREEN,26.0
"Hodges, Lee","Hodges, Lee",Bank of Utah Championship,Black Desert Resort,CUT,8,—,—,2025,2024,2023,2022,72 (-0.28),CUT (+0.27),20 (+1.54),CUT (-0.45),3 (+0.92),CUT (+0.85),35 (+0.73),1,54.0,2,3.57,0.51,25,,32.0,18.0,43.0,28.0,36.0,STROKES GAINED PUTTING,BALL STRIKING,BIRDIE OR BETTER %,STROKES GAINED TOTAL,STROKES GAINED TEE TO GREEN,40.0
"Yu, Kevin","Yu, Kevin",Bank of Utah Championship,Black Desert Resort,15,—,—,—,2025,2024,2023,2022,4 (-0.04),31 (+0.43),16 (+0.25),24 (+0.31),CUT (-0.85),15 (+1.88),29 (+1.49),4,15.0,1,3.48,0.5,26,,55.0,10.0,3.0,19.0,13.0,STROKES GAINED PUTTING,BALL STRIKING,BIRDIE OR BETTER %,STROKES GAINED TOTAL,STROKES GAINED TEE TO GREEN,11.0
"Duncan, Tyler","Duncan, Tyler",Bank of Utah Championship,Black Desert Resort,—,25,—,—,2025,2024,2023,2022,CUT (+0.35),CUT (+0.14),CUT (+0.02),12 (+0.73),13 (+0.50),28 (+1.35),CUT (+0.15),0,25.0,1,3.24,0.46,27,,22.0,27.0,28.0,15.0,32.0,STROKES GAINED PUTTING,BALL STRIKING,BIRDIE OR BETTER %,STROKES GAINED TOTAL,STROKES GAINED TEE TO GREEN,15.0
"Clanton, Luke","Clanton, Luke",Bank of Utah Championship,Black Desert Resort,56,—,—,—,2025,2024,2023,2022,CUT (+0.59),20 (+1.24),CUT (-0.32),CUT (-0.17),CUT (+0.37),CUT (+1.62),54 (-0.12),0,56.0,1,3.2,0.46,28,,84.0,50.0,86.0,76.0,58.0,STROKES GAINED PUTTING,BALL STRIKING,BIRDIE OR BETTER %,STROKES GAINED TOTAL,STROKES GAINED TEE TO GREEN,43.0
"Homa, Max","Homa, Max",Bank of Utah Championship,Black Desert Resort,9,—,—,—,2025,2024,2023,2022,24 (-0.13),CUT (+0.45),28 (+0.50),39 (-0.44),2 (+2.08),20 (-0.09),22 (+0.82),1,9.0,1,3.18,0.45,29,,24.0,65.0,66.0,41.0,57.0,STROKES GAINED PUTTING,BALL STRIKING,BIRDIE OR BETTER %,STROKES GAINED TOTAL,STROKES GAINED TEE TO GREEN,7.0
"Kirk, Chris","Kirk, Chris",Bank of Utah Championship,Black Desert Resort,—,35,—,—,2025,2024,2023,2022,72 (+0.80),8 (+1.84),31 (+0.87),61 (-0.93),CUT (+0.88),CUT (+0.24),CUT (-0.60),4,35.0,1,3.11,0.44,30,,86.0,24.0,24.0,34.0,11.0,STROKES GAINED PUTTING,BALL STRIKING,BIRDIE OR BETTER %,STROKES GAINED TOTAL,STROKES GAINED TEE TO GREEN,21.0
"Wise, Aaron","Wise, Aaron",Bank of Utah Championship,Black Desert Resort,—,—,—,—,2025,2024,2023,2022,DQ (+0.33),CUT (+0.30),CUT (-2.22),15 (+1.75),3 (+2.49),39 (-0.52),CUT (+0.92),0,,0,3.05,0.44,31,,,,,,,STROKES GAINED PUTTING,BALL STRIKING,BIRDIE OR BETTER %,STROKES GAINED TOTAL,STROKES GAINED TEE TO GREEN,
"Blair, Zac","Blair, Zac",Bank of Utah Championship,Black Desert Resort,20,66,—,—,2025,2024,2023,2022,CUT (-0.65),50 (-0.84),13 (+1.22),8 (+1.86),9 (+0.58),27 (+0.73),32 (+0.10),0,43.0,2,2.99,0.43,32,,4.0,28.0,13.0,2.0,3.0,STROKES GAINED PUTTING,BALL STRIKING,BIRDIE OR BETTER %,STROKES GAINED TOTAL,STROKES GAINED TEE TO GREEN,29.0
"Phillips, Chandler","Phillips, Chandler",Bank of Utah Championship,Black Desert Resort,CUT,CUT,—,—,2025,2024,2023,2022,22 (+0.98),CUT (-0.11),3 (+0.69),15 (+0.90),15 (+0.87),CUT (-1.74),15 (+1.15),1,100.0,2,2.75,0.39,33,,18.0,67.0,31.0,44.0,61.0,STROKES GAINED PUTTING,BALL STRIKING,BIRDIE OR BETTER %,STROKES GAINED TOTAL,STROKES GAINED TEE TO GREEN,51.0
"Springer, Hayden","Springer, Hayden",Bank of Utah Championship,Black Desert Resort,20,CUT,—,—,2025,2024,2023,2022,29 (+0.76),CUT (+1.05),CUT (-0.14),24 (+0.58),CUT (+0.65),58 (+1.08),CUT (-1.23),1,60.0,2,2.75,0.39,33,,19.0,23.0,2.0,1.0,1.0,STROKES GAINED PUTTING,BALL STRIKING,BIRDIE OR BETTER %,STROKES GAINED TOTAL,STROKES GAINED TEE TO GREEN,44.0
"Suber, Jackson","Suber, Jackson",Bank of Utah Championship,Black Desert Resort,15,—,—,—,2025,2024,2023,2022,22 (+0.10),50 (+1.44),CUT (-1.25),28 (+1.38),6 (+1.84),30 (+0.27),CUT (-1.06),2,15.0,1,2.73,0.39,35,,71.0,20.0,4.0,13.0,8.0,STROKES GAINED PUTTING,BALL STRIKING,BIRDIE OR BETTER %,STROKES GAINED TOTAL,STROKES GAINED TEE TO GREEN,11.0
"Power, Seamus","Power, Seamus",Bank of Utah Championship,Black Desert Resort,59,11,—,—,2025,2024,2023,2022,CUT (-0.17),CUT (-0.42),10 (+0.87),11 (+1.40),WD (+1.12),CUT (+0.46),54 (-0.64),0,35.0,2,2.62,0.37,36,,9.0,38.0,19.0,25.0,56.0,STROKES GAINED PUTTING,BALL STRIKING,BIRDIE OR BETTER %,STROKES GAINED TOTAL,STROKES GAINED TEE TO GREEN,21.0
"Jaeger, Stephan","Jaeger, Stephan",Bank of Utah Championship,Black Desert Resort,11,2,—,—,2025,2024,2023,2022,CUT (-0.13),26 (+1.04),CUT (-0.11),CUT (+0.46),15 (+1.24),15 (+0.92),CUT (-0.89),0,6.5,2,2.53,0.36,37,,26.0,60.0,11.0,32.0,48.0,STROKES GAINED PUTTING,BALL STRIKING,BIRDIE OR BETTER %,STROKES GAINED TOTAL,STROKES GAINED TEE TO GREEN,6.0
"Cole, Eric","Cole, Eric",Bank of Utah Championship,Black Desert Resort,—,—,—,—,2025,2024,2023,2022,28 (-0.89),58 (-0.16),29 (+0.71),CUT (+1.62),53 (+1.08),70 (-0.43),39 (+0.56),3,,0,2.5,0.36,38,,3.0,86.0,7.0,18.0,55.0,STROKES GAINED PUTTING,BALL STRIKING,BIRDIE OR BETTER %,STROKES GAINED TOTAL,STROKES GAINED TEE TO GREEN,
"Putnam, Andrew","Putnam, Andrew",Bank of Utah Championship,Black Desert Resort,CUT,—,—,—,2025,2024,2023,2022,54 (+0.47),CUT (+0.30),CUT (+0.10),52 (-0.04),51 (-0.22),65 (+0.46),CUT (+1.40),1,100.0,1,2.46,0.35,39,,25.0,49.0,76.0,33.0,49.0,STROKES GAINED PUTTING,BALL STRIKING,BIRDIE OR BETTER %,STROKES GAINED TOTAL,STROKES GAINED TEE TO GREEN,51.0
"Ventura, Kristoffer","Ventura, Kristoffer",Bank of Utah Championship,Black Desert Resort,—,—,—,—,2025,2024,2023,2022,54 (+0.42),5 (+1.86),51 (+0.03),15 (+1.05),5 (+2.24),43 (-1.10),CUT (-2.06),6,,0,2.44,0.35,40,,50.0,3.0,62.0,31.0,30.0,STROKES GAINED PUTTING,BALL STRIKING,BIRDIE OR BETTER %,STROKES GAINED TOTAL,STROKES GAINED TEE TO GREEN,
"McNealy, Maverick","McNealy, Maverick",Bank of Utah Championship,Black Desert Resort,CUT,—,—,—,2025,2024,2023,2022,7 (+0.41),19 (+0.62),25 (-0.03),34 (+1.06),CUT (-0.42),55 (-0.00),32 (+0.78),4,100.0,1,2.42,0.35,41,,2.0,51.0,14.0,6.0,26.0,STROKES GAINED PUTTING,BALL STRIKING,BIRDIE OR BETTER %,STROKES GAINED TOTAL,STROKES GAINED TEE TO GREEN,51.0
"Smith, Jordan","Smith, Jordan",Bank of Utah Championship,Black Desert Resort,—,—,—,—,2025,2024,2023,2022,55 (-1.16),14 (+1.93),31 (+1.20),39 (+0.51),18 (+0.60),21 (+0.86),CUT (-1.72),6,,0,2.23,0.32,42,,69.0,1.0,57.0,21.0,10.0,STROKES GAINED PUTTING,BALL STRIKING,BIRDIE OR BETTER %,STROKES GAINED TOTAL,STROKES GAINED TEE TO GREEN,
"Lower, Justin","Lower, Justin",Bank of Utah Championship,Black Desert Resort,3,CUT,—,—,2025,2024,2023,2022,77 (-0.03),38 (+1.19),CUT (-0.24),42 (+1.26),59 (+0.61),CUT (-0.22),CUT (-0.35),2,51.5,2,2.22,0.32,43,,57.0,63.0,74.0,74.0,79.0,STROKES GAINED PUTTING,BALL STRIKING,BIRDIE OR BETTER %,STROKES GAINED TOTAL,STROKES GAINED TEE TO GREEN,35.0
"Neergaard-Petersen, Rasmus","Neergaard-Petersen, Rasmus",Bank of Utah Championship,Black Desert Resort,—,—,—,—,2025,2024,2023,2022,CUT (-1.60),CUT (-0.81),20 (+1.51),9 (+1.91),36 (+0.44),56 (-0.27),39 (+1.00),0,,0,2.18,0.31,44,,46.0,21.0,78.0,29.0,31.0,STROKES GAINED PUTTING,BALL STRIKING,BIRDIE OR BETTER %,STROKES GAINED TOTAL,STROKES GAINED TEE TO GREEN,
"Kanaya, Takumi","Kanaya, Takumi",Bank of Utah Championship,Black Desert Resort,33,—,—,—,2025,2024,2023,2022,CUT (-0.33),CUT (+0.02),CUT (+1.33),CUT (-0.35),15 (+0.90),CUT (-0.18),29 (+0.71),0,33.0,1,2.09,0.3,45,,14.0,74.0,93.0,52.0,70.0,STROKES GAINED PUTTING,BALL STRIKING,BIRDIE OR BETTER %,STROKES GAINED TOTAL,STROKES GAINED TEE TO GREEN,19.0
"Parry, John","Parry, John",Bank of Utah Championship,Black Desert Resort,—,—,—,—,2025,2024,2023,2022,38 (+0.68),CUT (-0.31),24 (+1.26),28 (+1.03),CUT (-1.01),11 (+2.14),CUT (-1.72),1,,0,2.07,0.3,46,,61.0,30.0,73.0,30.0,17.0,STROKES GAINED PUTTING,BALL STRIKING,BIRDIE OR BETTER %,STROKES GAINED TOTAL,STROKES GAINED TEE TO GREEN,
"Pendrith, Taylor","Pendrith, Taylor",Bank of Utah Championship,Black Desert Resort,—,—,—,—,2025,2024,2023,2022,38 (+0.13),CUT (+1.05),CUT (+0.46),CUT (-0.18),2 (+2.46),CUT (-1.92),61 (+0.00),1,,0,2.02,0.29,47,,78.0,12.0,41.0,59.0,33.0,STROKES GAINED PUTTING,BALL STRIKING,BIRDIE OR BETTER %,STROKES GAINED TOTAL,STROKES GAINED TEE TO GREEN,
"Dahmen, Joel","Dahmen, Joel",Bank of Utah Championship,Black Desert Resort,CUT,40,—,—,2025,2024,2023,2022,38 (-0.01),CUT (-0.38),34 (-0.02),24 (+1.09),30 (+0.82),46 (-0.03),CUT (+0.51),1,70.0,2,1.98,0.28,48,,85.0,14.0,64.0,56.0,18.0,STROKES GAINED PUTTING,BALL STRIKING,BIRDIE OR BETTER %,STROKES GAINED TOTAL,STROKES GAINED TEE TO GREEN,49.0
"Keefer, Johnny","Keefer, Johnny",Bank of Utah Championship,Black Desert Resort,—,—,—,—,2025,2024,2023,2022,CUT (-0.60),60 (-0.05),CUT (-1.01),59 (+0.16),3 (+2.97),CUT (-0.42),39 (+0.66),0,,0,1.7,0.24,49,,65.0,4.0,35.0,23.0,12.0,STROKES GAINED PUTTING,BALL STRIKING,BIRDIE OR BETTER %,STROKES GAINED TOTAL,STROKES GAINED TEE TO GREEN,
"Eckroat, Austin","Eckroat, Austin",Bank of Utah Championship,Black Desert Resort,—,—,—,—,2025,2024,2023,2022,38 (+0.56),38 (-0.38),57 (+0.11),CUT (+2.05),30 (+0.27),58 (+1.04),73 (-2.00),3,,0,1.65,0.24,50,,36.0,57.0,10.0,38.0,41.0,STROKES GAINED PUTTING,BALL STRIKING,BIRDIE OR BETTER %,STROKES GAINED TOTAL,STROKES GAINED TEE TO GREEN,
"Svensson, Adam","Svensson, Adam",Bank of Utah Championship,Black Desert Resort,56,25,—,—,2025,2024,2023,2022,CUT (+0.61),70 (-0.07),CUT (+0.83),CUT (-0.78),66 (+0.24),CUT (+0.98),60 (-0.16),0,40.5,2,1.64,0.23,51,,77.0,64.0,58.0,77.0,62.0,STROKES GAINED PUTTING,BALL STRIKING,BIRDIE OR BETTER %,STROKES GAINED TOTAL,STROKES GAINED TEE TO GREEN,25.0
"Ramey, Chad","Ramey, Chad",Bank of Utah Championship,Black Desert Resort,33,21,—,—,2025,2024,2023,2022,38 (-0.35),CUT (+0.23),CUT (+0.61),62 (+1.29),30 (+0.98),CUT (-0.93),CUT (-0.29),1,27.0,2,1.53,0.22,52,,15.0,70.0,52.0,54.0,71.0,STROKES GAINED PUTTING,BALL STRIKING,BIRDIE OR BETTER %,STROKES GAINED TOTAL,STROKES GAINED TEE TO GREEN,18.0
"Shipley, Neal","Shipley, Neal",Bank of Utah Championship,Black Desert Resort,—,—,—,—,2025,2024,2023,2022,67 (-0.32),50 (+0.77),44 (+0.62),CUT (+1.71),CUT (-1.71),65 (+0.21),51 (+0.25),3,,0,1.52,0.22,53,,79.0,8.0,77.0,60.0,34.0,STROKES GAINED PUTTING,BALL STRIKING,BIRDIE OR BETTER %,STROKES GAINED TOTAL,STROKES GAINED TEE TO GREEN,
"Garnett, Brice","Garnett, Brice",Bank of Utah Championship,Black Desert Resort,CUT,CUT,—,—,2025,2024,2023,2022,CUT (+0.37),CUT (-0.10),CUT (+0.83),CUT (+0.91),CUT (+0.07),CUT (-0.46),4 (-0.18),0,100.0,2,1.43,0.2,54,,48.0,40.0,83.0,71.0,80.0,STROKES GAINED PUTTING,BALL STRIKING,BIRDIE OR BETTER %,STROKES GAINED TOTAL,STROKES GAINED TEE TO GREEN,51.0
"Hall, Harry","Hall, Harry",Bank of Utah Championship,Black Desert Resort,—,35,—,—,2025,2024,2023,2022,24 (+0.45),5 (+0.66),CUT (+0.47),CUT (+0.26),CUT (+0.51),51 (+0.15),CUT (-1.08),2,35.0,1,1.41,0.2,55,,13.0,85.0,25.0,27.0,51.0,STROKES GAINED PUTTING,BALL STRIKING,BIRDIE OR BETTER %,STROKES GAINED TOTAL,STROKES GAINED TEE TO GREEN,21.0
"Lebioda, Hank","Lebioda, Hank",Bank of Utah Championship,Black Desert Resort,—,—,—,—,2025,2024,2023,2022,CUT (-0.74),42 (+0.28),24 (+1.12),69 (+0.00),CUT (-0.44),CUT (+0.44),CUT (+0.52),0,,0,1.18,0.17,56,,81.0,45.0,84.0,66.0,46.0,STROKES GAINED PUTTING,BALL STRIKING,BIRDIE OR BETTER %,STROKES GAINED TOTAL,STROKES GAINED TEE TO GREEN,
"Whaley, Vince","Whaley, Vince",Bank of Utah Championship,Black Desert Resort,37,67,—,—,2025,2024,2023,2022,CUT (-2.23),CUT (+0.80),34 (+0.38),CUT (+1.05),CUT (+0.87),CUT (+0.05),65 (+0.06),0,52.0,2,0.99,0.14,57,,1.0,95.0,69.0,78.0,93.0,STROKES GAINED PUTTING,BALL STRIKING,BIRDIE OR BETTER %,STROKES GAINED TOTAL,STROKES GAINED TEE TO GREEN,38.0
"Lipsky, David","Lipsky, David",Bank of Utah Championship,Black Desert Resort,33,CUT,—,—,2025,2024,2023,2022,CUT (-0.33),31 (-0.07),CUT (+0.67),49 (+0.78),21 (+1.12),CUT (-1.50),CUT (+0.17),0,66.5,2,0.84,0.12,58,,39.0,69.0,40.0,61.0,65.0,STROKES GAINED PUTTING,BALL STRIKING,BIRDIE OR BETTER %,STROKES GAINED TOTAL,STROKES GAINED TEE TO GREEN,48.0
"Silverman, Ben","Silverman, Ben",Bank of Utah Championship,Black Desert Resort,3,—,—,—,2025,2024,2023,2022,CUT (-0.57),CUT (+0.48),CUT (-0.78),CUT (+0.66),3 (+1.48),CUT (-0.77),CUT (+0.26),0,3.0,1,0.77,0.11,59,,,,,,,STROKES GAINED PUTTING,BALL STRIKING,BIRDIE OR BETTER %,STROKES GAINED TOTAL,STROKES GAINED TEE TO GREEN,3.0
"Hubbard, Mark","Hubbard, Mark",Bank of Utah Championship,Black Desert Resort,CUT,CUT,—,—,2025,2024,2023,2022,CUT (+0.99),61 (+0.62),34 (+0.52),CUT (-2.18),46 (+1.06),70 (+0.11),CUT (-0.43),0,100.0,2,0.69,0.1,60,,90.0,73.0,79.0,75.0,39.0,STROKES GAINED PUTTING,BALL STRIKING,BIRDIE OR BETTER %,STROKES GAINED TOTAL,STROKES GAINED TEE TO GREEN,51.0
"Svensson, Jesper","Svensson, Jesper",Bank of Utah Championship,Black Desert Resort,15,—,—,—,2025,2024,2023,2022,CUT (-2.83),CUT (-0.97),44 (+1.00),78 (-0.33),52 (+0.59),4 (+2.00),9 (+1.13),0,15.0,1,0.59,0.08,61,,,,,,,STROKES GAINED PUTTING,BALL STRIKING,BIRDIE OR BETTER %,STROKES GAINED TOTAL,STROKES GAINED TEE TO GREEN,11.0
"Wu, Dylan","Wu, Dylan",Bank of Utah Championship,Black Desert Resort,CUT,69,—,—,2025,2024,2023,2022,CUT (-2.45),65 (+0.74),CUT (+0.04),CUT (+0.97),34 (+0.74),CUT (+0.12),72 (+0.39),0,84.5,2,0.55,0.08,62,,60.0,44.0,60.0,73.0,73.0,STROKES GAINED PUTTING,BALL STRIKING,BIRDIE OR BETTER %,STROKES GAINED TOTAL,STROKES GAINED TEE TO GREEN,50.0
"Shelley, Tyson","Shelley, Tyson",Bank of Utah Championship,Black Desert Resort,—,—,—,—,2025,2024,2023,2022,CUT (-1.42),12 (+1.71),—,—,—,—,—,0,,0,0.29,0.15,63,,,,,,,STROKES GAINED PUTTING,BALL STRIKING,BIRDIE OR BETTER %,STROKES GAINED TOTAL,STROKES GAINED TEE TO GREEN,
"Higgo, Garrick","Higgo, Garrick",Bank of Utah Championship,Black Desert Resort,—,CUT,—,—,2025,2024,2023,2022,CUT (-0.46),CUT (+0.01),48 (+0.88),CUT (+0.56),CUT (+0.26),32 (-1.61),19 (+0.52),0,100.0,1,0.16,0.02,64,,52.0,88.0,95.0,88.0,88.0,STROKES GAINED PUTTING,BALL STRIKING,BIRDIE OR BETTER %,STROKES GAINED TOTAL,STROKES GAINED TEE TO GREEN,51.0
"Taylor, Nick","Taylor, Nick",Bank of Utah Championship,Black Desert Resort,—,25,—,—,2025,2024,2023,2022,39 (-1.05),72 (+0.40),61 (+0.17),59 (-0.24),26 (+0.85),25 (-0.55),CUT (+0.51),6,25.0,1,0.1,0.01,65,,31.0,68.0,63.0,24.0,35.0,STROKES GAINED PUTTING,BALL STRIKING,BIRDIE OR BETTER %,STROKES GAINED TOTAL,STROKES GAINED TEE TO GREEN,15.0
"Malnati, Peter","Malnati, Peter",Bank of Utah Championship,Black Desert Resort,—,CUT,—,—,2025,2024,2023,2022,80 (+0.07),68 (-0.10),CUT (-0.61),34 (+0.67),CUT (+0.59),58 (-0.13),CUT (-0.43),2,100.0,1,0.06,0.01,66,,12.0,90.0,46.0,80.0,92.0,STROKES GAINED PUTTING,BALL STRIKING,BIRDIE OR BETTER %,STROKES GAINED TOTAL,STROKES GAINED TEE TO GREEN,51.0
"Bracken, Boston","Bracken, Boston",Bank of Utah Championship,Black Desert Resort,—,—,—,—,2025,2024,2023,2022,—,—,—,—,—,—,—,0,,0,0.0,,67,,,,,,,STROKES GAINED PUTTING,BALL STRIKING,BIRDIE OR BETTER %,STROKES GAINED TOTAL,STROKES GAINED TEE TO GREEN,
"Bauchou, Zach","Bauchou, Zach",Bank of Utah Championship,Black Desert Resort,—,—,—,—,2025,2024,2023,2022,14 (+1.93),CUT (-3.32),44 (+0.26),9 (+2.25),CUT (+0.29),67 (-0.77),CUT (-0.87),1,,0,-0.24,-0.03,68,,28.0,48.0,6.0,11.0,23.0,STROKES GAINED PUTTING,BALL STRIKING,BIRDIE OR BETTER %,STROKES GAINED TOTAL,STROKES GAINED TEE TO GREEN,
"Ewart, A.J.","Ewart, A.J.",Bank of Utah Championship,Black Desert Resort,—,—,—,—,2025,2024,2023,2022,CUT (-0.60),CUT (-0.81),55 (-0.24),20 (+1.50),34 (+0.74),71 (-1.02),29 (+0.18),0,,0,-0.26,-0.04,69,,5.0,42.0,33.0,26.0,60.0,STROKES GAINED PUTTING,BALL STRIKING,BIRDIE OR BETTER %,STROKES GAINED TOTAL,STROKES GAINED TEE TO GREEN,
"Schenk, Adam","Schenk, Adam",Bank of Utah Championship,Black Desert Resort,47,—,—,—,2025,2024,2023,2022,WD (-1.40),50 (+0.68),CUT (-0.32),CUT (+0.79),CUT (+0.85),CUT (+0.01),74 (-0.88),0,47.0,1,-0.27,-0.04,70,,70.0,84.0,87.0,91.0,89.0,STROKES GAINED PUTTING,BALL STRIKING,BIRDIE OR BETTER %,STROKES GAINED TOTAL,STROKES GAINED TEE TO GREEN,33.0
"Moore, Taylor","Moore, Taylor",Bank of Utah Championship,Black Desert Resort,63,—,—,—,2025,2024,2023,2022,CUT (+1.39),CUT (-2.83),CUT (+0.56),40 (-0.29),60 (-1.20),14 (+0.59),17 (+1.46),0,63.0,1,-0.31,-0.04,71,,34.0,77.0,47.0,35.0,42.0,STROKES GAINED PUTTING,BALL STRIKING,BIRDIE OR BETTER %,STROKES GAINED TOTAL,STROKES GAINED TEE TO GREEN,47.0
"Hojgaard, Rasmus","Hojgaard, Rasmus",Bank of Utah Championship,Black Desert Resort,—,—,—,—,2025,2024,2023,2022,49 (+0.61),4 (+1.75),CUT (-0.01),CUT (+0.01),36 (+0.25),CUT (-2.86),62 (-0.09),2,,0,-0.32,-0.05,72,,,,,,,STROKES GAINED PUTTING,BALL STRIKING,BIRDIE OR BETTER %,STROKES GAINED TOTAL,STROKES GAINED TEE TO GREEN,
"Streelman, Kevin","Streelman, Kevin",Bank of Utah Championship,Black Desert Resort,CUT,3,—,—,2025,2024,2023,2022,38 (+0.06),CUT (-0.02),24 (+1.28),39 (+1.15),CUT (+0.43),42 (+0.36),CUT (-3.62),1,51.5,2,-0.35,-0.05,73,,,,,,,STROKES GAINED PUTTING,BALL STRIKING,BIRDIE OR BETTER %,STROKES GAINED TOTAL,STROKES GAINED TEE TO GREEN,35.0
"Davis, Cam","Davis, Cam",Bank of Utah Championship,Black Desert Resort,—,—,—,—,2025,2024,2023,2022,CUT (-0.39),CUT (+1.45),CUT (+0.93),21 (+1.34),CUT (-2.72),CUT (-0.01),CUT (-0.96),0,,0,-0.36,-0.05,74,,,,,,,STROKES GAINED PUTTING,BALL STRIKING,BIRDIE OR BETTER %,STROKES GAINED TOTAL,STROKES GAINED TEE TO GREEN,
"Rodgers, Patrick","Rodgers, Patrick",Bank of Utah Championship,Black Desert Resort,27,11,—,—,2025,2024,2023,2022,19 (-0.99),CUT (+0.44),WD (-0.08),CUT (+0.42),71 (+0.35),49 (-0.63),60 (+0.04),1,19.0,2,-0.45,-0.06,75,,27.0,83.0,55.0,62.0,75.0,STROKES GAINED PUTTING,BALL STRIKING,BIRDIE OR BETTER %,STROKES GAINED TOTAL,STROKES GAINED TEE TO GREEN,14.0
"Crowe, Trace","Crowe, Trace",Bank of Utah Championship,Black Desert Resort,—,54,—,—,2025,2024,2023,2022,38 (+1.33),CUT (-2.18),62 (+0.12),34 (+1.36),CUT (-1.88),39 (+0.27),CUT (+0.41),1,54.0,1,-0.58,-0.08,76,,,,,,,STROKES GAINED PUTTING,BALL STRIKING,BIRDIE OR BETTER %,STROKES GAINED TOTAL,STROKES GAINED TEE TO GREEN,40.0
"Martin, Ben","Martin, Ben",Bank of Utah Championship,Black Desert Resort,CUT,—,—,—,2025,2024,2023,2022,CUT (-1.18),69 (+1.21),21 (+0.95),CUT (-0.20),CUT (-1.02),CUT (-0.18),CUT (-0.41),0,100.0,1,-0.83,-0.12,77,,94.0,17.0,9.0,47.0,5.0,STROKES GAINED PUTTING,BALL STRIKING,BIRDIE OR BETTER %,STROKES GAINED TOTAL,STROKES GAINED TEE TO GREEN,51.0
"Hoge, Tom","Hoge, Tom",Bank of Utah Championship,Black Desert Resort,42,—,—,—,2025,2024,2023,2022,29 (+0.39),CUT (-1.52),CUT (+0.20),10 (+1.04),33 (-1.26),38 (+0.05),CUT (+0.10),1,42.0,1,-1.0,-0.14,78,,58.0,78.0,16.0,69.0,66.0,STROKES GAINED PUTTING,BALL STRIKING,BIRDIE OR BETTER %,STROKES GAINED TOTAL,STROKES GAINED TEE TO GREEN,26.0
"Skinns, David","Skinns, David",Bank of Utah Championship,Black Desert Resort,CUT,CUT,—,—,2025,2024,2023,2022,22 (-0.21),CUT (+0.10),30 (+0.87),CUT (+0.03),33 (-0.56),20 (+1.06),CUT (-2.78),1,100.0,2,-1.48,-0.21,79,,,,,,,STROKES GAINED PUTTING,BALL STRIKING,BIRDIE OR BETTER %,STROKES GAINED TOTAL,STROKES GAINED TEE TO GREEN,51.0
"Peterson, Paul","Peterson, Paul",Bank of Utah Championship,Black Desert Resort,51,—,—,—,2025,2024,2023,2022,CUT (-1.00),24 (+0.32),49 (+1.77),CUT (-0.18),67 (-0.50),CUT (-1.36),CUT (-0.83),0,51.0,1,-1.77,-0.25,80,,23.0,32.0,21.0,4.0,6.0,STROKES GAINED PUTTING,BALL STRIKING,BIRDIE OR BETTER %,STROKES GAINED TOTAL,STROKES GAINED TEE TO GREEN,34.0
"McGreevy, Max","McGreevy, Max",Bank of Utah Championship,Black Desert Resort,11,11,—,—,2025,2024,2023,2022,CUT (+0.78),CUT (-1.63),CUT (-0.43),11 (+0.31),CUT (-0.42),51 (-1.00),32 (+0.32),0,11.0,2,-2.07,-0.3,81,,80.0,31.0,70.0,37.0,14.0,STROKES GAINED PUTTING,BALL STRIKING,BIRDIE OR BETTER %,STROKES GAINED TOTAL,STROKES GAINED TEE TO GREEN,8.0
"Riley, Davis","Riley, Davis",Bank of Utah Championship,Black Desert Resort,—,—,—,—,2025,2024,2023,2022,CUT (-0.20),3 (+0.67),CUT (-0.20),42 (+0.50),69 (-0.71),65 (-1.85),CUT (-0.41),0,,0,-2.2,-0.31,82,,8.0,89.0,49.0,85.0,94.0,STROKES GAINED PUTTING,BALL STRIKING,BIRDIE OR BETTER %,STROKES GAINED TOTAL,STROKES GAINED TEE TO GREEN,
"Ford, David","Ford, David",Bank of Utah Championship,Black Desert Resort,3,—,—,—,2025,2024,2023,2022,59 (-0.46),CUT (-1.77),46 (+0.30),CUT (-0.74),16 (+1.36),32 (+0.76),CUT (-1.73),1,3.0,1,-2.27,-0.32,83,,,,,,,STROKES GAINED PUTTING,BALL STRIKING,BIRDIE OR BETTER %,STROKES GAINED TOTAL,STROKES GAINED TEE TO GREEN,3.0
"Van Rooyen, Erik","Van Rooyen, Erik",Bank of Utah Championship,Black Desert Resort,—,43,—,—,2025,2024,2023,2022,67 (-0.58),CUT (-0.09),CUT (-1.15),CUT (-0.22),26 (+0.40),20 (+0.35),70 (-0.99),1,43.0,1,-2.27,-0.32,83,,16.0,80.0,38.0,65.0,82.0,STROKES GAINED PUTTING,BALL STRIKING,BIRDIE OR BETTER %,STROKES GAINED TOTAL,STROKES GAINED TEE TO GREEN,29.0
"Kizzire, Patton","Kizzire, Patton",Bank of Utah Championship,Black Desert Resort,33,43,—,—,2025,2024,2023,2022,54 (+0.24),CUT (-0.63),WD (-0.28),39 (-0.18),CUT (+0.61),CUT (-1.46),CUT (-0.68),1,38.0,2,-2.38,-0.34,85,,66.0,93.0,89.0,90.0,90.0,STROKES GAINED PUTTING,BALL STRIKING,BIRDIE OR BETTER %,STROKES GAINED TOTAL,STROKES GAINED TEE TO GREEN,24.0
"Akina, Kihei","Akina, Kihei",Bank of Utah Championship,Black Desert Resort,CUT,CUT,—,—,2025,2024,2023,2022,81 (-1.82),16 (+1.36),CUT (+0.05),CUT (-1.98),—,—,—,2,100.0,2,-2.38,-0.6,85,,,,,,,STROKES GAINED PUTTING,BALL STRIKING,BIRDIE OR BETTER %,STROKES GAINED TOTAL,STROKES GAINED TEE TO GREEN,51.0
"Highsmith, Joe","Highsmith, Joe",Bank of Utah Championship,Black Desert Resort,CUT,6,—,—,2025,2024,2023,2022,77 (-0.95),42 (+0.57),CUT (-0.14),6 (+1.31),CUT (-1.92),CUT (-0.79),70 (-1.07),2,53.0,2,-2.97,-0.42,87,,68.0,87.0,75.0,83.0,81.0,STROKES GAINED PUTTING,BALL STRIKING,BIRDIE OR BETTER %,STROKES GAINED TOTAL,STROKES GAINED TEE TO GREEN,39.0
"Fisk, Steven","Fisk, Steven",Bank of Utah Championship,Black Desert Resort,CUT,—,—,—,2025,2024,2023,2022,CUT (-0.84),CUT (-2.72),CUT (-1.00),1 (+2.02),67 (-0.99),CUT (-0.57),10 (+0.91),0,100.0,1,-3.19,-0.46,88,,33.0,22.0,65.0,46.0,53.0,STROKES GAINED PUTTING,BALL STRIKING,BIRDIE OR BETTER %,STROKES GAINED TOTAL,STROKES GAINED TEE TO GREEN,51.0
"Dumont De Chassart, Adrien","Dumont De Chassart, Adrien",Bank of Utah Championship,Black Desert Resort,—,CUT,—,—,2025,2024,2023,2022,CUT (-0.85),CUT (-1.68),CUT (-0.65),39 (-0.31),51 (+0.20),53 (+0.24),CUT (-0.26),0,100.0,1,-3.3,-0.47,89,,20.0,82.0,59.0,42.0,59.0,STROKES GAINED PUTTING,BALL STRIKING,BIRDIE OR BETTER %,STROKES GAINED TOTAL,STROKES GAINED TEE TO GREEN,51.0
"Coody, Pierceson","Coody, Pierceson",Bank of Utah Championship,Black Desert Resort,3,CUT,—,—,2025,2024,2023,2022,19 (+0.64),WD (-2.23),CUT (-0.71),CUT (-0.21),28 (+0.96),CUT (-1.71),39 (-0.23),1,51.5,2,-3.49,-0.5,90,,37.0,37.0,15.0,40.0,47.0,STROKES GAINED PUTTING,BALL STRIKING,BIRDIE OR BETTER %,STROKES GAINED TOTAL,STROKES GAINED TEE TO GREEN,35.0
"Salinda, Isaiah","Salinda, Isaiah",Bank of Utah Championship,Black Desert Resort,42,—,—,—,2025,2024,2023,2022,CUT (+0.28),46 (+0.30),50 (+0.12),CUT (-1.33),30 (-0.26),CUT (-0.99),CUT (-1.62),0,42.0,1,-3.5,-0.5,91,,,,,,,STROKES GAINED PUTTING,BALL STRIKING,BIRDIE OR BETTER %,STROKES GAINED TOTAL,STROKES GAINED TEE TO GREEN,26.0
"Dou, Zecheng","Dou, Zecheng",Bank of Utah Championship,Black Desert Resort,—,—,—,—,2025,2024,2023,2022,CUT (-0.16),65 (+0.65),16 (+0.28),CUT (-0.61),CUT (-1.11),21 (-0.81),CUT (-1.81),0,,0,-3.56,-0.51,92,,35.0,34.0,20.0,16.0,22.0,STROKES GAINED PUTTING,BALL STRIKING,BIRDIE OR BETTER %,STROKES GAINED TOTAL,STROKES GAINED TEE TO GREEN,
"Mauss, Bowen","Mauss, Bowen",Bank of Utah Championship,Black Desert Resort,—,CUT,—,—,2025,2024,2023,2022,CUT (-3.87),—,—,—,—,—,—,0,100.0,1,-3.87,-3.87,93,,,,,,,STROKES GAINED PUTTING,BALL STRIKING,BIRDIE OR BETTER %,STROKES GAINED TOTAL,STROKES GAINED TEE TO GREEN,51.0
"Yellamaraju, Sudarshan","Yellamaraju, Sudarshan",Bank of Utah Championship,Black Desert Resort,—,—,—,—,2025,2024,2023,2022,47 (-0.33),CUT (+0.19),CUT (-1.51),52 (-0.03),CUT (-0.42),CUT (-2.65),8 (+0.71),1,,0,-4.04,-0.58,94,,45.0,26.0,30.0,12.0,15.0,STROKES GAINED PUTTING,BALL STRIKING,BIRDIE OR BETTER %,STROKES GAINED TOTAL,STROKES GAINED TEE TO GREEN,
"Thompson, Michael","Thompson, Michael",Bank of Utah Championship,Black Desert Resort,—,—,—,—,2025,2024,2023,2022,33 (+1.06),CUT (-1.76),66 (-0.81),60 (-0.54),CUT (-1.08),CUT (-1.97),29 (+0.95),1,,0,-4.15,-0.59,95,,,,,,,STROKES GAINED PUTTING,BALL STRIKING,BIRDIE OR BETTER %,STROKES GAINED TOTAL,STROKES GAINED TEE TO GREEN,
"Kang, Jeffrey","Kang, Jeffrey",Bank of Utah Championship,Black Desert Resort,—,—,—,—,2025,2024,2023,2022,CUT (-1.10),CUT (-1.31),64 (-1.49),48 (+0.25),CUT (-0.94),CUT (-0.42),42 (+0.25),0,,0,-4.77,-0.68,96,,89.0,94.0,92.0,84.0,72.0,STROKES GAINED PUTTING,BALL STRIKING,BIRDIE OR BETTER %,STROKES GAINED TOTAL,STROKES GAINED TEE TO GREEN,
"Todd, Brendon","Todd, Brendon",Bank of Utah Championship,Black Desert Resort,—,—,—,—,2025,2024,2023,2022,CUT (-0.75),CUT (-2.03),CUT (+0.46),67 (-0.83),CUT (+1.14),65 (-0.45),CUT (-2.33),0,,0,-4.77,-0.68,96,,,,,,,STROKES GAINED PUTTING,BALL STRIKING,BIRDIE OR BETTER %,STROKES GAINED TOTAL,STROKES GAINED TEE TO GREEN,
"Smotherman, Austin","Smotherman, Austin",Bank of Utah Championship,Black Desert Resort,—,WD,—,—,2025,2024,2023,2022,67 (+0.16),CUT (-2.11),24 (+0.08),CUT (-3.21),58 (-0.06),CUT (+0.19),42 (-0.04),1,,1,-4.99,-0.71,98,,88.0,9.0,26.0,57.0,19.0,STROKES GAINED PUTTING,BALL STRIKING,BIRDIE OR BETTER %,STROKES GAINED TOTAL,STROKES GAINED TEE TO GREEN,
"Li, Haotong","Li, Haotong",Bank of Utah Championship,Black Desert Resort,—,—,—,—,2025,2024,2023,2022,CUT (-2.43),CUT (-0.81),57 (-0.49),CUT (+0.69),CUT (-0.59),CUT (-0.92),60 (-0.50),0,,0,-5.05,-0.72,99,,53.0,19.0,32.0,51.0,40.0,STROKES GAINED PUTTING,BALL STRIKING,BIRDIE OR BETTER %,STROKES GAINED TOTAL,STROKES GAINED TEE TO GREEN,
"Nyholm, Pontus","Nyholm, Pontus",Bank of Utah Championship,Black Desert Resort,—,—,—,—,2025,2024,2023,2022,67 (-0.32),CUT (-3.31),39 (+0.51),69 (-0.50),55 (-0.26),26 (+1.23),CUT (-2.72),1,,0,-5.37,-0.77,100,,41.0,62.0,36.0,67.0,78.0,STROKES GAINED PUTTING,BALL STRIKING,BIRDIE OR BETTER %,STROKES GAINED TOTAL,STROKES GAINED TEE TO GREEN,
"Pavon, Matthieu","Pavon, Matthieu",Bank of Utah Championship,Black Desert Resort,—,—,—,—,2025,2024,2023,2022,CUT (-1.17),CUT (-0.81),CUT (+0.16),CUT (-0.95),CUT (-1.42),20 (-0.95),CUT (-0.36),0,,0,-5.5,-0.79,101,,42.0,53.0,61.0,64.0,67.0,STROKES GAINED PUTTING,BALL STRIKING,BIRDIE OR BETTER %,STROKES GAINED TOTAL,STROKES GAINED TEE TO GREEN,
"Sargent, Gordon","Sargent, Gordon",Bank of Utah Championship,Black Desert Resort,WD,—,—,—,2025,2024,2023,2022,CUT (-1.33),45 (-0.23),CUT (-1.25),2 (+3.00),CUT (+0.89),78 (-1.13),CUT (-5.45),0,,1,-5.51,-0.79,102,,63.0,29.0,17.0,79.0,74.0,STROKES GAINED PUTTING,BALL STRIKING,BIRDIE OR BETTER %,STROKES GAINED TOTAL,STROKES GAINED TEE TO GREEN,
"Johnson, Zach J.","Johnson, Zach J.",Bank of Utah Championship,Black Desert Resort,—,—,—,—,2025,2024,2023,2022,CUT (-5.65),—,—,—,—,—,—,0,,0,-5.65,-5.65,103,,,,,,,STROKES GAINED PUTTING,BALL STRIKING,BIRDIE OR BETTER %,STROKES GAINED TOTAL,STROKES GAINED TEE TO GREEN,
"Dunlap, Nick","Dunlap, Nick",Bank of Utah Championship,Black Desert Resort,CUT,—,—,—,2025,2024,2023,2022,CUT (-3.25),CUT (-0.57),CUT (-2.26),20 (+1.50),59 (-0.51),33 (+1.13),CUT (-2.54),0,100.0,1,-6.51,-0.93,104,,56.0,92.0,82.0,89.0,91.0,STROKES GAINED PUTTING,BALL STRIKING,BIRDIE OR BETTER %,STROKES GAINED TOTAL,STROKES GAINED TEE TO GREEN,51.0
"Lingmerth, David","Lingmerth, David",Bank of Utah Championship,Black Desert Resort,—,—,—,—,2025,2024,2023,2022,CUT (-2.74),13 (+1.94),CUT (-1.42),76 (-1.23),CUT (-1.55),73 (-1.99),CUT (-0.38),0,,0,-7.37,-1.05,105,,,,,,,STROKES GAINED PUTTING,BALL STRIKING,BIRDIE OR BETTER %,STROKES GAINED TOTAL,STROKES GAINED TEE TO GREEN,
"Potgieter, Aldrich","Potgieter, Aldrich",Bank of Utah Championship,Black Desert Resort,WD,—,—,—,2025,2024,2023,2022,61 (-0.46),CUT (-5.10),CUT (+0.28),CUT (-1.01),59 (-0.29),CUT (-0.67),CUT (-0.56),1,,1,-7.83,-1.12,106,,54.0,59.0,51.0,68.0,64.0,STROKES GAINED PUTTING,BALL STRIKING,BIRDIE OR BETTER %,STROKES GAINED TOTAL,STROKES GAINED TEE TO GREEN,
"VanDerLaan, John","VanDerLaan, John",Bank of Utah Championship,Black Desert Resort,—,—,—,—,2025,2024,2023,2022,CUT (-2.10),CUT (-1.31),39 (+0.51),30 (+1.00),CUT (+0.73),CUT (-2.42),CUT (-4.72),0,,0,-8.31,-1.19,107,,62.0,11.0,68.0,70.0,63.0,STROKES GAINED PUTTING,BALL STRIKING,BIRDIE OR BETTER %,STROKES GAINED TOTAL,STROKES GAINED TEE TO GREEN,
"Campos, Rafael","Campos, Rafael",Bank of Utah Championship,Black Desert Resort,CUT,CUT,—,—,2025,2024,2023,2022,25 (-0.44),CUT (-2.53),CUT (-2.95),CUT (-0.18),15 (+0.34),67 (-1.21),CUT (-2.09),1,100.0,2,-9.06,-1.29,108,,82.0,58.0,91.0,92.0,87.0,STROKES GAINED PUTTING,BALL STRIKING,BIRDIE OR BETTER %,STROKES GAINED TOTAL,STROKES GAINED TEE TO GREEN,51.0
"Stanger, Jimmy","Stanger, Jimmy",Bank of Utah Championship,Black Desert Resort,—,—,—,—,2025,2024,2023,2022,CUT (-2.60),CUT (-0.31),51 (+0.01),CUT (-0.25),WD (-4.82),CUT (-2.59),CUT (+0.91),0,,0,-9.64,-1.38,109,,30.0,43.0,23.0,72.0,86.0,STROKES GAINED PUTTING,BALL STRIKING,BIRDIE OR BETTER %,STROKES GAINED TOTAL,STROKES GAINED TEE TO GREEN,
"Blanchet, Chandler","Blanchet, Chandler",Bank of Utah Championship,Black Desert Resort,—,CUT,—,—,2025,2024,2023,2022,CUT (-3.60),20 (+1.70),24 (+1.26),CUT (-0.67),CUT (-3.44),CUT (-3.92),67 (-1.00),0,100.0,1,-9.69,-1.38,110,,83.0,33.0,80.0,82.0,68.0,STROKES GAINED PUTTING,BALL STRIKING,BIRDIE OR BETTER %,STROKES GAINED TOTAL,STROKES GAINED TEE TO GREEN,51.0
"Rozo, Marcelo","Rozo, Marcelo",Bank of Utah Championship,Black Desert Resort,—,—,—,—,2025,2024,2023,2022,CUT (-0.60),73 (-2.30),CUT (-0.01),CUT (-0.67),CUT (-4.94),CUT (-1.42),CUT (-0.31),0,,0,-10.26,-1.47,111,,95.0,56.0,88.0,94.0,83.0,STROKES GAINED PUTTING,BALL STRIKING,BIRDIE OR BETTER %,STROKES GAINED TOTAL,STROKES GAINED TEE TO GREEN,
"Tosti, Alejandro","Tosti, Alejandro",Bank of Utah Championship,Black Desert Resort,—,43,—,—,2025,2024,2023,2022,CUT (-1.85),CUT (-4.00),CUT (-4.65),69 (+1.12),30 (+0.36),CUT (-1.45),CUT (-0.19),0,43.0,1,-10.66,-1.52,112,,93.0,72.0,81.0,93.0,85.0,STROKES GAINED PUTTING,BALL STRIKING,BIRDIE OR BETTER %,STROKES GAINED TOTAL,STROKES GAINED TEE TO GREEN,29.0
"Pan, C.T.","Pan, C.T.",Bank of Utah Championship,Black Desert Resort,—,CUT,—,—,2025,2024,2023,2022,CUT (+0.32),WD (-5.15),CUT (-0.93),CUT (-0.36),CUT (-0.34),CUT (-1.55),WD (-4.17),0,100.0,1,-12.18,-1.74,113,,,,,,,STROKES GAINED PUTTING,BALL STRIKING,BIRDIE OR BETTER %,STROKES GAINED TOTAL,STROKES GAINED TEE TO GREEN,51.0
"Hirata, Kensei","Hirata, Kensei",Bank of Utah Championship,Black Desert Resort,—,—,—,—,2025,2024,2023,2022,72 (-0.57),CUT (-0.31),CUT (-5.01),CUT (-2.17),CUT (-1.94),CUT (-0.92),71 (-1.50),1,,0,-12.43,-1.78,114,,64.0,52.0,94.0,86.0,84.0,STROKES GAINED PUTTING,BALL STRIKING,BIRDIE OR BETTER %,STROKES GAINED TOTAL,STROKES GAINED TEE TO GREEN,
"Walker, Danny","Walker, Danny",Bank of Utah Championship,Black Desert Resort,61,—,—,—,2025,2024,2023,2022,54 (-0.40),CUT (-1.97),CUT (-2.00),CUT (-0.40),39 (+0.49),CUT (-6.92),CUT (-1.54),1,61.0,1,-12.74,-1.82,115,,87.0,91.0,54.0,87.0,77.0,STROKES GAINED PUTTING,BALL STRIKING,BIRDIE OR BETTER %,STROKES GAINED TOTAL,STROKES GAINED TEE TO GREEN,46.0
"Lamprecht, Christo","Lamprecht, Christo",Bank of Utah Championship,Black Desert Resort,—,—,—,—,2025,2024,2023,2022,CUT (-2.60),CUT (-3.31),CUT (-1.51),CUT (-5.67),64 (-0.76),CUT (-4.92),CUT (-2.72),0,,0,-21.49,-3.07,116,,72.0,81.0,85.0,95.0,95.0,STROKES GAINED PUTTING,BALL STRIKING,BIRDIE OR BETTER %,STROKES GAINED TOTAL,STROKES GAINED TEE TO GREEN,
