player_name,salary,tournament,slate_type,player_image,player_id,draftable_id,game_start,updated_at
Jackson Koivun,10800,PGA TOUR,Classic,,796535,793798,10/01/2026 6:00 AM,2026-09-29T23:08:30.035877Z
Michael Brennan,10200,PGA TOUR,Classic,,762470,627796,10/01/2026 6:00 AM,2026-09-29T23:08:30.035896Z
Benjamin James,9900,PGA TOUR,Classic,,765775,648039,10/01/2026 6:00 AM,2026-09-29T23:08:30.035904Z
Matt Wallace,9700,PGA TOUR,Classic,https://dkn.gs/sports/images/golf/players/50/1105.png,63191,1105,10/01/2026 6:00 AM,2026-09-29T23:08:30.035912Z
Maverick McNealy,9600,PGA TOUR,Classic,https://dkn.gs/sports/images/golf/players/50/543.png,1914,543,10/01/2026 6:00 AM,2026-09-29T23:08:30.035919Z
Doug Ghim,9500,PGA TOUR,Classic,https://dkn.gs/sports/images/golf/players/50/546.png,670625,546,10/01/2026 6:00 AM,2026-09-29T23:08:30.035925Z
Marco Penge,9400,PGA TOUR,Classic,,698887,60415,10/01/2026 6:00 AM,2026-09-29T23:08:30.035931Z
Jackson Suber,9300,PGA TOUR,Classic,https://dkn.gs/sports/images/golf/players/50/632390.png,763051,632390,10/01/2026 6:00 AM,2026-09-29T23:08:30.035941Z
Kevin Yu,9200,PGA TOUR,Classic,https://dkn.gs/sports/images/golf/players/50/681.png,671066,681,10/01/2026 6:00 AM,2026-09-29T23:08:30.035948Z
Davis Thompson,9100,PGA TOUR,Classic,https://dkn.gs/sports/images/golf/players/50/456332.png,700001,456332,10/01/2026 6:00 AM,2026-09-29T23:08:30.035954Z
Matthew McCarty,9000,PGA TOUR,Classic,https://dkn.gs/sports/images/golf/players/50/623842.png,761831,623842,10/01/2026 6:00 AM,2026-09-29T23:08:30.035960Z
Harry Hall,8900,PGA TOUR,Classic,https://dkn.gs/sports/images/golf/players/50/62315.png,699070,62315,10/01/2026 6:00 AM,2026-09-29T23:08:30.035965Z
Max Homa,8800,PGA TOUR,Classic,https://dkn.gs/sports/images/golf/players/50/946.png,2024,946,10/01/2026 6:00 AM,2026-09-29T23:08:30.035971Z
Rasmus Højgaard,8700,PGA TOUR,Classic,https://dkn.gs/sports/images/golf/players/50/452038.png,600530,452038,10/01/2026 6:00 AM,2026-09-29T23:08:30.035981Z
Mac Meissner,8600,PGA TOUR,Classic,https://dkn.gs/sports/images/golf/players/50/557402.png,708878,557402,10/01/2026 6:00 AM,2026-09-29T23:08:30.035986Z
Eric Cole,8500,PGA TOUR,Classic,https://dkn.gs/sports/images/golf/players/50/525717.png,704063,525717,10/01/2026 6:00 AM,2026-09-29T23:08:30.035992Z
Johnny Keefer,8400,PGA TOUR,Classic,,814141,835972,10/01/2026 6:00 AM,2026-09-29T23:08:30.035997Z
Beau Hossler,8300,PGA TOUR,Classic,https://dkn.gs/sports/images/golf/players/50/646.png,1689,646,10/01/2026 6:00 AM,2026-09-29T23:08:30.036002Z
Rico Hoey,8200,PGA TOUR,Classic,https://dkn.gs/sports/images/golf/players/50/467626.png,700394,467626,10/01/2026 6:00 AM,2026-09-29T23:08:30.036008Z
Chris Kirk,8100,PGA TOUR,Classic,https://dkn.gs/sports/images/golf/players/50/1078.png,2170,1078,10/01/2026 6:00 AM,2026-09-29T23:08:30.036013Z
Jordan L. Smith,8000,PGA TOUR,Classic,https://dkn.gs/sports/images/golf/players/50/820.png,73498,820,10/01/2026 6:00 AM,2026-09-29T23:08:30.036023Z
Neal Shipley,7900,PGA TOUR,Classic,,793366,779153,10/01/2026 6:00 AM,2026-09-29T23:08:30.036029Z
Max Greyserman,7900,PGA TOUR,Classic,https://dkn.gs/sports/images/golf/players/50/451990.png,510213,451990,10/01/2026 6:00 AM,2026-09-29T23:08:30.036034Z
Nick Taylor,7800,PGA TOUR,Classic,https://dkn.gs/sports/images/golf/players/50/515.png,700,515,10/01/2026 6:00 AM,2026-09-29T23:08:30.036039Z
Ben Kohles,7800,PGA TOUR,Classic,https://dkn.gs/sports/images/golf/players/50/451327.png,1907,451327,10/01/2026 6:00 AM,2026-09-29T23:08:30.036044Z
Pierceson Coody,7700,PGA TOUR,Classic,https://dkn.gs/sports/images/golf/players/50/562745.png,710732,562745,10/01/2026 6:00 AM,2026-09-29T23:08:30.036050Z
Stephan Jaeger,7700,PGA TOUR,Classic,https://dkn.gs/sports/images/golf/players/50/821.png,2044,821,10/01/2026 6:00 AM,2026-09-29T23:08:30.036055Z
Christiaan Bezuidenhout,7600,PGA TOUR,Classic,https://dkn.gs/sports/images/golf/players/50/1115.png,453,1115,10/01/2026 6:00 AM,2026-09-29T23:08:30.036063Z
Billy Horschel,7600,PGA TOUR,Classic,https://dkn.gs/sports/images/golf/players/50/915.png,1725,915,10/01/2026 6:00 AM,2026-09-29T23:08:30.036068Z
Kevin Roy,7600,PGA TOUR,Classic,https://dkn.gs/sports/images/golf/players/50/525542.png,703862,525542,10/01/2026 6:00 AM,2026-09-29T23:08:30.036073Z
Hao-Tong Li,7500,PGA TOUR,Classic,https://dkn.gs/sports/images/golf/players/50/767.png,1132,767,10/01/2026 6:00 AM,2026-09-29T23:08:30.036079Z
Rasmus Neergaard-Petersen,7500,PGA TOUR,Classic,,720984,565554,10/01/2026 6:00 AM,2026-09-29T23:08:30.036084Z
Mackenzie Hughes,7500,PGA TOUR,Classic,https://dkn.gs/sports/images/golf/players/50/635.png,552,635,10/01/2026 6:00 AM,2026-09-29T23:08:30.036090Z
John Parry,7500,PGA TOUR,Classic,https://dkn.gs/sports/images/golf/players/50/450617.png,708,450617,10/01/2026 6:00 AM,2026-09-29T23:08:30.036095Z
Taylor Pendrith,7400,PGA TOUR,Classic,https://dkn.gs/sports/images/golf/players/50/716.png,1802,716,10/01/2026 6:00 AM,2026-09-29T23:08:30.036103Z
Kris Ventura,7400,PGA TOUR,Classic,https://dkn.gs/sports/images/golf/players/50/560.png,682435,560,10/01/2026 6:00 AM,2026-09-29T23:08:30.036108Z
Emiliano Grillo,7400,PGA TOUR,Classic,https://dkn.gs/sports/images/golf/players/50/1085.png,610,1085,10/01/2026 6:00 AM,2026-09-29T23:08:30.036113Z
Austin Eckroat,7400,PGA TOUR,Classic,https://dkn.gs/sports/images/golf/players/50/1053.png,696563,1053,10/01/2026 6:00 AM,2026-09-29T23:08:30.036118Z
Zecheng Dou,7300,PGA TOUR,Classic,https://dkn.gs/sports/images/golf/players/50/450649.png,770,450649,10/01/2026 6:00 AM,2026-09-29T23:08:30.036123Z
Zachary Bauchou,7300,PGA TOUR,Classic,,689973,1028,10/01/2026 6:00 AM,2026-09-29T23:08:30.036129Z
Lee Hodges,7300,PGA TOUR,Classic,https://dkn.gs/sports/images/golf/players/50/1003.png,692607,1003,10/01/2026 6:00 AM,2026-09-29T23:08:30.036135Z
Seamus Power,7300,PGA TOUR,Classic,https://dkn.gs/sports/images/golf/players/50/541.png,185304,541,10/01/2026 6:00 AM,2026-09-29T23:08:30.036141Z
Denny McCarthy,7200,PGA TOUR,Classic,https://dkn.gs/sports/images/golf/players/50/631.png,1018,631,10/01/2026 6:00 AM,2026-09-29T23:08:30.036146Z
Steven Fisk,7200,PGA TOUR,Classic,https://dkn.gs/sports/images/golf/players/50/623838.png,761827,623838,10/01/2026 6:00 AM,2026-09-29T23:08:30.036151Z
Chandler Phillips,7200,PGA TOUR,Classic,https://dkn.gs/sports/images/golf/players/50/61619.png,698927,61619,10/01/2026 6:00 AM,2026-09-29T23:08:30.036156Z
Tony Finau,7200,PGA TOUR,Classic,https://dkn.gs/sports/images/golf/players/50/808.png,2125,808,10/01/2026 6:00 AM,2026-09-29T23:08:30.036161Z
Sudarshan Yellamaraju,7200,PGA TOUR,Classic,,772264,706283,10/01/2026 6:00 AM,2026-09-29T23:08:30.036166Z
Max McGreevy,7100,PGA TOUR,Classic,https://dkn.gs/sports/images/golf/players/50/525640.png,703985,525640,10/01/2026 6:00 AM,2026-09-29T23:08:30.036171Z
William Mouw,7100,PGA TOUR,Classic,https://dkn.gs/sports/images/golf/players/50/645034.png,765443,645034,10/01/2026 6:00 AM,2026-09-29T23:08:30.036176Z
David Ford,7100,PGA TOUR,Classic,,773829,718462,10/01/2026 6:00 AM,2026-09-29T23:08:30.036181Z
Aldrich Potgieter,7100,PGA TOUR,Classic,https://dkn.gs/sports/images/golf/players/50/648552.png,765936,648552,10/01/2026 6:00 AM,2026-09-29T23:08:30.036186Z
Hayden Springer,7100,PGA TOUR,Classic,https://dkn.gs/sports/images/golf/players/50/626.png,77417,626,10/01/2026 6:00 AM,2026-09-29T23:08:30.036192Z
Patrick Rodgers,7000,PGA TOUR,Classic,https://dkn.gs/sports/images/golf/players/50/574.png,1141,574,10/01/2026 6:00 AM,2026-09-29T23:08:30.036196Z
Austin Smotherman,7000,PGA TOUR,Classic,https://dkn.gs/sports/images/golf/players/50/451957.png,477949,451957,10/01/2026 6:00 AM,2026-09-29T23:08:30.036202Z
Patrick Fishburn,7000,PGA TOUR,Classic,https://dkn.gs/sports/images/golf/players/50/454597.png,699896,454597,10/01/2026 6:00 AM,2026-09-29T23:08:30.036207Z
Jesper Svensson,7000,PGA TOUR,Classic,https://dkn.gs/sports/images/golf/players/50/630555.png,762723,630555,10/01/2026 6:00 AM,2026-09-29T23:08:30.036212Z
Zac Blair,7000,PGA TOUR,Classic,https://dkn.gs/sports/images/golf/players/50/614.png,530,614,10/01/2026 6:00 AM,2026-09-29T23:08:30.036217Z
Taylor Moore,6900,PGA TOUR,Classic,https://dkn.gs/sports/images/golf/players/50/451638.png,165746,451638,10/01/2026 6:00 AM,2026-09-29T23:08:30.036222Z
Trace Crowe,6900,PGA TOUR,Classic,https://dkn.gs/sports/images/golf/players/50/452008.png,560242,452008,10/01/2026 6:00 AM,2026-09-29T23:08:30.036229Z
Lucas Glover,6900,PGA TOUR,Classic,https://dkn.gs/sports/images/golf/players/50/992.png,2158,992,10/01/2026 6:00 AM,2026-09-29T23:08:30.036237Z
Chad Ramey,6900,PGA TOUR,Classic,https://dkn.gs/sports/images/golf/players/50/983.png,2119,983,10/01/2026 6:00 AM,2026-09-29T23:08:30.036242Z
Gordon Sargent,6900,PGA TOUR,Classic,,771299,700747,10/01/2026 6:00 AM,2026-09-29T23:08:30.036246Z
Joel Dahmen,6800,PGA TOUR,Classic,https://dkn.gs/sports/images/golf/players/50/521.png,1622,521,10/01/2026 6:00 AM,2026-09-29T23:08:30.036251Z
Tom Hoge,6800,PGA TOUR,Classic,https://dkn.gs/sports/images/golf/players/50/648.png,1760,648,10/01/2026 6:00 AM,2026-09-29T23:08:30.036256Z
John VanDerLaan,6800,PGA TOUR,Classic,,689877,452197,10/01/2026 6:00 AM,2026-09-29T23:08:30.036261Z
Davis Chatfield,6800,PGA TOUR,Classic,,769810,693832,10/01/2026 6:00 AM,2026-09-29T23:08:30.036269Z
Adrien Dumont De Chassart,6800,PGA TOUR,Classic,https://dkn.gs/sports/images/golf/players/50/645032.png,765441,645032,10/01/2026 6:00 AM,2026-09-29T23:08:30.036275Z
Garrick Higgo,6700,PGA TOUR,Classic,https://dkn.gs/sports/images/golf/players/50/452113.png,670533,452113,10/01/2026 6:00 AM,2026-09-29T23:08:30.036281Z
Takumi Kanaya,6700,PGA TOUR,Classic,https://dkn.gs/sports/images/golf/players/50/788.png,693416,788,10/01/2026 6:00 AM,2026-09-29T23:08:30.036285Z
Isaiah Salinda,6700,PGA TOUR,Classic,https://dkn.gs/sports/images/golf/players/50/67664.png,699174,67664,10/01/2026 6:00 AM,2026-09-29T23:08:30.036290Z
Matthieu Pavon,6700,PGA TOUR,Classic,https://dkn.gs/sports/images/golf/players/50/1121.png,113835,1121,10/01/2026 6:00 AM,2026-09-29T23:08:30.036295Z
Justin Lower,6700,PGA TOUR,Classic,https://dkn.gs/sports/images/golf/players/50/450914.png,1295,450914,10/01/2026 6:00 AM,2026-09-29T23:08:30.036300Z
A.J. Ewart,6700,PGA TOUR,Classic,,765420,644988,10/01/2026 6:00 AM,2026-09-29T23:08:30.036306Z
Chandler Blanchet,6600,PGA TOUR,Classic,,703933,525597,10/01/2026 6:00 AM,2026-09-29T23:08:30.036311Z
Luke Clanton,6600,PGA TOUR,Classic,,796547,794683,10/01/2026 6:00 AM,2026-09-29T23:08:30.036316Z
Andrew Putnam,6600,PGA TOUR,Classic,https://dkn.gs/sports/images/golf/players/50/730.png,665,730,10/01/2026 6:00 AM,2026-09-29T23:08:30.036321Z
Mark Hubbard,6600,PGA TOUR,Classic,https://dkn.gs/sports/images/golf/players/50/629.png,2056,629,10/01/2026 6:00 AM,2026-09-29T23:08:30.036327Z
Ben Silverman,6600,PGA TOUR,Classic,https://dkn.gs/sports/images/golf/players/50/830.png,2102,830,10/01/2026 6:00 AM,2026-09-29T23:08:30.036333Z
Kihei Akina,6600,PGA TOUR,Classic,,798645,808562,10/01/2026 6:00 AM,2026-09-29T23:08:30.036338Z
Erik Van Rooyen,6500,PGA TOUR,Classic,https://dkn.gs/sports/images/golf/players/50/671.png,417,671,10/01/2026 6:00 AM,2026-09-29T23:08:30.036346Z
Pontus Nyholm,6500,PGA TOUR,Classic,,690519,452219,10/01/2026 6:00 AM,2026-09-29T23:08:30.036352Z
Kevin Streelman,6500,PGA TOUR,Classic,https://dkn.gs/sports/images/golf/players/50/602.png,1554,602,10/01/2026 6:00 AM,2026-09-29T23:08:30.036382Z
David Skinns,6500,PGA TOUR,Classic,https://dkn.gs/sports/images/golf/players/50/451322.png,1902,451322,10/01/2026 6:00 AM,2026-09-29T23:08:30.036388Z
Vince Whaley,6500,PGA TOUR,Classic,https://dkn.gs/sports/images/golf/players/50/667.png,698823,667,10/01/2026 6:00 AM,2026-09-29T23:08:30.036392Z
Adam Svensson,6500,PGA TOUR,Classic,https://dkn.gs/sports/images/golf/players/50/1054.png,689,1054,10/01/2026 6:00 AM,2026-09-29T23:08:30.036397Z
Tyler Duncan,6500,PGA TOUR,Classic,https://dkn.gs/sports/images/golf/players/50/599.png,1842,599,10/01/2026 6:00 AM,2026-09-29T23:08:30.036402Z
Paul Peterson,6400,PGA TOUR,Classic,https://dkn.gs/sports/images/golf/players/50/960.png,1294,960,10/01/2026 6:00 AM,2026-09-29T23:08:30.036407Z
Joe Highsmith,6400,PGA TOUR,Classic,https://dkn.gs/sports/images/golf/players/50/572434.png,721583,572434,10/01/2026 6:00 AM,2026-09-29T23:08:30.036412Z
David Lipsky,6400,PGA TOUR,Classic,https://dkn.gs/sports/images/golf/players/50/752.png,586,752,10/01/2026 6:00 AM,2026-09-29T23:08:30.036417Z
Ben Martin,6400,PGA TOUR,Classic,https://dkn.gs/sports/images/golf/players/50/1125.png,2065,1125,10/01/2026 6:00 AM,2026-09-29T23:08:30.036422Z
Aaron Wise,6400,PGA TOUR,Classic,https://dkn.gs/sports/images/golf/players/50/850.png,83255,850,10/01/2026 6:00 AM,2026-09-29T23:08:30.036427Z
Dylan Wu,6400,PGA TOUR,Classic,https://dkn.gs/sports/images/golf/players/50/69384.png,699433,69384,10/01/2026 6:00 AM,2026-09-29T23:08:30.036431Z
Brice Garnett,6300,PGA TOUR,Classic,https://dkn.gs/sports/images/golf/players/50/613.png,1832,613,10/01/2026 6:00 AM,2026-09-29T23:08:30.036436Z
Davis Riley,6300,PGA TOUR,Classic,https://dkn.gs/sports/images/golf/players/50/1103.png,1625,1103,10/01/2026 6:00 AM,2026-09-29T23:08:30.036442Z
Hank Lebioda,6300,PGA TOUR,Classic,https://dkn.gs/sports/images/golf/players/50/526.png,692004,526,10/01/2026 6:00 AM,2026-09-29T23:08:30.036446Z
Nick Dunlap,6300,PGA TOUR,Classic,https://dkn.gs/sports/images/golf/players/50/561491.png,710663,561491,10/01/2026 6:00 AM,2026-09-29T23:08:30.036451Z
Jimmy Stanger,6300,PGA TOUR,Classic,https://dkn.gs/sports/images/golf/players/50/451913.png,425346,451913,10/01/2026 6:00 AM,2026-09-29T23:08:30.036456Z
Peter Malnati,6300,PGA TOUR,Classic,https://dkn.gs/sports/images/golf/players/50/660.png,1210,660,10/01/2026 6:00 AM,2026-09-29T23:08:30.036461Z
Will Gordon,6300,PGA TOUR,Classic,https://dkn.gs/sports/images/golf/players/50/1041.png,697773,1041,10/01/2026 6:00 AM,2026-09-29T23:08:30.036468Z
Danny Walker,6200,PGA TOUR,Classic,https://dkn.gs/sports/images/golf/players/50/519887.png,703606,519887,10/01/2026 6:00 AM,2026-09-29T23:08:30.036473Z
Alejandro Tosti,6200,PGA TOUR,Classic,https://dkn.gs/sports/images/golf/players/50/525637.png,703982,525637,10/01/2026 6:00 AM,2026-09-29T23:08:30.036478Z
Cameron Davis,6200,PGA TOUR,Classic,https://dkn.gs/sports/images/golf/players/50/578.png,330678,578,10/01/2026 6:00 AM,2026-09-29T23:08:30.036483Z
Adam Schenk,6200,PGA TOUR,Classic,https://dkn.gs/sports/images/golf/players/50/638.png,648099,638,10/01/2026 6:00 AM,2026-09-29T23:08:30.036490Z
Boston Bracken,6200,PGA TOUR,Classic,,889755,1052122,10/01/2026 6:00 AM,2026-09-29T23:08:30.036495Z
Michael Thompson,6200,PGA TOUR,Classic,https://dkn.gs/sports/images/golf/players/50/835.png,654,835,10/01/2026 6:00 AM,2026-09-29T23:08:30.036500Z
Seonghyeon An,6200,PGA TOUR,Classic,,890356,1052845,10/01/2026 6:00 AM,2026-09-29T23:08:30.036505Z
C.T. Pan,6100,PGA TOUR,Classic,https://dkn.gs/sports/images/golf/players/50/1219.png,1653,1219,10/01/2026 6:00 AM,2026-09-29T23:08:30.036510Z
Jeffrey Kang,6100,PGA TOUR,Classic,,762326,627172,10/01/2026 6:00 AM,2026-09-29T23:08:30.036515Z
Kyoung-Hoon Lee,6100,PGA TOUR,Classic,https://dkn.gs/sports/images/golf/players/50/625.png,1491,625,10/01/2026 6:00 AM,2026-09-29T23:08:30.036520Z
Rafael Campos,6100,PGA TOUR,Classic,https://dkn.gs/sports/images/golf/players/50/570.png,1971,570,10/01/2026 6:00 AM,2026-09-29T23:08:30.036525Z
Patton Kizzire,6100,PGA TOUR,Classic,https://dkn.gs/sports/images/golf/players/50/592.png,856,592,10/01/2026 6:00 AM,2026-09-29T23:08:30.036530Z
Brendon Todd,6100,PGA TOUR,Classic,https://dkn.gs/sports/images/golf/players/50/539.png,1438,539,10/01/2026 6:00 AM,2026-09-29T23:08:30.036535Z
Rhett Rasmussen,6100,PGA TOUR,Classic,,671067,452180,10/01/2026 6:00 AM,2026-09-29T23:08:30.036542Z
Tyson Shelley,6100,PGA TOUR,Classic,,774714,723015,10/01/2026 6:00 AM,2026-09-29T23:08:30.036547Z
Christo Lamprecht,6000,PGA TOUR,Classic,,670532,60235,10/01/2026 6:00 AM,2026-09-29T23:08:30.036552Z
Kensei Hirata,6000,PGA TOUR,Classic,https://dkn.gs/sports/images/golf/players/50/712328.png,773313,712328,10/01/2026 6:00 AM,2026-09-29T23:08:30.036557Z
Marcelo Rozo,6000,PGA TOUR,Classic,,2083,451448,10/01/2026 6:00 AM,2026-09-29T23:08:30.036562Z
Bowen Mauss,6000,PGA TOUR,Classic,,815852,841772,10/01/2026 6:00 AM,2026-09-29T23:08:30.036567Z
Zach J. Johnson,6000,PGA TOUR,Classic,https://dkn.gs/sports/images/golf/players/50/452215.png,690311,452215,10/01/2026 6:00 AM,2026-09-29T23:08:30.036575Z
David Lingmerth,6000,PGA TOUR,Classic,https://dkn.gs/sports/images/golf/players/50/534.png,456,534,10/01/2026 6:00 AM,2026-09-29T23:08:30.036579Z
Carson Lundell,6000,PGA TOUR,Classic,,767091,658740,10/01/2026 6:00 AM,2026-09-29T23:08:30.036584Z
Matt Snyder,6000,PGA TOUR,Classic,,796666,795316,10/01/2026 6:00 AM,2026-09-29T23:08:30.036589Z
