Player Name - Slate Type,Contest IDs,Player ID,Draftable ID,Player Name,First Name,Last Name,Salary,Position,Team,Game,Game Start Time,Player Image,Tournament,Slate Type,Game Type,Date,Role,Contest Names,Contest IDs (Full),Slate Header,Make the Cut
Michael Brennan - Late Showdown,196330699;196330700;196300787;196330703;196330706;196300790;196330767;196330714;196330707;196330717;196330710;196330712;196330715;196332742;196330708;196332151;196330702;196300792;196300785;196300788,762470,44383056,Michael Brennan,Michael,Brennan,11000,G,,Late Round 3,10/03/2026 01:59 PM,,Late Round 3,Late Showdown,PGA,10/3,Standard,"PGA TOUR Showdown $100K Heavy Hitter [Must Fill] (Late Round 3);PGA TOUR Showdown $75K Heavy Hitter [Must Fill] (Late Round 3);PGA TOUR Showdown $750 Drive the Green (Late Round 3);PGA TOUR Showdown $50K Nosebleed Section [Must Fill] (Late Round 3);PGA TOUR Showdown $20K Thunderdome [Must Fill] (Late Round 3);PGA TOUR Showdown $1K Long Drive [Single Entry] (Late Round 3);PGA TOUR Showdown $500 Bunker [Single Entry] (Late Round 3);PGA TOUR Showdown Satellite to NFL $4,444 Fantasy Football MEGA Millionaire [Must Fill] (Late Round ;PGA TOUR Showdown $530 Winner Take All [Must Fill] (Late Round 3);PGA TOUR Showdown Satellite to NFL Midseason Main Event (11-1) [Must Fill] (Late Round 3)",196330699;196330700;196300787;196330703;196330706;196300790;196330767;196330714;196330707;196330717;196330710;196330712;196330715;196332742;196330708;196332151;196330702;196300792;196300785;196300788,10/3 1:59PM (Late Round 3),
Jackson Koivun - Late Showdown,196330699;196330700;196300787;196330703;196330706;196300790;196330767;196330714;196330707;196330717;196330710;196330712;196330715;196332742;196330708;196332151;196330702;196300792;196300785;196300788,796535,44383057,Jackson Koivun,Jackson,Koivun,10800,G,,Late Round 3,10/03/2026 01:59 PM,,Late Round 3,Late Showdown,PGA,10/3,Standard,"PGA TOUR Showdown $100K Heavy Hitter [Must Fill] (Late Round 3);PGA TOUR Showdown $75K Heavy Hitter [Must Fill] (Late Round 3);PGA TOUR Showdown $750 Drive the Green (Late Round 3);PGA TOUR Showdown $50K Nosebleed Section [Must Fill] (Late Round 3);PGA TOUR Showdown $20K Thunderdome [Must Fill] (Late Round 3);PGA TOUR Showdown $1K Long Drive [Single Entry] (Late Round 3);PGA TOUR Showdown $500 Bunker [Single Entry] (Late Round 3);PGA TOUR Showdown Satellite to NFL $4,444 Fantasy Football MEGA Millionaire [Must Fill] (Late Round ;PGA TOUR Showdown $530 Winner Take All [Must Fill] (Late Round 3);PGA TOUR Showdown Satellite to NFL Midseason Main Event (11-1) [Must Fill] (Late Round 3)",196330699;196330700;196300787;196330703;196330706;196300790;196330767;196330714;196330707;196330717;196330710;196330712;196330715;196332742;196330708;196332151;196330702;196300792;196300785;196300788,10/3 1:59PM (Late Round 3),
Doug Ghim - Late Showdown,196330699;196330700;196300787;196330703;196330706;196300790;196330767;196330714;196330707;196330717;196330710;196330712;196330715;196332742;196330708;196332151;196330702;196300792;196300785;196300788,670625,44383058,Doug Ghim,Doug,Ghim,10200,G,,Late Round 3,10/03/2026 01:59 PM,https://dkn.gs/sports/images/golf/players/50/546.png,Late Round 3,Late Showdown,PGA,10/3,Standard,"PGA TOUR Showdown $100K Heavy Hitter [Must Fill] (Late Round 3);PGA TOUR Showdown $75K Heavy Hitter [Must Fill] (Late Round 3);PGA TOUR Showdown $750 Drive the Green (Late Round 3);PGA TOUR Showdown $50K Nosebleed Section [Must Fill] (Late Round 3);PGA TOUR Showdown $20K Thunderdome [Must Fill] (Late Round 3);PGA TOUR Showdown $1K Long Drive [Single Entry] (Late Round 3);PGA TOUR Showdown $500 Bunker [Single Entry] (Late Round 3);PGA TOUR Showdown Satellite to NFL $4,444 Fantasy Football MEGA Millionaire [Must Fill] (Late Round ;PGA TOUR Showdown $530 Winner Take All [Must Fill] (Late Round 3);PGA TOUR Showdown Satellite to NFL Midseason Main Event (11-1) [Must Fill] (Late Round 3)",196330699;196330700;196300787;196330703;196330706;196300790;196330767;196330714;196330707;196330717;196330710;196330712;196330715;196332742;196330708;196332151;196330702;196300792;196300785;196300788,10/3 1:59PM (Late Round 3),
Jackson Suber - Late Showdown,196330699;196330700;196300787;196330703;196330706;196300790;196330767;196330714;196330707;196330717;196330710;196330712;196330715;196332742;196330708;196332151;196330702;196300792;196300785;196300788,763051,44383059,Jackson Suber,Jackson,Suber,9600,G,,Late Round 3,10/03/2026 01:59 PM,https://dkn.gs/sports/images/golf/players/50/632390.png,Late Round 3,Late Showdown,PGA,10/3,Standard,"PGA TOUR Showdown $100K Heavy Hitter [Must Fill] (Late Round 3);PGA TOUR Showdown $75K Heavy Hitter [Must Fill] (Late Round 3);PGA TOUR Showdown $750 Drive the Green (Late Round 3);PGA TOUR Showdown $50K Nosebleed Section [Must Fill] (Late Round 3);PGA TOUR Showdown $20K Thunderdome [Must Fill] (Late Round 3);PGA TOUR Showdown $1K Long Drive [Single Entry] (Late Round 3);PGA TOUR Showdown $500 Bunker [Single Entry] (Late Round 3);PGA TOUR Showdown Satellite to NFL $4,444 Fantasy Football MEGA Millionaire [Must Fill] (Late Round ;PGA TOUR Showdown $530 Winner Take All [Must Fill] (Late Round 3);PGA TOUR Showdown Satellite to NFL Midseason Main Event (11-1) [Must Fill] (Late Round 3)",196330699;196330700;196300787;196330703;196330706;196300790;196330767;196330714;196330707;196330717;196330710;196330712;196330715;196332742;196330708;196332151;196330702;196300792;196300785;196300788,10/3 1:59PM (Late Round 3),
Kevin Roy - Late Showdown,196330699;196330700;196300787;196330703;196330706;196300790;196330767;196330714;196330707;196330717;196330710;196330712;196330715;196332742;196330708;196332151;196330702;196300792;196300785;196300788,703862,44383060,Kevin Roy,Kevin,Roy,9200,G,,Late Round 3,10/03/2026 01:59 PM,https://dkn.gs/sports/images/golf/players/50/525542.png,Late Round 3,Late Showdown,PGA,10/3,Standard,"PGA TOUR Showdown $100K Heavy Hitter [Must Fill] (Late Round 3);PGA TOUR Showdown $75K Heavy Hitter [Must Fill] (Late Round 3);PGA TOUR Showdown $750 Drive the Green (Late Round 3);PGA TOUR Showdown $50K Nosebleed Section [Must Fill] (Late Round 3);PGA TOUR Showdown $20K Thunderdome [Must Fill] (Late Round 3);PGA TOUR Showdown $1K Long Drive [Single Entry] (Late Round 3);PGA TOUR Showdown $500 Bunker [Single Entry] (Late Round 3);PGA TOUR Showdown Satellite to NFL $4,444 Fantasy Football MEGA Millionaire [Must Fill] (Late Round ;PGA TOUR Showdown $530 Winner Take All [Must Fill] (Late Round 3);PGA TOUR Showdown Satellite to NFL Midseason Main Event (11-1) [Must Fill] (Late Round 3)",196330699;196330700;196300787;196330703;196330706;196300790;196330767;196330714;196330707;196330717;196330710;196330712;196330715;196332742;196330708;196332151;196330702;196300792;196300785;196300788,10/3 1:59PM (Late Round 3),
Zachary Bauchou - Late Showdown,196330699;196330700;196300787;196330703;196330706;196300790;196330767;196330714;196330707;196330717;196330710;196330712;196330715;196332742;196330708;196332151;196330702;196300792;196300785;196300788,689973,44383061,Zachary Bauchou,Zachary,Bauchou,8800,G,,Late Round 3,10/03/2026 01:59 PM,,Late Round 3,Late Showdown,PGA,10/3,Standard,"PGA TOUR Showdown $100K Heavy Hitter [Must Fill] (Late Round 3);PGA TOUR Showdown $75K Heavy Hitter [Must Fill] (Late Round 3);PGA TOUR Showdown $750 Drive the Green (Late Round 3);PGA TOUR Showdown $50K Nosebleed Section [Must Fill] (Late Round 3);PGA TOUR Showdown $20K Thunderdome [Must Fill] (Late Round 3);PGA TOUR Showdown $1K Long Drive [Single Entry] (Late Round 3);PGA TOUR Showdown $500 Bunker [Single Entry] (Late Round 3);PGA TOUR Showdown Satellite to NFL $4,444 Fantasy Football MEGA Millionaire [Must Fill] (Late Round ;PGA TOUR Showdown $530 Winner Take All [Must Fill] (Late Round 3);PGA TOUR Showdown Satellite to NFL Midseason Main Event (11-1) [Must Fill] (Late Round 3)",196330699;196330700;196300787;196330703;196330706;196300790;196330767;196330714;196330707;196330717;196330710;196330712;196330715;196332742;196330708;196332151;196330702;196300792;196300785;196300788,10/3 1:59PM (Late Round 3),
Davis Thompson - Late Showdown,196330699;196330700;196300787;196330703;196330706;196300790;196330767;196330714;196330707;196330717;196330710;196330712;196330715;196332742;196330708;196332151;196330702;196300792;196300785;196300788,700001,44383062,Davis Thompson,Davis,Thompson,8600,G,,Late Round 3,10/03/2026 01:59 PM,https://dkn.gs/sports/images/golf/players/50/456332.png,Late Round 3,Late Showdown,PGA,10/3,Standard,"PGA TOUR Showdown $100K Heavy Hitter [Must Fill] (Late Round 3);PGA TOUR Showdown $75K Heavy Hitter [Must Fill] (Late Round 3);PGA TOUR Showdown $750 Drive the Green (Late Round 3);PGA TOUR Showdown $50K Nosebleed Section [Must Fill] (Late Round 3);PGA TOUR Showdown $20K Thunderdome [Must Fill] (Late Round 3);PGA TOUR Showdown $1K Long Drive [Single Entry] (Late Round 3);PGA TOUR Showdown $500 Bunker [Single Entry] (Late Round 3);PGA TOUR Showdown Satellite to NFL $4,444 Fantasy Football MEGA Millionaire [Must Fill] (Late Round ;PGA TOUR Showdown $530 Winner Take All [Must Fill] (Late Round 3);PGA TOUR Showdown Satellite to NFL Midseason Main Event (11-1) [Must Fill] (Late Round 3)",196330699;196330700;196300787;196330703;196330706;196300790;196330767;196330714;196330707;196330717;196330710;196330712;196330715;196332742;196330708;196332151;196330702;196300792;196300785;196300788,10/3 1:59PM (Late Round 3),
Matthew McCarty - Late Showdown,196330699;196330700;196300787;196330703;196330706;196300790;196330767;196330714;196330707;196330717;196330710;196330712;196330715;196332742;196330708;196332151;196330702;196300792;196300785;196300788,761831,44383063,Matthew McCarty,Matthew,McCarty,8200,G,,Late Round 3,10/03/2026 01:59 PM,https://dkn.gs/sports/images/golf/players/50/623842.png,Late Round 3,Late Showdown,PGA,10/3,Standard,"PGA TOUR Showdown $100K Heavy Hitter [Must Fill] (Late Round 3);PGA TOUR Showdown $75K Heavy Hitter [Must Fill] (Late Round 3);PGA TOUR Showdown $750 Drive the Green (Late Round 3);PGA TOUR Showdown $50K Nosebleed Section [Must Fill] (Late Round 3);PGA TOUR Showdown $20K Thunderdome [Must Fill] (Late Round 3);PGA TOUR Showdown $1K Long Drive [Single Entry] (Late Round 3);PGA TOUR Showdown $500 Bunker [Single Entry] (Late Round 3);PGA TOUR Showdown Satellite to NFL $4,444 Fantasy Football MEGA Millionaire [Must Fill] (Late Round ;PGA TOUR Showdown $530 Winner Take All [Must Fill] (Late Round 3);PGA TOUR Showdown Satellite to NFL Midseason Main Event (11-1) [Must Fill] (Late Round 3)",196330699;196330700;196300787;196330703;196330706;196300790;196330767;196330714;196330707;196330717;196330710;196330712;196330715;196332742;196330708;196332151;196330702;196300792;196300785;196300788,10/3 1:59PM (Late Round 3),
Stephan Jaeger - Late Showdown,196330699;196330700;196300787;196330703;196330706;196300790;196330767;196330714;196330707;196330717;196330710;196330712;196330715;196332742;196330708;196332151;196330702;196300792;196300785;196300788,2044,44383064,Stephan Jaeger,Stephan,Jaeger,7600,G,,Late Round 3,10/03/2026 01:59 PM,https://dkn.gs/sports/images/golf/players/50/821.png,Late Round 3,Late Showdown,PGA,10/3,Standard,"PGA TOUR Showdown $100K Heavy Hitter [Must Fill] (Late Round 3);PGA TOUR Showdown $75K Heavy Hitter [Must Fill] (Late Round 3);PGA TOUR Showdown $750 Drive the Green (Late Round 3);PGA TOUR Showdown $50K Nosebleed Section [Must Fill] (Late Round 3);PGA TOUR Showdown $20K Thunderdome [Must Fill] (Late Round 3);PGA TOUR Showdown $1K Long Drive [Single Entry] (Late Round 3);PGA TOUR Showdown $500 Bunker [Single Entry] (Late Round 3);PGA TOUR Showdown Satellite to NFL $4,444 Fantasy Football MEGA Millionaire [Must Fill] (Late Round ;PGA TOUR Showdown $530 Winner Take All [Must Fill] (Late Round 3);PGA TOUR Showdown Satellite to NFL Midseason Main Event (11-1) [Must Fill] (Late Round 3)",196330699;196330700;196300787;196330703;196330706;196300790;196330767;196330714;196330707;196330717;196330710;196330712;196330715;196332742;196330708;196332151;196330702;196300792;196300785;196300788,10/3 1:59PM (Late Round 3),
Chris Kirk - Late Showdown,196330699;196330700;196300787;196330703;196330706;196300790;196330767;196330714;196330707;196330717;196330710;196330712;196330715;196332742;196330708;196332151;196330702;196300792;196300785;196300788,2170,44383065,Chris Kirk,Chris,Kirk,7400,G,,Late Round 3,10/03/2026 01:59 PM,https://dkn.gs/sports/images/golf/players/50/1078.png,Late Round 3,Late Showdown,PGA,10/3,Standard,"PGA TOUR Showdown $100K Heavy Hitter [Must Fill] (Late Round 3);PGA TOUR Showdown $75K Heavy Hitter [Must Fill] (Late Round 3);PGA TOUR Showdown $750 Drive the Green (Late Round 3);PGA TOUR Showdown $50K Nosebleed Section [Must Fill] (Late Round 3);PGA TOUR Showdown $20K Thunderdome [Must Fill] (Late Round 3);PGA TOUR Showdown $1K Long Drive [Single Entry] (Late Round 3);PGA TOUR Showdown $500 Bunker [Single Entry] (Late Round 3);PGA TOUR Showdown Satellite to NFL $4,444 Fantasy Football MEGA Millionaire [Must Fill] (Late Round ;PGA TOUR Showdown $530 Winner Take All [Must Fill] (Late Round 3);PGA TOUR Showdown Satellite to NFL Midseason Main Event (11-1) [Must Fill] (Late Round 3)",196330699;196330700;196300787;196330703;196330706;196300790;196330767;196330714;196330707;196330717;196330710;196330712;196330715;196332742;196330708;196332151;196330702;196300792;196300785;196300788,10/3 1:59PM (Late Round 3),
Neal Shipley - Late Showdown,196330699;196330700;196300787;196330703;196330706;196300790;196330767;196330714;196330707;196330717;196330710;196330712;196330715;196332742;196330708;196332151;196330702;196300792;196300785;196300788,793366,44383066,Neal Shipley,Neal,Shipley,7000,G,,Late Round 3,10/03/2026 01:59 PM,,Late Round 3,Late Showdown,PGA,10/3,Standard,"PGA TOUR Showdown $100K Heavy Hitter [Must Fill] (Late Round 3);PGA TOUR Showdown $75K Heavy Hitter [Must Fill] (Late Round 3);PGA TOUR Showdown $750 Drive the Green (Late Round 3);PGA TOUR Showdown $50K Nosebleed Section [Must Fill] (Late Round 3);PGA TOUR Showdown $20K Thunderdome [Must Fill] (Late Round 3);PGA TOUR Showdown $1K Long Drive [Single Entry] (Late Round 3);PGA TOUR Showdown $500 Bunker [Single Entry] (Late Round 3);PGA TOUR Showdown Satellite to NFL $4,444 Fantasy Football MEGA Millionaire [Must Fill] (Late Round ;PGA TOUR Showdown $530 Winner Take All [Must Fill] (Late Round 3);PGA TOUR Showdown Satellite to NFL Midseason Main Event (11-1) [Must Fill] (Late Round 3)",196330699;196330700;196300787;196330703;196330706;196300790;196330767;196330714;196330707;196330717;196330710;196330712;196330715;196332742;196330708;196332151;196330702;196300792;196300785;196300788,10/3 1:59PM (Late Round 3),
Austin Smotherman - Late Showdown,196330699;196330700;196300787;196330703;196330706;196300790;196330767;196330714;196330707;196330717;196330710;196330712;196330715;196332742;196330708;196332151;196330702;196300792;196300785;196300788,477949,44383067,Austin Smotherman,Austin,Smotherman,6600,G,,Late Round 3,10/03/2026 01:59 PM,https://dkn.gs/sports/images/golf/players/50/451957.png,Late Round 3,Late Showdown,PGA,10/3,Standard,"PGA TOUR Showdown $100K Heavy Hitter [Must Fill] (Late Round 3);PGA TOUR Showdown $75K Heavy Hitter [Must Fill] (Late Round 3);PGA TOUR Showdown $750 Drive the Green (Late Round 3);PGA TOUR Showdown $50K Nosebleed Section [Must Fill] (Late Round 3);PGA TOUR Showdown $20K Thunderdome [Must Fill] (Late Round 3);PGA TOUR Showdown $1K Long Drive [Single Entry] (Late Round 3);PGA TOUR Showdown $500 Bunker [Single Entry] (Late Round 3);PGA TOUR Showdown Satellite to NFL $4,444 Fantasy Football MEGA Millionaire [Must Fill] (Late Round ;PGA TOUR Showdown $530 Winner Take All [Must Fill] (Late Round 3);PGA TOUR Showdown Satellite to NFL Midseason Main Event (11-1) [Must Fill] (Late Round 3)",196330699;196330700;196300787;196330703;196330706;196300790;196330767;196330714;196330707;196330717;196330710;196330712;196330715;196332742;196330708;196332151;196330702;196300792;196300785;196300788,10/3 1:59PM (Late Round 3),
Steven Fisk - Late Showdown,196330699;196330700;196300787;196330703;196330706;196300790;196330767;196330714;196330707;196330717;196330710;196330712;196330715;196332742;196330708;196332151;196330702;196300792;196300785;196300788,761827,44383068,Steven Fisk,Steven,Fisk,6200,G,,Late Round 3,10/03/2026 01:59 PM,https://dkn.gs/sports/images/golf/players/50/623838.png,Late Round 3,Late Showdown,PGA,10/3,Standard,"PGA TOUR Showdown $100K Heavy Hitter [Must Fill] (Late Round 3);PGA TOUR Showdown $75K Heavy Hitter [Must Fill] (Late Round 3);PGA TOUR Showdown $750 Drive the Green (Late Round 3);PGA TOUR Showdown $50K Nosebleed Section [Must Fill] (Late Round 3);PGA TOUR Showdown $20K Thunderdome [Must Fill] (Late Round 3);PGA TOUR Showdown $1K Long Drive [Single Entry] (Late Round 3);PGA TOUR Showdown $500 Bunker [Single Entry] (Late Round 3);PGA TOUR Showdown Satellite to NFL $4,444 Fantasy Football MEGA Millionaire [Must Fill] (Late Round ;PGA TOUR Showdown $530 Winner Take All [Must Fill] (Late Round 3);PGA TOUR Showdown Satellite to NFL Midseason Main Event (11-1) [Must Fill] (Late Round 3)",196330699;196330700;196300787;196330703;196330706;196300790;196330767;196330714;196330707;196330717;196330710;196330712;196330715;196332742;196330708;196332151;196330702;196300792;196300785;196300788,10/3 1:59PM (Late Round 3),
Kevin Streelman - Late Showdown,196330699;196330700;196300787;196330703;196330706;196300790;196330767;196330714;196330707;196330717;196330710;196330712;196330715;196332742;196330708;196332151;196330702;196300792;196300785;196300788,1554,44383069,Kevin Streelman,Kevin,Streelman,6000,G,,Late Round 3,10/03/2026 01:59 PM,https://dkn.gs/sports/images/golf/players/50/602.png,Late Round 3,Late Showdown,PGA,10/3,Standard,"PGA TOUR Showdown $100K Heavy Hitter [Must Fill] (Late Round 3);PGA TOUR Showdown $75K Heavy Hitter [Must Fill] (Late Round 3);PGA TOUR Showdown $750 Drive the Green (Late Round 3);PGA TOUR Showdown $50K Nosebleed Section [Must Fill] (Late Round 3);PGA TOUR Showdown $20K Thunderdome [Must Fill] (Late Round 3);PGA TOUR Showdown $1K Long Drive [Single Entry] (Late Round 3);PGA TOUR Showdown $500 Bunker [Single Entry] (Late Round 3);PGA TOUR Showdown Satellite to NFL $4,444 Fantasy Football MEGA Millionaire [Must Fill] (Late Round ;PGA TOUR Showdown $530 Winner Take All [Must Fill] (Late Round 3);PGA TOUR Showdown Satellite to NFL Midseason Main Event (11-1) [Must Fill] (Late Round 3)",196330699;196330700;196300787;196330703;196330706;196300790;196330767;196330714;196330707;196330717;196330710;196330712;196330715;196332742;196330708;196332151;196330702;196300792;196300785;196300788,10/3 1:59PM (Late Round 3),
Zac Blair - Late Showdown,196330699;196330700;196300787;196330703;196330706;196300790;196330767;196330714;196330707;196330717;196330710;196330712;196330715;196332742;196330708;196332151;196330702;196300792;196300785;196300788,530,44383070,Zac Blair,Zac,Blair,5800,G,,Late Round 3,10/03/2026 01:59 PM,https://dkn.gs/sports/images/golf/players/50/614.png,Late Round 3,Late Showdown,PGA,10/3,Standard,"PGA TOUR Showdown $100K Heavy Hitter [Must Fill] (Late Round 3);PGA TOUR Showdown $75K Heavy Hitter [Must Fill] (Late Round 3);PGA TOUR Showdown $750 Drive the Green (Late Round 3);PGA TOUR Showdown $50K Nosebleed Section [Must Fill] (Late Round 3);PGA TOUR Showdown $20K Thunderdome [Must Fill] (Late Round 3);PGA TOUR Showdown $1K Long Drive [Single Entry] (Late Round 3);PGA TOUR Showdown $500 Bunker [Single Entry] (Late Round 3);PGA TOUR Showdown Satellite to NFL $4,444 Fantasy Football MEGA Millionaire [Must Fill] (Late Round ;PGA TOUR Showdown $530 Winner Take All [Must Fill] (Late Round 3);PGA TOUR Showdown Satellite to NFL Midseason Main Event (11-1) [Must Fill] (Late Round 3)",196330699;196330700;196300787;196330703;196330706;196300790;196330767;196330714;196330707;196330717;196330710;196330712;196330715;196332742;196330708;196332151;196330702;196300792;196300785;196300788,10/3 1:59PM (Late Round 3),
Chad Ramey - Late Showdown,196330699;196330700;196300787;196330703;196330706;196300790;196330767;196330714;196330707;196330717;196330710;196330712;196330715;196332742;196330708;196332151;196330702;196300792;196300785;196300788,2119,44383071,Chad Ramey,Chad,Ramey,5400,G,,Late Round 3,10/03/2026 01:59 PM,https://dkn.gs/sports/images/golf/players/50/983.png,Late Round 3,Late Showdown,PGA,10/3,Standard,"PGA TOUR Showdown $100K Heavy Hitter [Must Fill] (Late Round 3);PGA TOUR Showdown $75K Heavy Hitter [Must Fill] (Late Round 3);PGA TOUR Showdown $750 Drive the Green (Late Round 3);PGA TOUR Showdown $50K Nosebleed Section [Must Fill] (Late Round 3);PGA TOUR Showdown $20K Thunderdome [Must Fill] (Late Round 3);PGA TOUR Showdown $1K Long Drive [Single Entry] (Late Round 3);PGA TOUR Showdown $500 Bunker [Single Entry] (Late Round 3);PGA TOUR Showdown Satellite to NFL $4,444 Fantasy Football MEGA Millionaire [Must Fill] (Late Round ;PGA TOUR Showdown $530 Winner Take All [Must Fill] (Late Round 3);PGA TOUR Showdown Satellite to NFL Midseason Main Event (11-1) [Must Fill] (Late Round 3)",196330699;196330700;196300787;196330703;196330706;196300790;196330767;196330714;196330707;196330717;196330710;196330712;196330715;196332742;196330708;196332151;196330702;196300792;196300785;196300788,10/3 1:59PM (Late Round 3),
Seamus Power - Late Showdown,196330699;196330700;196300787;196330703;196330706;196300790;196330767;196330714;196330707;196330717;196330710;196330712;196330715;196332742;196330708;196332151;196330702;196300792;196300785;196300788,185304,44383072,Seamus Power,Seamus,Power,5200,G,,Late Round 3,10/03/2026 01:59 PM,https://dkn.gs/sports/images/golf/players/50/541.png,Late Round 3,Late Showdown,PGA,10/3,Standard,"PGA TOUR Showdown $100K Heavy Hitter [Must Fill] (Late Round 3);PGA TOUR Showdown $75K Heavy Hitter [Must Fill] (Late Round 3);PGA TOUR Showdown $750 Drive the Green (Late Round 3);PGA TOUR Showdown $50K Nosebleed Section [Must Fill] (Late Round 3);PGA TOUR Showdown $20K Thunderdome [Must Fill] (Late Round 3);PGA TOUR Showdown $1K Long Drive [Single Entry] (Late Round 3);PGA TOUR Showdown $500 Bunker [Single Entry] (Late Round 3);PGA TOUR Showdown Satellite to NFL $4,444 Fantasy Football MEGA Millionaire [Must Fill] (Late Round ;PGA TOUR Showdown $530 Winner Take All [Must Fill] (Late Round 3);PGA TOUR Showdown Satellite to NFL Midseason Main Event (11-1) [Must Fill] (Late Round 3)",196330699;196330700;196300787;196330703;196330706;196300790;196330767;196330714;196330707;196330717;196330710;196330712;196330715;196332742;196330708;196332151;196330702;196300792;196300785;196300788,10/3 1:59PM (Late Round 3),
William Mouw - Late Showdown,196330699;196330700;196300787;196330703;196330706;196300790;196330767;196330714;196330707;196330717;196330710;196330712;196330715;196332742;196330708;196332151;196330702;196300792;196300785;196300788,765443,44383073,William Mouw,William,Mouw,4800,G,,Late Round 3,10/03/2026 01:59 PM,https://dkn.gs/sports/images/golf/players/50/645034.png,Late Round 3,Late Showdown,PGA,10/3,Standard,"PGA TOUR Showdown $100K Heavy Hitter [Must Fill] (Late Round 3);PGA TOUR Showdown $75K Heavy Hitter [Must Fill] (Late Round 3);PGA TOUR Showdown $750 Drive the Green (Late Round 3);PGA TOUR Showdown $50K Nosebleed Section [Must Fill] (Late Round 3);PGA TOUR Showdown $20K Thunderdome [Must Fill] (Late Round 3);PGA TOUR Showdown $1K Long Drive [Single Entry] (Late Round 3);PGA TOUR Showdown $500 Bunker [Single Entry] (Late Round 3);PGA TOUR Showdown Satellite to NFL $4,444 Fantasy Football MEGA Millionaire [Must Fill] (Late Round ;PGA TOUR Showdown $530 Winner Take All [Must Fill] (Late Round 3);PGA TOUR Showdown Satellite to NFL Midseason Main Event (11-1) [Must Fill] (Late Round 3)",196330699;196330700;196300787;196330703;196330706;196300790;196330767;196330714;196330707;196330717;196330710;196330712;196330715;196332742;196330708;196332151;196330702;196300792;196300785;196300788,10/3 1:59PM (Late Round 3),
Joel Dahmen - Late Showdown,196330699;196330700;196300787;196330703;196330706;196300790;196330767;196330714;196330707;196330717;196330710;196330712;196330715;196332742;196330708;196332151;196330702;196300792;196300785;196300788,1622,44383074,Joel Dahmen,Joel,Dahmen,4600,G,,Late Round 3,10/03/2026 01:59 PM,https://dkn.gs/sports/images/golf/players/50/521.png,Late Round 3,Late Showdown,PGA,10/3,Standard,"PGA TOUR Showdown $100K Heavy Hitter [Must Fill] (Late Round 3);PGA TOUR Showdown $75K Heavy Hitter [Must Fill] (Late Round 3);PGA TOUR Showdown $750 Drive the Green (Late Round 3);PGA TOUR Showdown $50K Nosebleed Section [Must Fill] (Late Round 3);PGA TOUR Showdown $20K Thunderdome [Must Fill] (Late Round 3);PGA TOUR Showdown $1K Long Drive [Single Entry] (Late Round 3);PGA TOUR Showdown $500 Bunker [Single Entry] (Late Round 3);PGA TOUR Showdown Satellite to NFL $4,444 Fantasy Football MEGA Millionaire [Must Fill] (Late Round ;PGA TOUR Showdown $530 Winner Take All [Must Fill] (Late Round 3);PGA TOUR Showdown Satellite to NFL Midseason Main Event (11-1) [Must Fill] (Late Round 3)",196330699;196330700;196300787;196330703;196330706;196300790;196330767;196330714;196330707;196330717;196330710;196330712;196330715;196332742;196330708;196332151;196330702;196300792;196300785;196300788,10/3 1:59PM (Late Round 3),
Luke Clanton - Late Showdown,196330699;196330700;196300787;196330703;196330706;196300790;196330767;196330714;196330707;196330717;196330710;196330712;196330715;196332742;196330708;196332151;196330702;196300792;196300785;196300788,796547,44383075,Luke Clanton,Luke,Clanton,4400,G,,Late Round 3,10/03/2026 01:59 PM,,Late Round 3,Late Showdown,PGA,10/3,Standard,"PGA TOUR Showdown $100K Heavy Hitter [Must Fill] (Late Round 3);PGA TOUR Showdown $75K Heavy Hitter [Must Fill] (Late Round 3);PGA TOUR Showdown $750 Drive the Green (Late Round 3);PGA TOUR Showdown $50K Nosebleed Section [Must Fill] (Late Round 3);PGA TOUR Showdown $20K Thunderdome [Must Fill] (Late Round 3);PGA TOUR Showdown $1K Long Drive [Single Entry] (Late Round 3);PGA TOUR Showdown $500 Bunker [Single Entry] (Late Round 3);PGA TOUR Showdown Satellite to NFL $4,444 Fantasy Football MEGA Millionaire [Must Fill] (Late Round ;PGA TOUR Showdown $530 Winner Take All [Must Fill] (Late Round 3);PGA TOUR Showdown Satellite to NFL Midseason Main Event (11-1) [Must Fill] (Late Round 3)",196330699;196330700;196300787;196330703;196330706;196300790;196330767;196330714;196330707;196330717;196330710;196330712;196330715;196332742;196330708;196332151;196330702;196300792;196300785;196300788,10/3 1:59PM (Late Round 3),
Nick Dunlap - Late Showdown,196330699;196330700;196300787;196330703;196330706;196300790;196330767;196330714;196330707;196330717;196330710;196330712;196330715;196332742;196330708;196332151;196330702;196300792;196300785;196300788,710663,44383076,Nick Dunlap,Nick,Dunlap,4200,G,,Late Round 3,10/03/2026 01:59 PM,https://dkn.gs/sports/images/golf/players/50/561491.png,Late Round 3,Late Showdown,PGA,10/3,Standard,"PGA TOUR Showdown $100K Heavy Hitter [Must Fill] (Late Round 3);PGA TOUR Showdown $75K Heavy Hitter [Must Fill] (Late Round 3);PGA TOUR Showdown $750 Drive the Green (Late Round 3);PGA TOUR Showdown $50K Nosebleed Section [Must Fill] (Late Round 3);PGA TOUR Showdown $20K Thunderdome [Must Fill] (Late Round 3);PGA TOUR Showdown $1K Long Drive [Single Entry] (Late Round 3);PGA TOUR Showdown $500 Bunker [Single Entry] (Late Round 3);PGA TOUR Showdown Satellite to NFL $4,444 Fantasy Football MEGA Millionaire [Must Fill] (Late Round ;PGA TOUR Showdown $530 Winner Take All [Must Fill] (Late Round 3);PGA TOUR Showdown Satellite to NFL Midseason Main Event (11-1) [Must Fill] (Late Round 3)",196330699;196330700;196300787;196330703;196330706;196300790;196330767;196330714;196330707;196330717;196330710;196330712;196330715;196332742;196330708;196332151;196330702;196300792;196300785;196300788,10/3 1:59PM (Late Round 3),
Adam Svensson - Late Showdown,196330699;196330700;196300787;196330703;196330706;196300790;196330767;196330714;196330707;196330717;196330710;196330712;196330715;196332742;196330708;196332151;196330702;196300792;196300785;196300788,689,44383077,Adam Svensson,Adam,Svensson,4000,G,,Late Round 3,10/03/2026 01:59 PM,https://dkn.gs/sports/images/golf/players/50/1054.png,Late Round 3,Late Showdown,PGA,10/3,Standard,"PGA TOUR Showdown $100K Heavy Hitter [Must Fill] (Late Round 3);PGA TOUR Showdown $75K Heavy Hitter [Must Fill] (Late Round 3);PGA TOUR Showdown $750 Drive the Green (Late Round 3);PGA TOUR Showdown $50K Nosebleed Section [Must Fill] (Late Round 3);PGA TOUR Showdown $20K Thunderdome [Must Fill] (Late Round 3);PGA TOUR Showdown $1K Long Drive [Single Entry] (Late Round 3);PGA TOUR Showdown $500 Bunker [Single Entry] (Late Round 3);PGA TOUR Showdown Satellite to NFL $4,444 Fantasy Football MEGA Millionaire [Must Fill] (Late Round ;PGA TOUR Showdown $530 Winner Take All [Must Fill] (Late Round 3);PGA TOUR Showdown Satellite to NFL Midseason Main Event (11-1) [Must Fill] (Late Round 3)",196330699;196330700;196300787;196330703;196330706;196300790;196330767;196330714;196330707;196330717;196330710;196330712;196330715;196332742;196330708;196332151;196330702;196300792;196300785;196300788,10/3 1:59PM (Late Round 3),
