Source,Sport,Player ID,Player Name,Position,Team,Stat Type,Line Score,Adjusted Odds,Implied Probability,Date,Start Time (CST),Status,League,Odds Type,Headshot URL,Data ID
PrizePicks,EUROGOLF,88736,Alex Noren,G,Alex Noren,Birdies Or Better,4,N/A,N/A,2026-10-09,10:05 PM,pre_game,EUROGOLF,standard,https://static.prizepicks.com/images/players/golf/Alexander_Noren_88bc83d5-45d0-4be3-9dd1-1af5282a718e.webp,15608524
PrizePicks,EUROGOLF,88736,Alex Noren,G,Alex Noren,Strokes,69,N/A,N/A,2026-10-09,10:05 PM,pre_game,EUROGOLF,standard,https://static.prizepicks.com/images/players/golf/Alexander_Noren_88bc83d5-45d0-4be3-9dd1-1af5282a718e.webp,15608500
PrizePicks,EUROGOLF,236307,Marco Penge,G,M. Penge,Birdies Or Better,4.5,N/A,N/A,2026-10-09,10:05 PM,pre_game,EUROGOLF,standard,https://static.prizepicks.com/images/manual/Marco_Penge.png,15608507
PrizePicks,EUROGOLF,236307,Marco Penge,G,M. Penge,Strokes,69.5,N/A,N/A,2026-10-09,10:05 PM,pre_game,EUROGOLF,standard,https://static.prizepicks.com/images/manual/Marco_Penge.png,15608497
PrizePicks,EUROGOLF,151161,Ludvig Aberg,G,Ludvig Aberg,Strokes,68.5,N/A,N/A,2026-10-09,10:05 PM,pre_game,EUROGOLF,standard,https://static.prizepicks.com/images/players/golf/Ludvig_Aberg_4fff3b28-5c2e-4ec3-91d1-696f42638cf4.webp,15608502
PrizePicks,EUROGOLF,151161,Ludvig Aberg,G,Ludvig Aberg,Birdies Or Better,5,N/A,N/A,2026-10-09,10:05 PM,pre_game,EUROGOLF,standard,https://static.prizepicks.com/images/players/golf/Ludvig_Aberg_4fff3b28-5c2e-4ec3-91d1-696f42638cf4.webp,15608503
PrizePicks,EUROGOLF,88734,Shane Lowry,G,Shane Lowry,Strokes,69,N/A,N/A,2026-10-09,10:05 PM,pre_game,EUROGOLF,standard,https://static.prizepicks.com/images/players/golf/Shane_Lowry_f59ddf3e-5f14-42b3-9cf1-b681cd0d35a0.webp,15608501
PrizePicks,EUROGOLF,88734,Shane Lowry,G,Shane Lowry,Birdies Or Better,4.5,N/A,N/A,2026-10-09,10:05 PM,pre_game,EUROGOLF,standard,https://static.prizepicks.com/images/players/golf/Shane_Lowry_f59ddf3e-5f14-42b3-9cf1-b681cd0d35a0.webp,15608506
PrizePicks,EUROGOLF,284273,Oliver Lindell,G,O. Lindell,Strokes,69.5,N/A,N/A,2026-10-09,10:05 PM,pre_game,EUROGOLF,standard,https://static.prizepicks.com/images/manual/OlliverLindell.png,15608498
PrizePicks,EUROGOLF,284273,Oliver Lindell,G,O. Lindell,Birdies Or Better,4,N/A,N/A,2026-10-09,10:05 PM,pre_game,EUROGOLF,standard,https://static.prizepicks.com/images/manual/OlliverLindell.png,15608518
PrizePicks,EUROGOLF,151390,Sami Valimaki,G,Sami Valimaki,Strokes,69.5,N/A,N/A,2026-10-09,10:05 PM,pre_game,EUROGOLF,standard,https://static.prizepicks.com/images/players/golf/Sami_Valimaki_c035de63-4cdd-4cd9-91bc-32a747c05e4a.webp,15608499
PrizePicks,EUROGOLF,151390,Sami Valimaki,G,Sami Valimaki,Birdies Or Better,4,N/A,N/A,2026-10-09,10:05 PM,pre_game,EUROGOLF,standard,https://static.prizepicks.com/images/players/golf/Sami_Valimaki_c035de63-4cdd-4cd9-91bc-32a747c05e4a.webp,15608519
PrizePicks,EUROGOLF,90323,Thriston Lawrence,G,Thriston Lawrence,Birdies Or Better,4,N/A,N/A,2026-10-09,10:05 PM,pre_game,EUROGOLF,standard,https://static.prizepicks.com/images/manual/ThristonLawrence.png,15608520
PrizePicks,EUROGOLF,90323,Thriston Lawrence,G,Thriston Lawrence,Strokes,70.5,N/A,N/A,2026-10-09,10:05 PM,pre_game,EUROGOLF,standard,https://static.prizepicks.com/images/manual/ThristonLawrence.png,15608486
PrizePicks,EUROGOLF,92928,Brandon Stone,G,Brandon Stone,Birdies Or Better,4,N/A,N/A,2026-10-09,10:05 PM,pre_game,EUROGOLF,standard,"https://pga-tour-res.cloudinary.com/image/upload/c_fill,d_headshots_default.png,dpr_3.0,f_auto,g_face:center,h_350,q_auto,w_280/headshots_35225.png",15608516
PrizePicks,EUROGOLF,296806,Nathan Kimsey,G,N. Kimsey,Birdies Or Better,4,N/A,N/A,2026-10-09,10:05 PM,pre_game,EUROGOLF,standard,https://static.prizepicks.com/images/manual/NKimsey.png,15608517
PrizePicks,EUROGOLF,92928,Brandon Stone,G,Brandon Stone,Strokes,70.5,N/A,N/A,2026-10-09,10:05 PM,pre_game,EUROGOLF,standard,"https://pga-tour-res.cloudinary.com/image/upload/c_fill,d_headshots_default.png,dpr_3.0,f_auto,g_face:center,h_350,q_auto,w_280/headshots_35225.png",15608482
PrizePicks,EUROGOLF,296806,Nathan Kimsey,G,N. Kimsey,Strokes,70.5,N/A,N/A,2026-10-09,10:05 PM,pre_game,EUROGOLF,standard,https://static.prizepicks.com/images/manual/NKimsey.png,15608484
PrizePicks,EUROGOLF,235930,Sam Bairstow,G,S. Bairsto,Birdies Or Better,4,N/A,N/A,2026-10-09,10:05 PM,pre_game,EUROGOLF,standard,https://static.prizepicks.com/images/manual/SamBairstow.png,15608515
PrizePicks,EUROGOLF,235930,Sam Bairstow,G,S. Bairsto,Strokes,70,N/A,N/A,2026-10-09,10:05 PM,pre_game,EUROGOLF,standard,https://static.prizepicks.com/images/manual/SamBairstow.png,15608491
PrizePicks,EUROGOLF,95262,Francesco Molinari,G,Francesco Molinari,Strokes,70.5,N/A,N/A,2026-10-09,10:05 PM,pre_game,EUROGOLF,standard,"https://pga-tour-res.cloudinary.com/image/upload/c_fill,d_headshots_default.png,f_auto,g_face:center,h_350,q_auto,w_280/headshots_25198.png",15608483
PrizePicks,EUROGOLF,317179,Stefano Mazzoli,G,S. Mazzoli,Birdies Or Better,3.5,N/A,N/A,2026-10-09,10:05 PM,pre_game,EUROGOLF,standard,https://static.prizepicks.com/images/manual/Icon=Golf.png,15608522
PrizePicks,EUROGOLF,211006,Niklas Nørgaard Møller,G,N. Nørgaard Møller,Strokes,69.5,N/A,N/A,2026-10-09,10:05 PM,pre_game,EUROGOLF,standard,https://static.prizepicks.com/images/manual/NiklasNorgaar.png,15608485
PrizePicks,EUROGOLF,317179,Stefano Mazzoli,G,S. Mazzoli,Strokes,71.5,N/A,N/A,2026-10-09,10:05 PM,pre_game,EUROGOLF,standard,https://static.prizepicks.com/images/manual/Icon=Golf.png,15608476
PrizePicks,EUROGOLF,95943,Sergio Garcia,G,Sergio Garcia,Strokes,69.5,N/A,N/A,2026-10-09,10:05 PM,pre_game,EUROGOLF,standard,"https://pga-tour-res.cloudinary.com/image/upload/c_fill,d_headshots_default.png,f_auto,g_face:center,h_350,q_auto,w_280/headshots_21209.png",15608495
PrizePicks,EUROGOLF,206435,Matthew Jordan,G,M. Jordan,Birdies Or Better,4,N/A,N/A,2026-10-09,10:05 PM,pre_game,EUROGOLF,standard,https://static.prizepicks.com/images/manual/Matthew_Jordan.png,15608513
PrizePicks,EUROGOLF,206435,Matthew Jordan,G,M. Jordan,Strokes,70,N/A,N/A,2026-10-09,10:05 PM,pre_game,EUROGOLF,standard,https://static.prizepicks.com/images/manual/Matthew_Jordan.png,15608490
PrizePicks,EUROGOLF,87387,Adrián Otaegui ,G,Adrián Otaegui,Birdies Or Better,3.5,N/A,N/A,2026-10-09,10:05 PM,pre_game,EUROGOLF,standard,"https://pga-tour-res.cloudinary.com/image/upload/c_fill,d_headshots_default.png,dpr_3.0,f_auto,g_face:center,h_350,q_auto,w_280/headshots_34575.png",15608521
PrizePicks,EUROGOLF,87387,Adrián Otaegui ,G,Adrián Otaegui,Strokes,71,N/A,N/A,2026-10-09,10:05 PM,pre_game,EUROGOLF,standard,"https://pga-tour-res.cloudinary.com/image/upload/c_fill,d_headshots_default.png,dpr_3.0,f_auto,g_face:center,h_350,q_auto,w_280/headshots_34575.png",15608479
PrizePicks,EUROGOLF,222365,Angel Ayora,G,A. Ayora,Birdies Or Better,4.5,N/A,N/A,2026-10-09,10:05 PM,pre_game,EUROGOLF,standard,https://static.prizepicks.com/images/manual/Angel_Ayora.png,15608504
PrizePicks,EUROGOLF,222365,Angel Ayora,G,A. Ayora,Strokes,69.5,N/A,N/A,2026-10-09,10:05 PM,pre_game,EUROGOLF,standard,https://static.prizepicks.com/images/manual/Angel_Ayora.png,15608492
PrizePicks,EUROGOLF,141757,Victor Perez,G,Victor Perez,Strokes,69.5,N/A,N/A,2026-10-09,10:05 PM,pre_game,EUROGOLF,standard,https://static.prizepicks.com/images/players/golf/Victor___Perez_6ecd3db0-6b6c-4bf8-b69e-808a2b5cda42.webp,15608496
PrizePicks,EUROGOLF,87394,Romain Langasque,G,Romain Langasque,Birdies Or Better,4,N/A,N/A,2026-10-09,10:05 PM,pre_game,EUROGOLF,standard,"https://pga-tour-res.cloudinary.com/image/upload/c_fill,d_headshots_default.png,dpr_3.0,f_auto,g_face:center,h_350,q_auto,w_280/headshots_37250.png",15608514
PrizePicks,EUROGOLF,87394,Romain Langasque,G,Romain Langasque,Strokes,70.5,N/A,N/A,2026-10-09,10:05 PM,pre_game,EUROGOLF,standard,"https://pga-tour-res.cloudinary.com/image/upload/c_fill,d_headshots_default.png,dpr_3.0,f_auto,g_face:center,h_350,q_auto,w_280/headshots_37250.png",15608481
PrizePicks,EUROGOLF,225197,Daniel Hillier,G,D. Hillier,Birdies Or Better,4.5,N/A,N/A,2026-10-09,10:05 PM,pre_game,EUROGOLF,standard,https://static.prizepicks.com/images/manual/Daniel_Hillier.png,15608505
PrizePicks,EUROGOLF,225197,Daniel Hillier,G,D. Hillier,Strokes,69.5,N/A,N/A,2026-10-09,10:05 PM,pre_game,EUROGOLF,standard,https://static.prizepicks.com/images/manual/Daniel_Hillier.png,15608493
PrizePicks,EUROGOLF,178119,Jeff Winther,G,J. Winther,Birdies Or Better,4,N/A,N/A,2026-10-09,10:05 PM,pre_game,EUROGOLF,standard,https://static.prizepicks.com/images/manual/JeffWinther.png,15608509
PrizePicks,EUROGOLF,243650,Martin Couvra,G,M. Couvra,Birdies Or Better,4,N/A,N/A,2026-10-09,10:05 PM,pre_game,EUROGOLF,standard,https://static.prizepicks.com/images/manual/Martin_Couvra.png,15608512
PrizePicks,EUROGOLF,178119,Jeff Winther,G,J. Winther,Strokes,70,N/A,N/A,2026-10-09,10:05 PM,pre_game,EUROGOLF,standard,https://static.prizepicks.com/images/manual/JeffWinther.png,15608487
PrizePicks,EUROGOLF,243650,Martin Couvra,G,M. Couvra,Strokes,70,N/A,N/A,2026-10-09,10:05 PM,pre_game,EUROGOLF,standard,https://static.prizepicks.com/images/manual/Martin_Couvra.png,15608489
PrizePicks,EUROGOLF,222472,Jacob Skov Olesen,G,J. Skov Olesen,Strokes,69.5,N/A,N/A,2026-10-09,10:05 PM,pre_game,EUROGOLF,standard,https://static.prizepicks.com/images/manual/JacobSKovOlsen.png,15608494
PrizePicks,EUROGOLF,215808,Joe Dean,G,J. Dean,Birdies Or Better,4,N/A,N/A,2026-10-09,10:05 PM,pre_game,EUROGOLF,standard,https://static.prizepicks.com/images/manual/Joe_Dean1.png,15608510
PrizePicks,EUROGOLF,215808,Joe Dean,G,J. Dean,Strokes,70,N/A,N/A,2026-10-09,10:05 PM,pre_game,EUROGOLF,standard,https://static.prizepicks.com/images/manual/Joe_Dean1.png,15608488
PrizePicks,EUROGOLF,142368,Grant Forrest,G,Grant Forrest,Birdies Or Better,4,N/A,N/A,2026-10-09,10:05 PM,pre_game,EUROGOLF,standard,https://static.prizepicks.com/images/manual/GrantFOrrest.png,15608508
PrizePicks,EUROGOLF,269057,Joel Girrbach,G,J. Girrbach,Birdies Or Better,4,N/A,N/A,2026-10-09,10:05 PM,pre_game,EUROGOLF,standard,https://static.prizepicks.com/images/manual/joelgirrbach.png,15608511
PrizePicks,EUROGOLF,269057,Joel Girrbach,G,J. Girrbach,Strokes,70.5,N/A,N/A,2026-10-09,10:05 PM,pre_game,EUROGOLF,standard,https://static.prizepicks.com/images/manual/joelgirrbach.png,15608480
PrizePicks,EUROGOLF,188592,Connor Syme,G,C. Syme,Strokes,71,N/A,N/A,2026-10-09,10:05 PM,pre_game,EUROGOLF,standard,https://static.prizepicks.com/images/manual/CSyme.png,15608477
PrizePicks,EUROGOLF,142368,Grant Forrest,G,Grant Forrest,Strokes,71,N/A,N/A,2026-10-09,10:05 PM,pre_game,EUROGOLF,standard,https://static.prizepicks.com/images/manual/GrantFOrrest.png,15608478
