player_name,stat_type,prizepicks_line,underdog_line,average_line,higher_price_ud,lower_price_ud,book_avg,sg_total_avg,proj,is_matchup
Adam Scott,Birdies Or Better,,4.5,4.5,140.0,-173.0,4.277777777777778,,4.277777777777778,False
Adam Scott,Bogeys or Worse,,2.5,2.5,100.0,-122.0,2.5,,2.5,False
Adam Scott,Fairways Hit,,8.5,8.5,129.0,-159.0,8.7,,8.7,False
Adam Scott,Greens In Regulation,,12.5,12.5,108.0,-132.0,12.5,,12.5,False
Adam Scott,Round Strokes,,68.5,68.5,-112.0,-112.0,67.83333333333333,,67.83333333333333,False
Adam Scott,Tourney Finishing Position,,5.5,5.5,,-110.0,5.5,,5.5,False
Adrian Meronk,Birdies Or Better,4.0,,4.0,,,4.277777777777778,,4.277777777777778,False
Adrian Meronk,Strokes,71.5,,71.5,,,71.19642857142857,,71.19642857142857,False
Alex Fitzpatrick,Birdies Or Better,4.5,,4.5,,,4.277777777777778,,4.277777777777778,False
Alex Fitzpatrick,Strokes,70.5,,70.5,,,71.19642857142857,,71.19642857142857,False
Alex Noren,Strokes,70.5,,70.5,,,71.19642857142857,,71.19642857142857,False
Andreas Halvorsen,Birdies Or Better,4.0,,4.0,,,4.277777777777778,,4.277777777777778,False
Andreas Halvorsen,Strokes,72.0,,72.0,,,71.19642857142857,,71.19642857142857,False
Billy Horschel,Birdies Or Better,5.5,,5.5,,,4.277777777777778,,4.277777777777778,False
Brooks Koepka,Birdies Or Better,4.5,,4.5,,,4.277777777777778,,4.277777777777778,False
Brooks Koepka,Strokes,70.5,,70.5,,,71.19642857142857,,71.19642857142857,False
Calum Hill,Strokes,71.0,,71.0,,,71.19642857142857,,71.19642857142857,False
Cameron Young,Birdies Or Better,,4.5,4.5,108.0,-134.0,4.277777777777778,,4.277777777777778,False
Cameron Young,Bogeys or Worse,,2.5,2.5,133.0,-164.0,2.5,,2.5,False
Cameron Young,Fairways Hit,,8.5,8.5,103.0,-125.0,8.7,,8.7,False
Cameron Young,Greens In Regulation,,12.5,12.5,-113.0,-109.0,12.5,,12.5,False
Cameron Young,Round Strokes,,67.5,67.5,-148.0,121.0,67.83333333333333,,67.83333333333333,False
Cameron Young,Tourney Finishing Position,,5.5,5.5,,195.0,5.5,,5.5,False
Casey Jarvis,Birdies Or Better,4.0,,4.0,,,4.277777777777778,,4.277777777777778,False
Casey Jarvis,Strokes,71.5,,71.5,,,71.19642857142857,,71.19642857142857,False
Chris Gotterup,Birdies Or Better,,4.5,4.5,-120.0,-103.0,4.277777777777778,,4.277777777777778,False
Chris Gotterup,Bogeys or Worse,,2.5,2.5,127.0,-157.0,2.5,,2.5,False
Chris Gotterup,Fairways Hit,,7.5,7.5,-132.0,108.0,8.7,,8.7,False
Chris Gotterup,Greens In Regulation,,12.5,12.5,110.0,-134.0,12.5,,12.5,False
Chris Gotterup,Round Strokes,,67.5,67.5,-136.0,111.0,67.83333333333333,,67.83333333333333,False
Chris Gotterup,Tourney Finishing Position,,5.5,5.5,,-154.0,5.5,,5.5,False
Connor Syme,Strokes,72.0,,72.0,,,71.19642857142857,,71.19642857142857,False
David Puig,Birdies Or Better,4.5,,4.5,,,4.277777777777778,,4.277777777777778,False
David Puig,Strokes,70.5,,70.5,,,71.19642857142857,,71.19642857142857,False
Eric Cole,Birdies Or Better,5.5,,5.5,,,4.277777777777778,,4.277777777777778,False
Hennie du Plessis,Birdies Or Better,4.0,,4.0,,,4.277777777777778,,4.277777777777778,False
Hennie du Plessis,Strokes,71.5,,71.5,,,71.19642857142857,,71.19642857142857,False
Jacob Skov Olesen,Strokes,71.0,,71.0,,,71.19642857142857,,71.19642857142857,False
JC Ritchie,Strokes,72.0,,72.0,,,71.19642857142857,,71.19642857142857,False
Jose Luis Ballester,Birdies Or Better,4.0,,4.0,,,4.277777777777778,,4.277777777777778,False
Jose Luis Ballester,Strokes,71.0,,71.0,,,71.19642857142857,,71.19642857142857,False
Kevin Roy,Birdies Or Better,5.5,,5.5,,,4.277777777777778,,4.277777777777778,False
Kevin Streelman,Greens In Regulation,13.5,,13.5,,,12.5,,12.5,False
Kris Ventura,Pars,10.5,,10.5,,,10.5,,10.5,False
Ludvig Åberg,Birdies Or Better,,4.5,4.5,112.0,-137.0,4.277777777777778,,4.277777777777778,False
Ludvig Åberg,Bogeys or Worse,,2.5,2.5,134.0,-164.0,2.5,,2.5,False
Ludvig Åberg,Fairways Hit,,8.5,8.5,-108.0,-114.0,8.7,,8.7,False
Ludvig Åberg,Greens In Regulation,,12.5,12.5,-130.0,106.0,12.5,,12.5,False
Ludvig Åberg,Round Strokes,,67.5,67.5,-115.0,-107.0,67.83333333333333,,67.83333333333333,False
Ludvig Åberg,Tourney Finishing Position,,5.5,5.5,,-173.0,5.5,,5.5,False
Marcus Armitage,Birdies Or Better,4.0,,4.0,,,4.277777777777778,,4.277777777777778,False
Marcus Armitage,Strokes,71.5,,71.5,,,71.19642857142857,,71.19642857142857,False
Matt FItzpatrick,Birdies Or Better,5.0,,5.0,,,4.277777777777778,,4.277777777777778,False
Matt FItzpatrick,Strokes,69.5,,69.5,,,71.19642857142857,,71.19642857142857,False
Matthew Jordan,Birdies Or Better,4.0,,4.0,,,4.277777777777778,,4.277777777777778,False
Matthew Jordan,Strokes,71.0,,71.0,,,71.19642857142857,,71.19642857142857,False
Mikael Lindberg,Birdies Or Better,4.0,,4.0,,,4.277777777777778,,4.277777777777778,False
Mikael Lindberg,Strokes,72.0,,72.0,,,71.19642857142857,,71.19642857142857,False
Min Woo Lee,Birdies Or Better,,4.5,4.5,138.0,-170.0,4.277777777777778,,4.277777777777778,False
Min Woo Lee,Bogeys or Worse,,2.5,2.5,100.0,-122.0,2.5,,2.5,False
Min Woo Lee,Fairways Hit,,8.5,8.5,123.0,-152.0,8.7,,8.7,False
Min Woo Lee,Greens In Regulation,,11.5,11.5,-134.0,110.0,12.5,,12.5,False
Min Woo Lee,Round Strokes,,68.5,68.5,-112.0,-112.0,67.83333333333333,,67.83333333333333,False
Min Woo Lee,Tourney Finishing Position,,10.5,10.5,,109.0,5.5,,5.5,False
MJ Daffue,Birdies Or Better,4.0,,4.0,,,4.277777777777778,,4.277777777777778,False
MJ Daffue,Strokes,72.0,,72.0,,,71.19642857142857,,71.19642857142857,False
Niklas Nørgaard Møller,Strokes,71.5,,71.5,,,71.19642857142857,,71.19642857142857,False
Oliver Lindell,Birdies Or Better,4.0,,4.0,,,4.277777777777778,,4.277777777777778,False
Oliver Lindell,Strokes,71.0,,71.0,,,71.19642857142857,,71.19642857142857,False
Ollie Schniederjans,Strokes,72.5,,72.5,,,71.19642857142857,,71.19642857142857,False
Robert Macintyre,Strokes,70.0,,70.0,,,71.19642857142857,,71.19642857142857,False
Rocco Repetto Taylor,Birdies Or Better,4.0,,4.0,,,4.277777777777778,,4.277777777777778,False
Rocco Repetto Taylor,Strokes,72.0,,72.0,,,71.19642857142857,,71.19642857142857,False
Rory McIlroy,Birdies Or Better,,4.5,4.5,-134.0,108.0,4.277777777777778,,4.277777777777778,False
Rory McIlroy,Bogeys or Worse,,2.5,2.5,130.0,-159.0,2.5,,2.5,False
Rory McIlroy,Fairways Hit,,7.5,7.5,-170.0,138.0,8.7,,8.7,False
Rory McIlroy,Greens In Regulation,,12.5,12.5,-122.0,100.0,12.5,,12.5,False
Rory McIlroy,Round Strokes,,67.5,67.5,101.0,-124.0,67.83333333333333,,67.83333333333333,False
Rory McIlroy,Tourney Finishing Position,,5.5,5.5,,138.0,5.5,,5.5,False
Russell Henley,Birdies Or Better,,4.5,4.5,122.0,-150.0,4.277777777777778,,4.277777777777778,False
Russell Henley,Bogeys or Worse,,2.5,2.5,157.0,-197.0,2.5,,2.5,False
Russell Henley,Fairways Hit,,10.5,10.5,129.0,-159.0,8.7,,8.7,False
Russell Henley,Greens In Regulation,,12.5,12.5,114.0,-139.0,12.5,,12.5,False
Russell Henley,Round Strokes,,67.5,67.5,-170.0,139.0,67.83333333333333,,67.83333333333333,False
Russell Henley,Tourney Finishing Position,,10.5,10.5,,-110.0,5.5,,5.5,False
Ryan Gerard,Birdies Or Better,,4.5,4.5,128.0,-159.0,4.277777777777778,,4.277777777777778,False
Ryan Gerard,Bogeys or Worse,,2.5,2.5,-106.0,-117.0,2.5,,2.5,False
Ryan Gerard,Fairways Hit,,8.5,8.5,-152.0,123.0,8.7,,8.7,False
Ryan Gerard,Greens In Regulation,,11.5,11.5,-157.0,128.0,12.5,,12.5,False
Ryan Gerard,Round Strokes,,68.5,68.5,101.0,-124.0,67.83333333333333,,67.83333333333333,False
Ryan Gerard,Tourney Finishing Position,,5.5,5.5,,-358.0,5.5,,5.5,False
Sam Bairstow,Birdies Or Better,4.0,,4.0,,,4.277777777777778,,4.277777777777778,False
Sam Bairstow,Strokes,71.5,,71.5,,,71.19642857142857,,71.19642857142857,False
Scottie Scheffler,Birdies Or Better,,5.5,5.5,128.0,-159.0,4.277777777777778,,4.277777777777778,False
Scottie Scheffler,Bogeys or Worse,,1.5,1.5,-124.0,101.0,2.5,,2.5,False
Scottie Scheffler,Fairways Hit,,9.5,9.5,131.0,-162.0,8.7,,8.7,False
Scottie Scheffler,Greens In Regulation,,13.5,13.5,111.0,-136.0,12.5,,12.5,False
Scottie Scheffler,Round Strokes,,65.5,65.5,-170.0,139.0,67.83333333333333,,67.83333333333333,False
Scottie Scheffler,Tourney Finishing Position,,5.5,5.5,,-358.0,5.5,,5.5,False
Sebastian Soderberg,Strokes,72.0,,72.0,,,71.19642857142857,,71.19642857142857,False
Sepp Straka,Birdies Or Better,4.0,,4.0,,,4.277777777777778,,4.277777777777778,False
Sepp Straka,Strokes,71.0,,71.0,,,71.19642857142857,,71.19642857142857,False
Stephan Jaeger,Birdies Or Better,5.5,,5.5,,,4.277777777777778,,4.277777777777778,False
Thomas Detry,Birdies Or Better,4.5,,4.5,,,4.277777777777778,,4.277777777777778,False
Thomas Detry,Strokes,71.0,,71.0,,,71.19642857142857,,71.19642857142857,False
Tommy Fleetwood,Strokes,69.5,,69.5,,,71.19642857142857,,71.19642857142857,False
Trace Crowe,Pars,10.5,,10.5,,,10.5,,10.5,False
Viktor Hovland,Birdies Or Better,,4.5,4.5,124.0,-152.0,4.277777777777778,,4.277777777777778,False
Viktor Hovland,Bogeys or Worse,,2.5,2.5,107.0,-132.0,2.5,,2.5,False
Viktor Hovland,Fairways Hit,,9.5,9.5,129.0,-159.0,8.7,,8.7,False
Viktor Hovland,Greens In Regulation,,12.5,12.5,120.0,-148.0,12.5,,12.5,False
Viktor Hovland,Round Strokes,,67.5,67.5,-170.0,139.0,67.83333333333333,,67.83333333333333,False
