player_name,course_name,event_name,birdies_plus,strokes,bogeys,pars,fw_pct,gir_pct,n_rounds,n_starts,window,trait_sig,by_designer,by_style,by_greens,birdies_plus_rank,strokes_rank,course_hist_birdies,course_hist_strokes,course_hist_bogeys,course_hist_pars,course_hist_fw,course_hist_gir,course_hit_rate
"Koivun, Jackson",Black Desert Resort,Bank of Utah Championship,4.2083,68.0417,1.75,11.875,71.4292,73.8333,24,7,24,DESIGNER:TOM FAZIO | STYLE:PARKLAND | GREENS:BERMUDA | GREENS (2):TIFEAGLE | FAIRWAYS:BERMUDA | LENGTH:NORMAL | PAR:71.0 | SCORING:HARD | WEATHER:FAIR | TYPE:FULL | FAIRWAY WIDTH:SMALL | GREEN WIDTH:SMALL | GREEN SPEEDS:12.0 | GREEN SPEEDS.1:NORMAL | ROUGH LENGTH:THICK | WATER HAZARDS:8.0 | ROUGH AMOUNT:NORMAL | BUNKERS:74.0 | LOCATION:FLORIDA | Redesigned:JACK NICKLAUS | DRAINAGE:GOOD | RAIN:NO,,3.7083,3.75,28.0,4.0,3.0|5.0|7.0|8.0,71.0|68.0|66.0|67.0,2.0|2.0|2.0|3.0,13.0|11.0|9.0|7.0,4.998|7.0|7.0|7.994,10.008|12.996|14.994|16.002,75.0
"Brennan, Michael",Black Desert Resort,Bank of Utah Championship,4.7083,68.0,2.0833,10.9167,55.3583,69.2208,24,6,24,DESIGNER:TOM FAZIO | STYLE:PARKLAND | GREENS:BERMUDA | GREENS (2):TIFEAGLE | FAIRWAYS:BERMUDA | LENGTH:NORMAL | PAR:71.0 | SCORING:HARD | WEATHER:FAIR | TYPE:FULL | FAIRWAY WIDTH:SMALL | GREEN WIDTH:SMALL | GREEN SPEEDS:12.0 | GREEN SPEEDS.1:NORMAL | ROUGH LENGTH:THICK | WATER HAZARDS:8.0 | ROUGH AMOUNT:NORMAL | BUNKERS:74.0 | LOCATION:FLORIDA | Redesigned:JACK NICKLAUS | DRAINAGE:GOOD | RAIN:NO,3.6667,4.5833,4.5,2.0,2.0,3.0|3.0|7.0|8.0|6.0|6.0,70.0|75.0|66.0|64.0|65.0|67.0,2.0|5.0|2.0|0.0|1.0|0.0,13.0|9.0|9.0|9.0|11.0|11.0,8.61|9.688|11.998|13.006|14.0|11.004,10.008|9.0|14.994|12.996|14.004|14.994,66.7
"Thompson, Davis",Black Desert Resort,Bank of Utah Championship,4.5,68.1667,2.25,11.0833,63.9792,73.3708,24,7,24,DESIGNER:TOM FAZIO | STYLE:PARKLAND | GREENS:BERMUDA | GREENS (2):TIFEAGLE | FAIRWAYS:BERMUDA | LENGTH:NORMAL | PAR:71.0 | SCORING:HARD | WEATHER:FAIR | TYPE:FULL | FAIRWAY WIDTH:SMALL | GREEN WIDTH:SMALL | GREEN SPEEDS:12.0 | GREEN SPEEDS.1:NORMAL | ROUGH LENGTH:THICK | WATER HAZARDS:8.0 | ROUGH AMOUNT:NORMAL | BUNKERS:74.0 | LOCATION:FLORIDA | Redesigned:JACK NICKLAUS | DRAINAGE:GOOD | RAIN:NO,3.95,3.7083,3.6,9.0,8.0,5.0|2.0|0.0|5.0|3.0|5.0|5.0|4.0,68.0|73.0|77.0|66.0|74.0|69.0|68.0|70.0,2.0|2.0|6.0|1.0|5.0|2.0|1.0|2.0,11.0|13.0|12.0|12.0|10.0|11.0|12.0|12.0,3.234|9.688|4.312|7.532|4.004|7.994|9.002|7.994,10.998|10.998|7.992|10.998|12.006|16.002|14.004|14.004,50.0
"Roy, Kevin",Black Desert Resort,Bank of Utah Championship,4.0833,68.9167,2.0833,11.625,71.4167,74.075,24,7,24,DESIGNER:TOM FAZIO | STYLE:PARKLAND | GREENS:BERMUDA | GREENS (2):TIFEAGLE | FAIRWAYS:BERMUDA | LENGTH:NORMAL | PAR:71.0 | SCORING:HARD | WEATHER:FAIR | TYPE:FULL | FAIRWAY WIDTH:SMALL | GREEN WIDTH:SMALL | GREEN SPEEDS:12.0 | GREEN SPEEDS.1:NORMAL | ROUGH LENGTH:THICK | WATER HAZARDS:8.0 | ROUGH AMOUNT:NORMAL | BUNKERS:74.0 | LOCATION:FLORIDA | Redesigned:JACK NICKLAUS | DRAINAGE:GOOD | RAIN:NO,3.6818,3.4167,4.2,42.0,26.0,3.0|4.0|4.0|3.0|2.0|5.0|3.0|3.0,70.0|70.0|71.0|70.0|74.0|73.0|69.0|72.0,1.0|0.0|3.0|1.0|5.0|4.0|1.0|5.0,14.0|13.0|11.0|14.0|11.0|7.0|14.0|10.0,11.998|14.0|11.998|11.004|8.61|8.61|7.532|8.61,16.002|14.004|14.994|16.002|7.002|10.008|12.006|7.992,12.5
"Grillo, Emiliano",Black Desert Resort,Bank of Utah Championship,4.3333,68.5833,2.375,11.125,73.5083,70.1292,24,7,24,DESIGNER:TOM FAZIO | STYLE:PARKLAND | GREENS:BERMUDA | GREENS (2):TIFEAGLE | FAIRWAYS:BERMUDA | LENGTH:NORMAL | PAR:71.0 | SCORING:HARD | WEATHER:FAIR | TYPE:FULL | FAIRWAY WIDTH:SMALL | GREEN WIDTH:SMALL | GREEN SPEEDS:12.0 | GREEN SPEEDS.1:NORMAL | ROUGH LENGTH:THICK | WATER HAZARDS:8.0 | ROUGH AMOUNT:NORMAL | BUNKERS:74.0 | LOCATION:FLORIDA | Redesigned:JACK NICKLAUS | DRAINAGE:GOOD | RAIN:NO,3.5833,4.0833,3.625,19.0,16.0,7.0|3.0|3.0|3.0|4.0|2.0|3.0|2.0,65.0|71.0|70.0|71.0|75.0|74.0|71.0|71.0,1.0|3.0|2.0|3.0|2.0|3.0|2.0|1.0,10.0|12.0|13.0|12.0|11.0|12.0|13.0|15.0,7.532|9.688|3.234|10.766|11.004|7.0|11.998|9.002,14.994|12.006|9.0|7.992|10.998|12.006|12.996|12.996,12.5
"Fishburn, Patrick",Black Desert Resort,Bank of Utah Championship,4.0,69.0,2.125,11.6667,69.35,76.1583,24,7,24,DESIGNER:TOM FAZIO | STYLE:PARKLAND | GREENS:BERMUDA | GREENS (2):TIFEAGLE | FAIRWAYS:BERMUDA | LENGTH:NORMAL | PAR:71.0 | SCORING:HARD | WEATHER:FAIR | TYPE:FULL | FAIRWAY WIDTH:SMALL | GREEN WIDTH:SMALL | GREEN SPEEDS:12.0 | GREEN SPEEDS.1:NORMAL | ROUGH LENGTH:THICK | WATER HAZARDS:8.0 | ROUGH AMOUNT:NORMAL | BUNKERS:74.0 | LOCATION:FLORIDA | Redesigned:JACK NICKLAUS | DRAINAGE:GOOD | RAIN:NO,4.0556,3.0417,3.5,47.0,28.0,4.0|3.0|4.0|6.0|1.0|1.0|3.0|4.0,70.0|72.0|70.0|67.0|73.0|72.0|71.0|68.0,2.0|1.0|2.0|1.0|1.0|2.0|3.0|1.0,12.0|13.0|12.0|11.0|15.0|15.0|12.0|13.0,11.998|11.004|13.006|11.004|7.532|9.688|7.532|6.468,14.994|12.006|14.004|14.994|12.996|10.998|10.008|10.008,50.0
"Mouw, William",Black Desert Resort,Bank of Utah Championship,3.75,69.4167,2.375,11.5833,63.6958,72.45,24,7,24,DESIGNER:TOM FAZIO | STYLE:PARKLAND | GREENS:BERMUDA | GREENS (2):TIFEAGLE | FAIRWAYS:BERMUDA | LENGTH:NORMAL | PAR:71.0 | SCORING:HARD | WEATHER:FAIR | TYPE:FULL | FAIRWAY WIDTH:SMALL | GREEN WIDTH:SMALL | GREEN SPEEDS:12.0 | GREEN SPEEDS.1:NORMAL | ROUGH LENGTH:THICK | WATER HAZARDS:8.0 | ROUGH AMOUNT:NORMAL | BUNKERS:74.0 | LOCATION:FLORIDA | Redesigned:JACK NICKLAUS | DRAINAGE:GOOD | RAIN:NO,4.3,3.5,4.1,72.0,50.0,4.0|2.0|2.0|2.0|3.0|2.0|5.0|3.0,73.0|78.0|72.0|74.0|74.0|74.0|69.0|71.0,3.0|8.0|2.0|4.0|3.0|4.0|1.0|3.0,10.0|8.0|14.0|12.0|11.0|12.0|11.0|12.0,11.004|11.998|6.006|7.532|9.996|11.004|9.002|4.312,12.006|12.996|14.004|10.998|14.004|12.006|10.998|7.002,25.0
"James, Ben",Black Desert Resort,Bank of Utah Championship,4.4167,68.125,2.0,11.4167,75.9,73.3792,24,7,24,DESIGNER:TOM FAZIO | STYLE:PARKLAND | GREENS:BERMUDA | GREENS (2):TIFEAGLE | FAIRWAYS:BERMUDA | LENGTH:NORMAL | PAR:71.0 | SCORING:HARD | WEATHER:FAIR | TYPE:FULL | FAIRWAY WIDTH:SMALL | GREEN WIDTH:SMALL | GREEN SPEEDS:12.0 | GREEN SPEEDS.1:NORMAL | ROUGH LENGTH:THICK | WATER HAZARDS:8.0 | ROUGH AMOUNT:NORMAL | BUNKERS:74.0 | LOCATION:FLORIDA | Redesigned:JACK NICKLAUS | DRAINAGE:GOOD | RAIN:NO,5.5,3.8636,4.75,13.0,7.0,3.0|6.0|6.0|7.0|5.0|2.0,70.0|67.0|66.0|67.0|70.0|74.0,1.0|1.0|0.0|0.0|3.0|2.0,14.0|11.0|12.0|10.0|10.0|13.0,11.004|11.998|13.006|11.004|6.006|4.998,14.004|16.002|16.992|12.996|12.006|12.996,66.7
"Kohles, Ben",Black Desert Resort,Bank of Utah Championship,4.5417,67.875,1.875,11.4167,80.3542,74.7625,24,6,24,DESIGNER:TOM FAZIO | STYLE:PARKLAND | GREENS:BERMUDA | GREENS (2):TIFEAGLE | FAIRWAYS:BERMUDA | LENGTH:NORMAL | PAR:71.0 | SCORING:HARD | WEATHER:FAIR | TYPE:FULL | FAIRWAY WIDTH:SMALL | GREEN WIDTH:SMALL | GREEN SPEEDS:12.0 | GREEN SPEEDS.1:NORMAL | ROUGH LENGTH:THICK | WATER HAZARDS:8.0 | ROUGH AMOUNT:NORMAL | BUNKERS:74.0 | LOCATION:FLORIDA | Redesigned:JACK NICKLAUS | DRAINAGE:GOOD | RAIN:NO,3.0,4.0,4.15,6.0,1.0,1.0|3.0|4.0|2.0|8.0|6.0|5.0|2.0,75.0|74.0|68.0|77.0|65.0|67.0|67.0|71.0,2.0|5.0|0.0|4.0|3.0|3.0|2.0|3.0,14.0|10.0|14.0|11.0|7.0|9.0|11.0|13.0,7.994|4.998|13.006|6.006|11.998|11.998|11.004|13.006,9.0|9.0|12.006|12.996|14.004|7.992|16.002|12.996,37.5
"Hughes, Mackenzie",Black Desert Resort,Bank of Utah Championship,4.5,68.5417,2.1667,11.1667,61.6125,70.8417,24,7,24,DESIGNER:TOM FAZIO | STYLE:PARKLAND | GREENS:BERMUDA | GREENS (2):TIFEAGLE | FAIRWAYS:BERMUDA | LENGTH:NORMAL | PAR:71.0 | SCORING:HARD | WEATHER:FAIR | TYPE:FULL | FAIRWAY WIDTH:SMALL | GREEN WIDTH:SMALL | GREEN SPEEDS:12.0 | GREEN SPEEDS.1:NORMAL | ROUGH LENGTH:THICK | WATER HAZARDS:8.0 | ROUGH AMOUNT:NORMAL | BUNKERS:74.0 | LOCATION:FLORIDA | Redesigned:JACK NICKLAUS | DRAINAGE:GOOD | RAIN:NO,3.5833,3.9167,3.375,8.0,15.0,7.0|4.0|1.0|7.0|2.0|4.0|0.0|3.0,68.0|69.0|72.0|66.0|72.0|70.0|71.0|72.0,3.0|2.0|1.0|2.0|3.0|3.0|0.0|2.0,8.0|12.0|16.0|9.0|13.0|11.0|18.0|12.0,9.996|11.004|11.004|11.004|4.312|4.312|7.532|10.766,14.004|10.998|14.004|12.996|9.0|10.998|12.996|10.008,25.0
"Wallace, Matt",Black Desert Resort,Bank of Utah Championship,4.125,68.6667,2.5417,11.1667,57.65,70.8417,24,7,24,DESIGNER:TOM FAZIO | STYLE:PARKLAND | GREENS:BERMUDA | GREENS (2):TIFEAGLE | FAIRWAYS:BERMUDA | LENGTH:NORMAL | PAR:71.0 | SCORING:HARD | WEATHER:FAIR | TYPE:FULL | FAIRWAY WIDTH:SMALL | GREEN WIDTH:SMALL | GREEN SPEEDS:12.0 | GREEN SPEEDS.1:NORMAL | ROUGH LENGTH:THICK | WATER HAZARDS:8.0 | ROUGH AMOUNT:NORMAL | BUNKERS:74.0 | LOCATION:FLORIDA | Redesigned:JACK NICKLAUS | DRAINAGE:GOOD | RAIN:NO,3.8333,4.25,4.35,37.0,22.0,1.0|5.0|4.0|1.0|4.0|3.0|1.0|7.0,72.0|70.0|68.0|73.0|68.0|69.0|73.0|68.0,2.0|2.0|1.0|3.0|1.0|1.0|3.0|3.0,15.0|10.0|13.0|14.0|13.0|14.0|14.0|7.0,7.532|7.532|9.688|8.61|9.996|9.996|9.996|11.004,10.998|10.008|14.004|12.006|12.006|12.996|14.004|14.004,25.0
"Horschel, Billy",Black Desert Resort,Bank of Utah Championship,4.25,69.375,2.8333,10.5833,64.6,69.9167,24,9,24,DESIGNER:TOM FAZIO | STYLE:PARKLAND | GREENS:BERMUDA | GREENS (2):TIFEAGLE | FAIRWAYS:BERMUDA | LENGTH:NORMAL | PAR:71.0 | SCORING:HARD | WEATHER:FAIR | TYPE:FULL | FAIRWAY WIDTH:SMALL | GREEN WIDTH:SMALL | GREEN SPEEDS:12.0 | GREEN SPEEDS.1:NORMAL | ROUGH LENGTH:THICK | WATER HAZARDS:8.0 | ROUGH AMOUNT:NORMAL | BUNKERS:74.0 | LOCATION:FLORIDA | Redesigned:JACK NICKLAUS | DRAINAGE:GOOD | RAIN:NO,3.375,4.125,3.95,24.0,46.0,3.0|2.0|3.0|6.0|4.0|6.0|1.0|6.0,73.0|75.0|72.0|67.0|72.0|68.0|73.0|65.0,5.0|6.0|4.0|2.0|2.0|2.0|4.0|1.0,10.0|10.0|11.0|10.0|10.0|9.0|13.0|11.0,8.61|3.234|5.39|5.39|7.994|11.004|9.996|7.0,9.0|7.002|12.006|12.006|10.998|10.998|12.006|14.004,37.5
"Finau, Tony",Black Desert Resort,Bank of Utah Championship,4.2083,69.625,2.8333,10.5833,59.5208,69.9042,24,7,24,DESIGNER:TOM FAZIO | STYLE:PARKLAND | GREENS:BERMUDA | GREENS (2):TIFEAGLE | FAIRWAYS:BERMUDA | LENGTH:NORMAL | PAR:71.0 | SCORING:HARD | WEATHER:FAIR | TYPE:FULL | FAIRWAY WIDTH:SMALL | GREEN WIDTH:SMALL | GREEN SPEEDS:12.0 | GREEN SPEEDS.1:NORMAL | ROUGH LENGTH:THICK | WATER HAZARDS:8.0 | ROUGH AMOUNT:NORMAL | BUNKERS:74.0 | LOCATION:FLORIDA | Redesigned:JACK NICKLAUS | DRAINAGE:GOOD | RAIN:NO,4.25,3.9167,3.75,30.0,61.0,3.0|4.0|4.0|4.0|3.0|3.0|4.0|4.0,71.0|71.0|69.0|69.0|74.0|74.0|69.0|71.0,3.0|2.0|2.0|2.0|4.0|6.0|0.0|3.0,12.0|11.0|12.0|12.0|10.0|9.0|13.0|11.0,6.468|4.312|4.312|6.468|5.39|6.468|6.006|7.0,9.0|5.994|7.992|12.006|12.996|9.0|10.008|10.008,0.0
"Greyserman, Max",Black Desert Resort,Bank of Utah Championship,3.9583,69.8333,2.8333,10.8333,53.8708,62.2792,24,7,24,DESIGNER:TOM FAZIO | STYLE:PARKLAND | GREENS:BERMUDA | GREENS (2):TIFEAGLE | FAIRWAYS:BERMUDA | LENGTH:NORMAL | PAR:71.0 | SCORING:HARD | WEATHER:FAIR | TYPE:FULL | FAIRWAY WIDTH:SMALL | GREEN WIDTH:SMALL | GREEN SPEEDS:12.0 | GREEN SPEEDS.1:NORMAL | ROUGH LENGTH:THICK | WATER HAZARDS:8.0 | ROUGH AMOUNT:NORMAL | BUNKERS:74.0 | LOCATION:FLORIDA | Redesigned:JACK NICKLAUS | DRAINAGE:GOOD | RAIN:NO,4.6875,3.4583,4.0417,48.0,69.0,3.0|4.0|8.0|4.0|6.0|4.0|2.0|6.0,73.0|72.0|67.0|68.0|69.0|77.0|73.0|70.0,4.0|3.0|3.0|0.0|2.0|5.0|2.0|5.0,11.0|10.0|7.0|14.0|9.0|7.0|13.0|7.0,6.006|5.39|7.994|9.996|7.994|6.006|11.844|9.002,12.006|10.998|12.006|9.0|12.996|7.992|7.992|10.998,75.0
"Glover, Lucas",Black Desert Resort,Bank of Utah Championship,3.9583,69.3333,2.3333,11.4167,71.1375,73.8375,24,8,24,DESIGNER:TOM FAZIO | STYLE:PARKLAND | GREENS:BERMUDA | GREENS (2):TIFEAGLE | FAIRWAYS:BERMUDA | LENGTH:NORMAL | PAR:71.0 | SCORING:HARD | WEATHER:FAIR | TYPE:FULL | FAIRWAY WIDTH:SMALL | GREEN WIDTH:SMALL | GREEN SPEEDS:12.0 | GREEN SPEEDS.1:NORMAL | ROUGH LENGTH:THICK | WATER HAZARDS:8.0 | ROUGH AMOUNT:NORMAL | BUNKERS:74.0 | LOCATION:FLORIDA | Redesigned:JACK NICKLAUS | DRAINAGE:GOOD | RAIN:NO,3.125,3.4167,3.5,49.0,44.0,2.0|2.0|3.0|2.0|4.0|7.0|3.0|4.0,74.0|73.0|73.0|73.0|72.0|67.0|71.0|75.0,3.0|4.0|2.0|4.0|1.0|3.0|0.0|3.0,12.0|12.0|12.0|12.0|11.0|8.0|14.0|9.0,8.61|7.532|7.532|8.61|7.532|8.61|7.994|9.996,9.0|7.992|10.008|10.008|10.998|14.004|10.998|10.998,37.5
"McCarty, Matt",Black Desert Resort,Bank of Utah Championship,3.875,69.2917,2.5833,11.25,61.6542,64.8208,24,7,24,DESIGNER:TOM FAZIO | STYLE:PARKLAND | GREENS:BERMUDA | GREENS (2):TIFEAGLE | FAIRWAYS:BERMUDA | LENGTH:NORMAL | PAR:71.0 | SCORING:HARD | WEATHER:FAIR | TYPE:FULL | FAIRWAY WIDTH:SMALL | GREEN WIDTH:SMALL | GREEN SPEEDS:12.0 | GREEN SPEEDS.1:NORMAL | ROUGH LENGTH:THICK | WATER HAZARDS:8.0 | ROUGH AMOUNT:NORMAL | BUNKERS:74.0 | LOCATION:FLORIDA | Redesigned:JACK NICKLAUS | DRAINAGE:GOOD | RAIN:NO,4.4,3.625,4.4,59.0,43.0,1.0|2.0|5.0|4.0|4.0|1.0|4.0|8.0,77.0|74.0|67.0|70.0|69.0|76.0|70.0|64.0,5.0|5.0|2.0|3.0|2.0|5.0|3.0|2.0,11.0|11.0|11.0|11.0|12.0|12.0|11.0|8.0,5.39|6.468|11.004|7.0|11.844|4.998|11.998|11.998,7.992|7.992|14.004|12.006|10.008|7.002|10.998|14.994,62.5
"Meissner, Mac",Black Desert Resort,Bank of Utah Championship,4.5417,68.7917,2.2917,10.7917,67.1208,66.6667,24,8,24,DESIGNER:TOM FAZIO | STYLE:PARKLAND | GREENS:BERMUDA | GREENS (2):TIFEAGLE | FAIRWAYS:BERMUDA | LENGTH:NORMAL | PAR:71.0 | SCORING:HARD | WEATHER:FAIR | TYPE:FULL | FAIRWAY WIDTH:SMALL | GREEN WIDTH:SMALL | GREEN SPEEDS:12.0 | GREEN SPEEDS.1:NORMAL | ROUGH LENGTH:THICK | WATER HAZARDS:8.0 | ROUGH AMOUNT:NORMAL | BUNKERS:74.0 | LOCATION:FLORIDA | Redesigned:JACK NICKLAUS | DRAINAGE:GOOD | RAIN:NO,3.2,3.6667,3.65,5.0,23.0,3.0|1.0|5.0|6.0|4.0|5.0|4.0|5.0,74.0|74.0|69.0|67.0|66.0|68.0|74.0|68.0,2.0|4.0|3.0|2.0|0.0|2.0|6.0|1.0,11.0|13.0|10.0|10.0|14.0|11.0|8.0|12.0,6.468|5.39|6.006|5.39|11.998|7.532|9.002|6.006,10.998|7.992|12.996|12.996|16.992|12.006|10.998|12.006,50.0
"Penge, Marco",Black Desert Resort,Bank of Utah Championship,3.6,70.15,2.7,11.25,56.54,65.28,24,7,24,DESIGNER:TOM FAZIO | STYLE:PARKLAND | GREENS:BERMUDA | GREENS (2):TIFEAGLE | FAIRWAYS:BERMUDA | LENGTH:NORMAL | PAR:71.0 | SCORING:HARD | WEATHER:FAIR | TYPE:FULL | FAIRWAY WIDTH:SMALL | GREEN WIDTH:SMALL | GREEN SPEEDS:12.0 | GREEN SPEEDS.1:NORMAL | ROUGH LENGTH:THICK | WATER HAZARDS:8.0 | ROUGH AMOUNT:NORMAL | BUNKERS:74.0 | LOCATION:FLORIDA | Redesigned:JACK NICKLAUS | DRAINAGE:GOOD | RAIN:NO,4.375,3.9583,4.0,86.0,83.0,5.0|6.0|6.0|3.0|4.0|2.0|7.0|7.0,71.0|68.0|68.0|69.0|70.0|72.0|67.0|65.0,5.0|1.0|1.0|1.0|3.0|3.0|2.0|0.0,8.0|10.0|10.0|14.0|11.0|13.0|9.0|10.0,11.844|9.688|5.39|6.468,9.0|14.004|14.004|12.006,75.0
"Hoey, Rico",Black Desert Resort,Bank of Utah Championship,4.1667,69.0833,2.375,11.1667,62.4958,74.5417,24,7,24,DESIGNER:TOM FAZIO | STYLE:PARKLAND | GREENS:BERMUDA | GREENS (2):TIFEAGLE | FAIRWAYS:BERMUDA | LENGTH:NORMAL | PAR:71.0 | SCORING:HARD | WEATHER:FAIR | TYPE:FULL | FAIRWAY WIDTH:SMALL | GREEN WIDTH:SMALL | GREEN SPEEDS:12.0 | GREEN SPEEDS.1:NORMAL | ROUGH LENGTH:THICK | WATER HAZARDS:8.0 | ROUGH AMOUNT:NORMAL | BUNKERS:74.0 | LOCATION:FLORIDA | Redesigned:JACK NICKLAUS | DRAINAGE:GOOD | RAIN:NO,3.9091,4.1667,3.6,31.0,31.0,5.0|4.0|3.0|4.0|3.0|3.0|4.0|5.0,69.0|72.0|71.0|70.0|72.0|70.0|68.0|71.0,2.0|4.0|2.0|2.0|4.0|3.0|1.0|3.0,11.0|10.0|13.0|12.0|11.0|12.0|13.0|9.0,9.996|9.996|11.998|13.006|5.39|8.61|5.39|9.688,12.006|10.998|14.004|14.004|10.998|9.0|9.0|10.008,25.0
"McCarthy, Denny",Black Desert Resort,Bank of Utah Championship,4.0,68.25,1.7917,12.0833,63.0958,74.3,24,7,24,DESIGNER:TOM FAZIO | STYLE:PARKLAND | GREENS:BERMUDA | GREENS (2):TIFEAGLE | FAIRWAYS:BERMUDA | LENGTH:NORMAL | PAR:71.0 | SCORING:HARD | WEATHER:FAIR | TYPE:FULL | FAIRWAY WIDTH:SMALL | GREEN WIDTH:SMALL | GREEN SPEEDS:12.0 | GREEN SPEEDS.1:NORMAL | ROUGH LENGTH:THICK | WATER HAZARDS:8.0 | ROUGH AMOUNT:NORMAL | BUNKERS:74.0 | LOCATION:FLORIDA | Redesigned:JACK NICKLAUS | DRAINAGE:GOOD | RAIN:NO,3.5833,3.5417,3.6667,45.0,10.0,5.0|3.0|2.0|3.0|2.0|4.0|4.0|3.0,69.0|70.0|72.0|70.0|70.0|72.0|69.0|72.0,3.0|2.0|3.0|2.0|1.0|3.0|2.0|4.0,10.0|13.0|13.0|13.0|15.0|10.0|12.0|11.0,5.39|8.61|9.688|8.61|7.532|7.532|8.61|6.468,10.008|9.0|7.002|10.998|9.0|9.0|14.994|12.006,37.5
"Ghim, Doug",Black Desert Resort,Bank of Utah Championship,4.2917,68.0,1.875,11.7083,67.3042,75.0,24,7,24,DESIGNER:TOM FAZIO | STYLE:PARKLAND | GREENS:BERMUDA | GREENS (2):TIFEAGLE | FAIRWAYS:BERMUDA | LENGTH:NORMAL | PAR:71.0 | SCORING:HARD | WEATHER:FAIR | TYPE:FULL | FAIRWAY WIDTH:SMALL | GREEN WIDTH:SMALL | GREEN SPEEDS:12.0 | GREEN SPEEDS.1:NORMAL | ROUGH LENGTH:THICK | WATER HAZARDS:8.0 | ROUGH AMOUNT:NORMAL | BUNKERS:74.0 | LOCATION:FLORIDA | Redesigned:JACK NICKLAUS | DRAINAGE:GOOD | RAIN:NO,3.375,3.9167,3.9,20.0,3.0,2.0|1.0|5.0|5.0|5.0|5.0|4.0|4.0,73.0|75.0|67.0|68.0|68.0|69.0|72.0|69.0,2.0|3.0|2.0|2.0|1.0|2.0|4.0|1.0,13.0|13.0|11.0|11.0|12.0|11.0|10.0|13.0,5.39|9.688|7.532|7.532|11.998|11.004|11.004|9.996,7.002|7.992|12.006|12.006|14.994|12.996|10.998|12.996,50.0
"Chatfield, Davis",Black Desert Resort,Bank of Utah Championship,4.5833,68.2917,1.8333,11.2917,79.775,73.1542,24,7,24,DESIGNER:TOM FAZIO | STYLE:PARKLAND | GREENS:BERMUDA | GREENS (2):TIFEAGLE | FAIRWAYS:BERMUDA | LENGTH:NORMAL | PAR:71.0 | SCORING:HARD | WEATHER:FAIR | TYPE:FULL | FAIRWAY WIDTH:SMALL | GREEN WIDTH:SMALL | GREEN SPEEDS:12.0 | GREEN SPEEDS.1:NORMAL | ROUGH LENGTH:THICK | WATER HAZARDS:8.0 | ROUGH AMOUNT:NORMAL | BUNKERS:74.0 | LOCATION:FLORIDA | Redesigned:JACK NICKLAUS | DRAINAGE:GOOD | RAIN:NO,3.6667,3.4091,3.0,3.0,12.0,6.0|2.0|5.0|5.0|2.0|3.0|2.0|4.0,65.0|72.0|72.0|69.0|72.0|68.0|74.0|69.0,0.0|3.0|5.0|3.0|3.0|0.0|3.0|2.0,12.0|13.0|8.0|10.0|13.0|15.0|12.0|12.0,13.006|13.006|11.998|14.0|10.766|6.468|6.468|10.766,12.996|9.0|12.006|10.998|12.006|10.008|7.992|10.008,37.5
"Hossler, Beau",Black Desert Resort,Bank of Utah Championship,4.2083,68.2083,1.6667,12.0417,68.4458,74.5417,24,6,24,DESIGNER:TOM FAZIO | STYLE:PARKLAND | GREENS:BERMUDA | GREENS (2):TIFEAGLE | FAIRWAYS:BERMUDA | LENGTH:NORMAL | PAR:71.0 | SCORING:HARD | WEATHER:FAIR | TYPE:FULL | FAIRWAY WIDTH:SMALL | GREEN WIDTH:SMALL | GREEN SPEEDS:12.0 | GREEN SPEEDS.1:NORMAL | ROUGH LENGTH:THICK | WATER HAZARDS:8.0 | ROUGH AMOUNT:NORMAL | BUNKERS:74.0 | LOCATION:FLORIDA | Redesigned:JACK NICKLAUS | DRAINAGE:GOOD | RAIN:NO,3.3333,4.2083,4.2083,29.0,9.0,3.0|3.0|4.0|5.0|1.0|3.0|4.0|3.0,69.0|72.0|70.0|68.0|76.0|72.0|71.0|71.0,0.0|3.0|2.0|1.0|6.0|4.0|3.0|3.0,15.0|12.0|12.0|12.0|11.0|11.0|11.0|12.0,11.998|11.004|9.996|14.0|3.234|8.61|8.61|6.468,14.994|9.0|12.996|14.994|3.996|9.0|9.0|10.998,12.5
"Bezuidenhout, Christiaan",Black Desert Resort,Bank of Utah Championship,4.4583,68.3333,2.0417,11.4583,65.7708,72.4583,24,6,24,DESIGNER:TOM FAZIO | STYLE:PARKLAND | GREENS:BERMUDA | GREENS (2):TIFEAGLE | FAIRWAYS:BERMUDA | LENGTH:NORMAL | PAR:71.0 | SCORING:HARD | WEATHER:FAIR | TYPE:FULL | FAIRWAY WIDTH:SMALL | GREEN WIDTH:SMALL | GREEN SPEEDS:12.0 | GREEN SPEEDS.1:NORMAL | ROUGH LENGTH:THICK | WATER HAZARDS:8.0 | ROUGH AMOUNT:NORMAL | BUNKERS:74.0 | LOCATION:FLORIDA | Redesigned:JACK NICKLAUS | DRAINAGE:GOOD | RAIN:NO,2.9583,3.7917,4.2,11.0,13.0,2.0|3.0|3.0|4.0|4.0|5.0|2.0|3.0,75.0|70.0|69.0|69.0|69.0|70.0|73.0|70.0,3.0|1.0|0.0|1.0|2.0|4.0|4.0|2.0,12.0|14.0|15.0|13.0|12.0|9.0|12.0|13.0,11.998|11.004|13.006|9.002|4.312|10.766|5.39|6.468,10.998|14.994|14.994|9.0|12.006|7.002|10.008|10.998,12.5
"Hodges, Lee",Black Desert Resort,Bank of Utah Championship,4.3333,68.625,2.0,11.375,72.025,73.1375,24,8,24,DESIGNER:TOM FAZIO | STYLE:PARKLAND | GREENS:BERMUDA | GREENS (2):TIFEAGLE | FAIRWAYS:BERMUDA | LENGTH:NORMAL | PAR:71.0 | SCORING:HARD | WEATHER:FAIR | TYPE:FULL | FAIRWAY WIDTH:SMALL | GREEN WIDTH:SMALL | GREEN SPEEDS:12.0 | GREEN SPEEDS.1:NORMAL | ROUGH LENGTH:THICK | WATER HAZARDS:8.0 | ROUGH AMOUNT:NORMAL | BUNKERS:74.0 | LOCATION:FLORIDA | Redesigned:JACK NICKLAUS | DRAINAGE:GOOD | RAIN:NO,3.625,3.625,3.35,17.0,17.0,4.0|6.0|3.0|2.0|1.0|2.0|4.0|1.0,69.0|69.0|70.0|72.0|76.0|72.0|68.0|74.0,2.0|4.0|2.0|3.0|4.0|3.0|1.0|1.0,12.0|8.0|13.0|13.0|12.0|13.0|13.0|15.0,6.468|5.39|11.844|10.766|8.61|10.766|10.766|9.688,7.002|12.006|10.998|10.008|5.994|7.002|12.996|10.008,12.5
"Yu, Kevin",Black Desert Resort,Bank of Utah Championship,4.9583,68.0417,2.1667,10.75,65.75,72.6833,24,7,24,DESIGNER:TOM FAZIO | STYLE:PARKLAND | GREENS:BERMUDA | GREENS (2):TIFEAGLE | FAIRWAYS:BERMUDA | LENGTH:NORMAL | PAR:71.0 | SCORING:HARD | WEATHER:FAIR | TYPE:FULL | FAIRWAY WIDTH:SMALL | GREEN WIDTH:SMALL | GREEN SPEEDS:12.0 | GREEN SPEEDS.1:NORMAL | ROUGH LENGTH:THICK | WATER HAZARDS:8.0 | ROUGH AMOUNT:NORMAL | BUNKERS:74.0 | LOCATION:FLORIDA | Redesigned:JACK NICKLAUS | DRAINAGE:GOOD | RAIN:NO,3.8125,4.4167,4.5,1.0,5.0,5.0|5.0|5.0|6.0|4.0|5.0|5.0|2.0,69.0|68.0|71.0|68.0|73.0|68.0|68.0|73.0,2.0|1.0|4.0|2.0|6.0|3.0|2.0|2.0,11.0|12.0|9.0|10.0|8.0|10.0|11.0|13.0,9.996|9.002|11.004|11.004|6.468|9.688|2.156|7.532,14.004|12.006|14.994|14.004|10.008|10.998|10.998|10.998,75.0
"Duncan, Tyler",Black Desert Resort,Bank of Utah Championship,4.0833,69.5833,2.1667,11.5,74.1042,72.45,24,8,24,DESIGNER:TOM FAZIO | STYLE:PARKLAND | GREENS:BERMUDA | GREENS (2):TIFEAGLE | FAIRWAYS:BERMUDA | LENGTH:NORMAL | PAR:71.0 | SCORING:HARD | WEATHER:FAIR | TYPE:FULL | FAIRWAY WIDTH:SMALL | GREEN WIDTH:SMALL | GREEN SPEEDS:12.0 | GREEN SPEEDS.1:NORMAL | ROUGH LENGTH:THICK | WATER HAZARDS:8.0 | ROUGH AMOUNT:NORMAL | BUNKERS:74.0 | LOCATION:FLORIDA | Redesigned:JACK NICKLAUS | DRAINAGE:GOOD | RAIN:NO,3.8333,3.625,3.5,43.0,57.0,2.0|4.0|4.0|4.0|3.0|1.0|1.0|2.0,75.0|73.0|71.0|69.0|72.0|74.0|72.0|73.0,3.0|5.0|3.0|1.0|2.0|3.0|1.0|3.0,12.0|9.0|11.0|13.0|12.0|14.0|16.0|13.0,13.006|14.0|11.004|11.004|9.996|9.996|9.688|10.766,12.996|12.996|12.006|14.994|12.996|9.0|14.004|10.008,0.0
"Clanton, Luke",Black Desert Resort,Bank of Utah Championship,3.75,69.4167,2.375,11.6667,66.075,68.2917,24,9,24,DESIGNER:TOM FAZIO | STYLE:PARKLAND | GREENS:BERMUDA | GREENS (2):TIFEAGLE | FAIRWAYS:BERMUDA | LENGTH:NORMAL | PAR:71.0 | SCORING:HARD | WEATHER:FAIR | TYPE:FULL | FAIRWAY WIDTH:SMALL | GREEN WIDTH:SMALL | GREEN SPEEDS:12.0 | GREEN SPEEDS.1:NORMAL | ROUGH LENGTH:THICK | WATER HAZARDS:8.0 | ROUGH AMOUNT:NORMAL | BUNKERS:74.0 | LOCATION:FLORIDA | Redesigned:JACK NICKLAUS | DRAINAGE:GOOD | RAIN:NO,4.625,3.5417,3.0,71.0,51.0,4.0|4.0|1.0|0.0|3.0|3.0|5.0|3.0,69.0|73.0|75.0|78.0|74.0|75.0|69.0|71.0,1.0|5.0|5.0|7.0|7.0|4.0|4.0|3.0,13.0|9.0|12.0|11.0|8.0|10.0|9.0|12.0,9.002|9.002|8.61|9.688|9.996|2.996|4.998|8.61,12.996|10.998|10.998|7.992|10.998|10.998|12.006|9.0,37.5
"Homa, Max",Black Desert Resort,Bank of Utah Championship,4.0,68.6667,2.0833,11.75,53.8583,67.8208,24,7,24,DESIGNER:TOM FAZIO | STYLE:PARKLAND | GREENS:BERMUDA | GREENS (2):TIFEAGLE | FAIRWAYS:BERMUDA | LENGTH:NORMAL | PAR:71.0 | SCORING:HARD | WEATHER:FAIR | TYPE:FULL | FAIRWAY WIDTH:SMALL | GREEN WIDTH:SMALL | GREEN SPEEDS:12.0 | GREEN SPEEDS.1:NORMAL | ROUGH LENGTH:THICK | WATER HAZARDS:8.0 | ROUGH AMOUNT:NORMAL | BUNKERS:74.0 | LOCATION:FLORIDA | Redesigned:JACK NICKLAUS | DRAINAGE:GOOD | RAIN:NO,4.25,3.5833,3.9583,46.0,19.0,0.0|2.0|5.0|6.0|6.0|5.0|5.0|2.0,74.0|78.0|69.0|70.0|66.0|70.0|68.0|72.0,3.0|7.0|3.0|4.0|0.0|1.0|1.0|2.0,15.0|8.0|10.0|8.0|12.0|11.0|12.0|14.0,5.39|6.468|7.994|9.996|6.006|7.994|9.002|6.006,7.992|9.0|14.004|12.006|10.008|14.994|14.004|14.004,62.5
"Kirk, Chris",Black Desert Resort,Bank of Utah Championship,4.125,69.5417,2.4583,10.9167,63.2792,70.8375,24,8,24,DESIGNER:TOM FAZIO | STYLE:PARKLAND | GREENS:BERMUDA | GREENS (2):TIFEAGLE | FAIRWAYS:BERMUDA | LENGTH:NORMAL | PAR:71.0 | SCORING:HARD | WEATHER:FAIR | TYPE:FULL | FAIRWAY WIDTH:SMALL | GREEN WIDTH:SMALL | GREEN SPEEDS:12.0 | GREEN SPEEDS.1:NORMAL | ROUGH LENGTH:THICK | WATER HAZARDS:8.0 | ROUGH AMOUNT:NORMAL | BUNKERS:74.0 | LOCATION:FLORIDA | Redesigned:JACK NICKLAUS | DRAINAGE:GOOD | RAIN:NO,3.6667,3.6667,3.5833,36.0,55.0,4.0|6.0|7.0|2.0|0.0|6.0|4.0|4.0,69.0|66.0|62.0|69.0|74.0|67.0|68.0|74.0,3.0|2.0|0.0|1.0|2.0|1.0|0.0|6.0,11.0|10.0|11.0|15.0|16.0|11.0|14.0|8.0,7.994|7.994|11.004|7.994|4.998|7.0|7.0|6.006,12.996|12.996|16.002|12.006|10.008|14.004|14.004|9.0,37.5
"Wise, Aaron",Black Desert Resort,Bank of Utah Championship,4.25,69.625,2.4167,11.0,61.9,69.45,24,10,24,DESIGNER:TOM FAZIO | STYLE:PARKLAND | GREENS:BERMUDA | GREENS (2):TIFEAGLE | FAIRWAYS:BERMUDA | LENGTH:NORMAL | PAR:71.0 | SCORING:HARD | WEATHER:FAIR | TYPE:FULL | FAIRWAY WIDTH:SMALL | GREEN WIDTH:SMALL | GREEN SPEEDS:12.0 | GREEN SPEEDS.1:NORMAL | ROUGH LENGTH:THICK | WATER HAZARDS:8.0 | ROUGH AMOUNT:NORMAL | BUNKERS:74.0 | LOCATION:FLORIDA | Redesigned:JACK NICKLAUS | DRAINAGE:GOOD | RAIN:NO,4.1667,4.0417,4.0833,25.0,62.0,3.0|9.0|7.0|3.0|4.0|5.0|2.0|6.0,71.0|66.0|66.0|71.0|66.0|70.0|72.0|69.0,2.0|3.0|1.0|2.0|0.0|3.0|2.0|4.0,13.0|6.0|10.0|13.0|14.0|9.0|13.0|7.0,11.998|11.998|13.006|13.006|9.002|4.998|9.996|7.994,10.998|12.006|12.996|12.996|12.006|12.006|9.0|7.992,50.0
"Blair, Zac",Black Desert Resort,Bank of Utah Championship,4.1667,68.4167,2.25,11.5,71.125,69.9208,24,7,24,DESIGNER:TOM FAZIO | STYLE:PARKLAND | GREENS:BERMUDA | GREENS (2):TIFEAGLE | FAIRWAYS:BERMUDA | LENGTH:NORMAL | PAR:71.0 | SCORING:HARD | WEATHER:FAIR | TYPE:FULL | FAIRWAY WIDTH:SMALL | GREEN WIDTH:SMALL | GREEN SPEEDS:12.0 | GREEN SPEEDS.1:NORMAL | ROUGH LENGTH:THICK | WATER HAZARDS:8.0 | ROUGH AMOUNT:NORMAL | BUNKERS:74.0 | LOCATION:FLORIDA | Redesigned:JACK NICKLAUS | DRAINAGE:GOOD | RAIN:NO,3.3125,3.4167,3.0455,32.0,14.0,3.0|3.0|3.0|5.0|2.0|7.0|3.0|5.0,76.0|71.0|75.0|69.0|73.0|66.0|72.0|68.0,5.0|3.0|6.0|2.0|3.0|1.0|4.0|2.0,9.0|12.0|9.0|11.0|13.0|10.0|11.0|11.0,9.688|9.688|5.39|10.766|9.688|9.688|9.002|13.006,7.992|12.006|7.992|10.998|10.998|10.008|12.996|10.998,37.5
"Phillips, Chandler",Black Desert Resort,Bank of Utah Championship,4.5833,68.0417,2.1667,11.1667,67.8583,69.9208,24,7,24,DESIGNER:TOM FAZIO | STYLE:PARKLAND | GREENS:BERMUDA | GREENS (2):TIFEAGLE | FAIRWAYS:BERMUDA | LENGTH:NORMAL | PAR:71.0 | SCORING:HARD | WEATHER:FAIR | TYPE:FULL | FAIRWAY WIDTH:SMALL | GREEN WIDTH:SMALL | GREEN SPEEDS:12.0 | GREEN SPEEDS.1:NORMAL | ROUGH LENGTH:THICK | WATER HAZARDS:8.0 | ROUGH AMOUNT:NORMAL | BUNKERS:74.0 | LOCATION:FLORIDA | Redesigned:JACK NICKLAUS | DRAINAGE:GOOD | RAIN:NO,2.375,3.8333,3.2,4.0,6.0,3.0|3.0|5.0|3.0|5.0|6.0|3.0|4.0,73.0|72.0|69.0|71.0|69.0|70.0|72.0|70.0,5.0|2.0|3.0|3.0|4.0|2.0|2.0|3.0,10.0|12.0|10.0|12.0|9.0|9.0|12.0|11.0,11.844|7.532|10.766|6.468|7.532|6.006|8.61|8.61,12.006|7.992|10.998|10.008|9.0|10.998|9.0|10.998,37.5
"Springer, Hayden",Black Desert Resort,Bank of Utah Championship,4.5417,69.5833,2.5833,10.4167,59.8208,67.8292,24,9,24,DESIGNER:TOM FAZIO | STYLE:PARKLAND | GREENS:BERMUDA | GREENS (2):TIFEAGLE | FAIRWAYS:BERMUDA | LENGTH:NORMAL | PAR:71.0 | SCORING:HARD | WEATHER:FAIR | TYPE:FULL | FAIRWAY WIDTH:SMALL | GREEN WIDTH:SMALL | GREEN SPEEDS:12.0 | GREEN SPEEDS.1:NORMAL | ROUGH LENGTH:THICK | WATER HAZARDS:8.0 | ROUGH AMOUNT:NORMAL | BUNKERS:74.0 | LOCATION:FLORIDA | Redesigned:JACK NICKLAUS | DRAINAGE:GOOD | RAIN:NO,4.3,3.625,3.3333,7.0,56.0,3.0|6.0|5.0|4.0|1.0|4.0|7.0|3.0,70.0|67.0|70.0|69.0|76.0|69.0|68.0|76.0,1.0|1.0|3.0|1.0|5.0|1.0|0.0|5.0,14.0|11.0|10.0|13.0|12.0|13.0|9.0|9.0,11.998|13.006|11.004|9.002|8.61|11.998|2.002|14.0,16.002|10.998|14.004|12.006|7.992|12.006|10.008|12.006,37.5
"Suber, Jackson",Black Desert Resort,Bank of Utah Championship,4.4167,68.6667,2.3333,10.9583,62.1958,70.8375,24,7,24,DESIGNER:TOM FAZIO | STYLE:PARKLAND | GREENS:BERMUDA | GREENS (2):TIFEAGLE | FAIRWAYS:BERMUDA | LENGTH:NORMAL | PAR:71.0 | SCORING:HARD | WEATHER:FAIR | TYPE:FULL | FAIRWAY WIDTH:SMALL | GREEN WIDTH:SMALL | GREEN SPEEDS:12.0 | GREEN SPEEDS.1:NORMAL | ROUGH LENGTH:THICK | WATER HAZARDS:8.0 | ROUGH AMOUNT:NORMAL | BUNKERS:74.0 | LOCATION:FLORIDA | Redesigned:JACK NICKLAUS | DRAINAGE:GOOD | RAIN:NO,4.0,4.0833,3.75,12.0,18.0,2.0|2.0|3.0|6.0|2.0|4.0|1.0|4.0,72.0|74.0|71.0|68.0|74.0|70.0|74.0|70.0,3.0|3.0|2.0|2.0|4.0|3.0|4.0|3.0,13.0|12.0|13.0|10.0|12.0|11.0|13.0|11.0,4.312|5.39|6.468|6.468|9.002|9.996|9.996|13.006,10.998|9.0|10.998|9.0|7.992|10.998|12.996|12.006,12.5
"Power, Seamus",Black Desert Resort,Bank of Utah Championship,4.3333,69.1667,2.0,11.2917,67.8542,68.5167,24,9,24,DESIGNER:TOM FAZIO | STYLE:PARKLAND | GREENS:BERMUDA | GREENS (2):TIFEAGLE | FAIRWAYS:BERMUDA | LENGTH:NORMAL | PAR:71.0 | SCORING:HARD | WEATHER:FAIR | TYPE:FULL | FAIRWAY WIDTH:SMALL | GREEN WIDTH:SMALL | GREEN SPEEDS:12.0 | GREEN SPEEDS.1:NORMAL | ROUGH LENGTH:THICK | WATER HAZARDS:8.0 | ROUGH AMOUNT:NORMAL | BUNKERS:74.0 | LOCATION:FLORIDA | Redesigned:JACK NICKLAUS | DRAINAGE:GOOD | RAIN:NO,4.2917,3.0417,3.45,18.0,36.0,7.0|7.0|2.0|4.0|3.0|3.0|3.0|4.0,66.0|67.0|72.0|68.0|72.0|70.0|68.0|72.0,1.0|2.0|0.0|1.0|0.0|2.0|0.0|5.0,10.0|9.0|15.0|13.0|13.0|13.0|15.0|9.0,13.006|13.006|9.996|11.004|8.61|10.766|7.532|8.61,14.994|10.008|10.998|12.006|10.008|10.998|10.008|7.992,25.0
"Jaeger, Stephan",Black Desert Resort,Bank of Utah Championship,4.375,69.2083,1.875,11.25,53.8583,70.3708,24,9,24,DESIGNER:TOM FAZIO | STYLE:PARKLAND | GREENS:BERMUDA | GREENS (2):TIFEAGLE | FAIRWAYS:BERMUDA | LENGTH:NORMAL | PAR:71.0 | SCORING:HARD | WEATHER:FAIR | TYPE:FULL | FAIRWAY WIDTH:SMALL | GREEN WIDTH:SMALL | GREEN SPEEDS:12.0 | GREEN SPEEDS.1:NORMAL | ROUGH LENGTH:THICK | WATER HAZARDS:8.0 | ROUGH AMOUNT:NORMAL | BUNKERS:74.0 | LOCATION:FLORIDA | Redesigned:JACK NICKLAUS | DRAINAGE:GOOD | RAIN:NO,3.4167,3.75,3.625,14.0,38.0,4.0|7.0|5.0|4.0|1.0|5.0|5.0|4.0,74.0|68.0|66.0|68.0|72.0|71.0|71.0|70.0,3.0|3.0|0.0|1.0|2.0|5.0|2.0|3.0,10.0|8.0|13.0|13.0|15.0|8.0|10.0|11.0,9.002|11.004|7.532|4.312|7.532|6.468|7.532|7.532,10.998|14.004|12.006|14.994|7.992|7.002|7.992|10.008,50.0
"Cole, Eric",Black Desert Resort,Bank of Utah Championship,3.625,69.75,2.6667,11.375,56.5,63.2,24,7,24,DESIGNER:TOM FAZIO | STYLE:PARKLAND | GREENS:BERMUDA | GREENS (2):TIFEAGLE | FAIRWAYS:BERMUDA | LENGTH:NORMAL | PAR:71.0 | SCORING:HARD | WEATHER:FAIR | TYPE:FULL | FAIRWAY WIDTH:SMALL | GREEN WIDTH:SMALL | GREEN SPEEDS:12.0 | GREEN SPEEDS.1:NORMAL | ROUGH LENGTH:THICK | WATER HAZARDS:8.0 | ROUGH AMOUNT:NORMAL | BUNKERS:74.0 | LOCATION:FLORIDA | Redesigned:JACK NICKLAUS | DRAINAGE:GOOD | RAIN:NO,3.5833,4.4583,4.15,85.0,66.0,3.0|3.0|4.0|5.0|7.0|7.0|3.0|2.0,72.0|72.0|70.0|68.0|66.0|68.0|70.0|74.0,4.0|4.0|2.0|1.0|1.0|3.0|2.0|3.0,11.0|11.0|12.0|12.0|10.0|8.0|13.0|12.0,5.39|7.532|6.468|6.468|9.002|11.004|7.0|7.994,9.0|10.998|10.008|9.0|10.998|12.006|14.994|10.008,50.0
"Putnam, Andrew",Black Desert Resort,Bank of Utah Championship,3.25,70.2917,2.25,11.9583,65.8833,67.1292,24,8,24,DESIGNER:TOM FAZIO | STYLE:PARKLAND | GREENS:BERMUDA | GREENS (2):TIFEAGLE | FAIRWAYS:BERMUDA | LENGTH:NORMAL | PAR:71.0 | SCORING:HARD | WEATHER:FAIR | TYPE:FULL | FAIRWAY WIDTH:SMALL | GREEN WIDTH:SMALL | GREEN SPEEDS:12.0 | GREEN SPEEDS.1:NORMAL | ROUGH LENGTH:THICK | WATER HAZARDS:8.0 | ROUGH AMOUNT:NORMAL | BUNKERS:74.0 | LOCATION:FLORIDA | Redesigned:JACK NICKLAUS | DRAINAGE:GOOD | RAIN:NO,3.0833,3.2917,3.7083,107.0,85.0,2.0|1.0|2.0|7.0|2.0|1.0|4.0|2.0,70.0|72.0|73.0|67.0|72.0|72.0|69.0|72.0,1.0|2.0|2.0|3.0|0.0|1.0|1.0|2.0,15.0|15.0|13.0|8.0|15.0|16.0|13.0|14.0,11.844|11.844|9.688|7.532|4.998|2.996|11.004|6.006,12.996|10.008|9.0|7.992|12.006|12.006|10.998|14.004,25.0
"Ventura, Kristoffer",Black Desert Resort,Bank of Utah Championship,4.375,68.25,2.125,11.375,71.425,78.125,16,4,24,DESIGNER:TOM FAZIO | STYLE:PARKLAND | GREENS:BERMUDA | GREENS (2):TIFEAGLE | FAIRWAYS:BERMUDA | LENGTH:NORMAL | PAR:71.0 | SCORING:HARD | WEATHER:FAIR | TYPE:FULL | FAIRWAY WIDTH:SMALL | GREEN WIDTH:SMALL | GREEN SPEEDS:12.0 | GREEN SPEEDS.1:NORMAL | ROUGH LENGTH:THICK | WATER HAZARDS:8.0 | ROUGH AMOUNT:NORMAL | BUNKERS:74.0 | LOCATION:FLORIDA | Redesigned:JACK NICKLAUS | DRAINAGE:GOOD | RAIN:NO,4.5,4.375,3.75,15.0,11.0,5.0|5.0|5.0|3.0|4.0|4.0|2.0|7.0,67.0|68.0|67.0|72.0|71.0|72.0|70.0|66.0,1.0|2.0|1.0|3.0|0.0|2.0|0.0|2.0,12.0|11.0|12.0|12.0|13.0|11.0|16.0|9.0,11.998|13.006|9.996|9.996|9.002|6.006|7.994|7.0,16.002|12.996|10.998|14.004|10.998|12.996|16.002|16.002,50.0
"McNealy, Maverick",Black Desert Resort,Bank of Utah Championship,3.875,68.875,2.2083,11.625,58.625,67.1333,24,7,24,DESIGNER:TOM FAZIO | STYLE:PARKLAND | GREENS:BERMUDA | GREENS (2):TIFEAGLE | FAIRWAYS:BERMUDA | LENGTH:NORMAL | PAR:71.0 | SCORING:HARD | WEATHER:FAIR | TYPE:FULL | FAIRWAY WIDTH:SMALL | GREEN WIDTH:SMALL | GREEN SPEEDS:12.0 | GREEN SPEEDS.1:NORMAL | ROUGH LENGTH:THICK | WATER HAZARDS:8.0 | ROUGH AMOUNT:NORMAL | BUNKERS:74.0 | LOCATION:FLORIDA | Redesigned:JACK NICKLAUS | DRAINAGE:GOOD | RAIN:NO,3.75,4.0417,4.0833,60.0,24.0,3.0|2.0|4.0|5.0|4.0|2.0|5.0|6.0,70.0|74.0|74.0|67.0|69.0|75.0|68.0|70.0,2.0|5.0|7.0|1.0|1.0|3.0|0.0|4.0,13.0|11.0|7.0|12.0|13.0|12.0|12.0|8.0,8.61|10.766|6.468|6.468|7.994|6.006|6.006|7.994,10.008|7.002|9.0|12.006|14.004|10.998|10.998|14.004,62.5
"Smith, Jordan",Black Desert Resort,Bank of Utah Championship,3.7917,68.6667,2.0833,11.9167,71.0833,72.6833,24,6,24,DESIGNER:TOM FAZIO | STYLE:PARKLAND | GREENS:BERMUDA | GREENS (2):TIFEAGLE | FAIRWAYS:BERMUDA | LENGTH:NORMAL | PAR:71.0 | SCORING:HARD | WEATHER:FAIR | TYPE:FULL | FAIRWAY WIDTH:SMALL | GREEN WIDTH:SMALL | GREEN SPEEDS:12.0 | GREEN SPEEDS.1:NORMAL | ROUGH LENGTH:THICK | WATER HAZARDS:8.0 | ROUGH AMOUNT:NORMAL | BUNKERS:74.0 | LOCATION:FLORIDA | Redesigned:JACK NICKLAUS | DRAINAGE:GOOD | RAIN:NO,4.75,3.8333,3.5417,64.0,21.0,7.0|2.0|5.0|4.0|3.0|7.0|4.0|3.0,66.0|72.0|68.0|69.0|70.0|64.0|68.0|71.0,2.0|3.0|2.0|2.0|2.0|0.0|1.0|3.0,9.0|13.0|11.0|12.0|13.0|11.0|13.0|12.0,10.766|6.468|9.688|5.39,14.994|10.008|14.994|12.996,62.5
"Lower, Justin",Black Desert Resort,Bank of Utah Championship,3.625,69.75,2.625,11.625,70.2333,67.3708,24,8,24,DESIGNER:TOM FAZIO | STYLE:PARKLAND | GREENS:BERMUDA | GREENS (2):TIFEAGLE | FAIRWAYS:BERMUDA | LENGTH:NORMAL | PAR:71.0 | SCORING:HARD | WEATHER:FAIR | TYPE:FULL | FAIRWAY WIDTH:SMALL | GREEN WIDTH:SMALL | GREEN SPEEDS:12.0 | GREEN SPEEDS.1:NORMAL | ROUGH LENGTH:THICK | WATER HAZARDS:8.0 | ROUGH AMOUNT:NORMAL | BUNKERS:74.0 | LOCATION:FLORIDA | Redesigned:JACK NICKLAUS | DRAINAGE:GOOD | RAIN:NO,3.4583,3.2917,3.55,82.0,65.0,5.0|4.0|3.0|4.0|3.0|4.0|1.0|2.0,69.0|69.0|72.0|69.0|73.0|70.0|71.0|71.0,3.0|1.0|3.0|1.0|5.0|3.0|1.0|2.0,10.0|13.0|12.0|13.0|10.0|11.0|16.0|14.0,11.998|11.998|9.996|14.0|7.532|8.61|9.688|9.688,14.004|14.004|12.996|12.996|10.008|10.998|9.0|10.008,50.0
"Neergaard-Petersen, Rasmus",Black Desert Resort,Bank of Utah Championship,3.9167,68.9167,2.7083,11.25,66.7583,71.0667,24,7,24,DESIGNER:TOM FAZIO | STYLE:PARKLAND | GREENS:BERMUDA | GREENS (2):TIFEAGLE | FAIRWAYS:BERMUDA | LENGTH:NORMAL | PAR:71.0 | SCORING:HARD | WEATHER:FAIR | TYPE:FULL | FAIRWAY WIDTH:SMALL | GREEN WIDTH:SMALL | GREEN SPEEDS:12.0 | GREEN SPEEDS.1:NORMAL | ROUGH LENGTH:THICK | WATER HAZARDS:8.0 | ROUGH AMOUNT:NORMAL | BUNKERS:74.0 | LOCATION:FLORIDA | Redesigned:JACK NICKLAUS | DRAINAGE:GOOD | RAIN:NO,4.5,3.5417,3.35,57.0,27.0,2.0|3.0|1.0|8.0|3.0|5.0|3.0|2.0,74.0|70.0|73.0|68.0|68.0|70.0|73.0|71.0,5.0|2.0|3.0|5.0|0.0|1.0|5.0|2.0,11.0|13.0|14.0|5.0|15.0|11.0|10.0|14.0,8.61|7.532|8.61|9.688|9.688|8.61|8.61|9.688,10.008|12.006|9.0|10.998|12.996|10.008|12.996|14.004,25.0
"Kanaya, Takumi",Black Desert Resort,Bank of Utah Championship,3.2917,69.4167,2.1667,12.4583,70.25,67.8375,24,9,24,DESIGNER:TOM FAZIO | STYLE:PARKLAND | GREENS:BERMUDA | GREENS (2):TIFEAGLE | FAIRWAYS:BERMUDA | LENGTH:NORMAL | PAR:71.0 | SCORING:HARD | WEATHER:FAIR | TYPE:FULL | FAIRWAY WIDTH:SMALL | GREEN WIDTH:SMALL | GREEN SPEEDS:12.0 | GREEN SPEEDS.1:NORMAL | ROUGH LENGTH:THICK | WATER HAZARDS:8.0 | ROUGH AMOUNT:NORMAL | BUNKERS:74.0 | LOCATION:FLORIDA | Redesigned:JACK NICKLAUS | DRAINAGE:GOOD | RAIN:NO,3.6,3.2083,2.95,106.0,49.0,4.0|1.0|0.0|2.0|5.0|3.0|3.0|5.0,69.0|73.0|72.0|71.0|68.0|73.0|72.0|68.0,2.0|2.0|1.0|2.0|2.0|5.0|4.0|2.0,12.0|15.0|17.0|14.0|11.0|10.0|11.0|11.0,13.006|13.006|8.61|8.61|8.61|8.61|11.004|13.006,12.006|14.004|10.008|7.992|10.998|5.994|10.998|14.994,37.5
"Parry, John",Black Desert Resort,Bank of Utah Championship,3.2917,69.9583,2.7083,11.7917,66.3917,70.1375,24,8,24,DESIGNER:TOM FAZIO | STYLE:PARKLAND | GREENS:BERMUDA | GREENS (2):TIFEAGLE | FAIRWAYS:BERMUDA | LENGTH:NORMAL | PAR:71.0 | SCORING:HARD | WEATHER:FAIR | TYPE:FULL | FAIRWAY WIDTH:SMALL | GREEN WIDTH:SMALL | GREEN SPEEDS:12.0 | GREEN SPEEDS.1:NORMAL | ROUGH LENGTH:THICK | WATER HAZARDS:8.0 | ROUGH AMOUNT:NORMAL | BUNKERS:74.0 | LOCATION:FLORIDA | Redesigned:JACK NICKLAUS | DRAINAGE:GOOD | RAIN:NO,2.8333,3.0417,3.85,104.0,74.0,1.0|4.0|4.0|3.0|4.0|5.0|2.0|6.0,73.0|69.0|71.0|72.0|71.0|68.0|70.0|68.0,3.0|2.0|4.0|4.0|4.0|2.0|1.0|1.0,14.0|12.0|10.0|11.0|10.0|11.0|15.0|10.0,8.61|8.61|8.61|7.532,7.002|10.998|10.998|7.002,62.5
"Pendrith, Taylor",Black Desert Resort,Bank of Utah Championship,4.2083,69.0833,2.5417,10.9167,59.5125,71.5292,24,8,24,DESIGNER:TOM FAZIO | STYLE:PARKLAND | GREENS:BERMUDA | GREENS (2):TIFEAGLE | FAIRWAYS:BERMUDA | LENGTH:NORMAL | PAR:71.0 | SCORING:HARD | WEATHER:FAIR | TYPE:FULL | FAIRWAY WIDTH:SMALL | GREEN WIDTH:SMALL | GREEN SPEEDS:12.0 | GREEN SPEEDS.1:NORMAL | ROUGH LENGTH:THICK | WATER HAZARDS:8.0 | ROUGH AMOUNT:NORMAL | BUNKERS:74.0 | LOCATION:FLORIDA | Redesigned:JACK NICKLAUS | DRAINAGE:GOOD | RAIN:NO,3.125,4.5,3.4583,27.0,32.0,3.0|2.0|2.0|1.0|4.0|2.0|2.0|2.0,72.0|73.0|73.0|76.0|70.0|74.0|72.0|76.0,3.0|3.0|4.0|6.0|2.0|4.0|2.0|3.0,12.0|13.0|12.0|11.0|12.0|12.0|14.0|12.0,7.994|9.002|8.61|8.61|11.004|7.0|7.994|7.0,14.004|12.996|12.996|10.998|14.004|10.008|12.006|10.008,0.0
"Dahmen, Joel",Black Desert Resort,Bank of Utah Championship,4.4583,68.6667,2.2917,11.125,77.0792,74.3042,24,7,24,DESIGNER:TOM FAZIO | STYLE:PARKLAND | GREENS:BERMUDA | GREENS (2):TIFEAGLE | FAIRWAYS:BERMUDA | LENGTH:NORMAL | PAR:71.0 | SCORING:HARD | WEATHER:FAIR | TYPE:FULL | FAIRWAY WIDTH:SMALL | GREEN WIDTH:SMALL | GREEN SPEEDS:12.0 | GREEN SPEEDS.1:NORMAL | ROUGH LENGTH:THICK | WATER HAZARDS:8.0 | ROUGH AMOUNT:NORMAL | BUNKERS:74.0 | LOCATION:FLORIDA | Redesigned:JACK NICKLAUS | DRAINAGE:GOOD | RAIN:NO,3.3333,3.5833,3.0833,10.0,20.0,3.0|4.0|6.0|3.0|2.0|3.0|2.0|2.0,70.0|69.0|66.0|71.0|73.0|71.0|70.0|72.0,1.0|1.0|0.0|2.0|2.0|3.0|1.0|3.0,14.0|13.0|12.0|13.0|13.0|12.0|15.0|13.0,11.998|13.006|14.0|11.004|8.61|7.532|3.234|10.766,12.996|12.006|14.994|16.002|10.008|10.008|14.004|10.008,12.5
"Keefer, Johnny",Black Desert Resort,Bank of Utah Championship,3.4167,69.8333,2.3333,11.7917,60.2208,72.925,24,8,24,DESIGNER:TOM FAZIO | STYLE:PARKLAND | GREENS:BERMUDA | GREENS (2):TIFEAGLE | FAIRWAYS:BERMUDA | LENGTH:NORMAL | PAR:71.0 | SCORING:HARD | WEATHER:FAIR | TYPE:FULL | FAIRWAY WIDTH:SMALL | GREEN WIDTH:SMALL | GREEN SPEEDS:12.0 | GREEN SPEEDS.1:NORMAL | ROUGH LENGTH:THICK | WATER HAZARDS:8.0 | ROUGH AMOUNT:NORMAL | BUNKERS:74.0 | LOCATION:FLORIDA | Redesigned:JACK NICKLAUS | DRAINAGE:GOOD | RAIN:NO,2.0,3.2917,3.9583,100.0,72.0,1.0|2.0|5.0|4.0|5.0|1.0,77.0|79.0|70.0|71.0|70.0|73.0,3.0|4.0|3.0|4.0|2.0|2.0,12.0|9.0|10.0|10.0|10.0|15.0,9.688|5.39,10.998|7.992,50.0
"Eckroat, Austin",Black Desert Resort,Bank of Utah Championship,3.9583,69.5833,2.1667,11.4583,58.8417,68.9833,24,7,24,DESIGNER:TOM FAZIO | STYLE:PARKLAND | GREENS:BERMUDA | GREENS (2):TIFEAGLE | FAIRWAYS:BERMUDA | LENGTH:NORMAL | PAR:71.0 | SCORING:HARD | WEATHER:FAIR | TYPE:FULL | FAIRWAY WIDTH:SMALL | GREEN WIDTH:SMALL | GREEN SPEEDS:12.0 | GREEN SPEEDS.1:NORMAL | ROUGH LENGTH:THICK | WATER HAZARDS:8.0 | ROUGH AMOUNT:NORMAL | BUNKERS:74.0 | LOCATION:FLORIDA | Redesigned:JACK NICKLAUS | DRAINAGE:GOOD | RAIN:NO,3.375,4.2083,4.3,51.0,58.0,2.0|6.0|6.0|1.0|3.0|1.0|6.0|8.0,76.0|66.0|68.0|78.0|71.0|71.0|68.0|66.0,4.0|0.0|3.0|2.0|2.0|0.0|3.0|3.0,11.0|12.0|9.0|12.0|13.0|17.0|9.0|7.0,11.004|13.006|6.468|6.468|11.004|11.998|11.004|11.998,10.998|14.004|14.994|7.992|12.006|14.994|10.998|7.992,50.0
"Svensson, Adam",Black Desert Resort,Bank of Utah Championship,3.625,70.4583,2.75,11.1667,64.875,65.5167,24,9,24,DESIGNER:TOM FAZIO | STYLE:PARKLAND | GREENS:BERMUDA | GREENS (2):TIFEAGLE | FAIRWAYS:BERMUDA | LENGTH:NORMAL | PAR:71.0 | SCORING:HARD | WEATHER:FAIR | TYPE:FULL | FAIRWAY WIDTH:SMALL | GREEN WIDTH:SMALL | GREEN SPEEDS:12.0 | GREEN SPEEDS.1:NORMAL | ROUGH LENGTH:THICK | WATER HAZARDS:8.0 | ROUGH AMOUNT:NORMAL | BUNKERS:74.0 | LOCATION:FLORIDA | Redesigned:JACK NICKLAUS | DRAINAGE:GOOD | RAIN:NO,3.9167,3.4583,3.25,84.0,91.0,2.0|4.0|1.0|2.0|2.0|4.0|6.0|3.0,74.0|75.0|73.0|75.0|74.0|69.0|66.0|70.0,4.0|5.0|3.0|6.0|3.0|1.0|2.0|3.0,12.0|8.0|14.0|10.0|12.0|12.0|10.0|12.0,7.994|9.996|8.61|8.61|9.002|7.994|9.002|7.994,9.0|10.998|10.008|10.008|12.996|12.996|12.996|10.998,37.5
"Ramey, Chad",Black Desert Resort,Bank of Utah Championship,3.75,70.0833,2.0833,11.5833,65.1708,68.05,24,9,24,DESIGNER:TOM FAZIO | STYLE:PARKLAND | GREENS:BERMUDA | GREENS (2):TIFEAGLE | FAIRWAYS:BERMUDA | LENGTH:NORMAL | PAR:71.0 | SCORING:HARD | WEATHER:FAIR | TYPE:FULL | FAIRWAY WIDTH:SMALL | GREEN WIDTH:SMALL | GREEN SPEEDS:12.0 | GREEN SPEEDS.1:NORMAL | ROUGH LENGTH:THICK | WATER HAZARDS:8.0 | ROUGH AMOUNT:NORMAL | BUNKERS:74.0 | LOCATION:FLORIDA | Redesigned:JACK NICKLAUS | DRAINAGE:GOOD | RAIN:NO,3.9167,3.7917,3.55,70.0,80.0,4.0|5.0|2.0|3.0|4.0|1.0|4.0|4.0,71.0|69.0|71.0|70.0|73.0|72.0|70.0|71.0,1.0|2.0|1.0|1.0|4.0|2.0|3.0|2.0,12.0|11.0|15.0|14.0|9.0|15.0|11.0|11.0,9.996|11.998|9.996|11.998|3.234|7.532|6.468|10.766,10.998|12.996|14.994|10.998|7.992|9.0|12.006|9.0,62.5
"Shipley, Neal",Black Desert Resort,Bank of Utah Championship,3.4167,69.8333,2.5,11.7917,70.5458,70.5917,24,7,24,DESIGNER:TOM FAZIO | STYLE:PARKLAND | GREENS:BERMUDA | GREENS (2):TIFEAGLE | FAIRWAYS:BERMUDA | LENGTH:NORMAL | PAR:71.0 | SCORING:HARD | WEATHER:FAIR | TYPE:FULL | FAIRWAY WIDTH:SMALL | GREEN WIDTH:SMALL | GREEN SPEEDS:12.0 | GREEN SPEEDS.1:NORMAL | ROUGH LENGTH:THICK | WATER HAZARDS:8.0 | ROUGH AMOUNT:NORMAL | BUNKERS:74.0 | LOCATION:FLORIDA | Redesigned:JACK NICKLAUS | DRAINAGE:GOOD | RAIN:NO,3.5,3.0,3.5417,99.0,70.0,2.0|4.0|5.0|5.0|8.0|4.0|3.0|5.0,72.0|72.0|70.0|68.0|66.0|73.0|72.0|69.0,3.0|3.0|3.0|1.0|2.0|3.0|3.0|2.0,13.0|10.0|10.0|12.0|8.0|10.0|11.0|11.0,9.688|8.61|9.996|7.0|7.532|11.998|7.0|10.766,10.008|10.998|10.998|12.006|10.998|10.008|14.994|12.006,75.0
"Garnett, Brice",Black Desert Resort,Bank of Utah Championship,3.7083,69.4583,2.2917,11.7917,71.725,69.2125,24,10,24,DESIGNER:TOM FAZIO | STYLE:PARKLAND | GREENS:BERMUDA | GREENS (2):TIFEAGLE | FAIRWAYS:BERMUDA | LENGTH:NORMAL | PAR:71.0 | SCORING:HARD | WEATHER:FAIR | TYPE:FULL | FAIRWAY WIDTH:SMALL | GREEN WIDTH:SMALL | GREEN SPEEDS:12.0 | GREEN SPEEDS.1:NORMAL | ROUGH LENGTH:THICK | WATER HAZARDS:8.0 | ROUGH AMOUNT:NORMAL | BUNKERS:74.0 | LOCATION:FLORIDA | Redesigned:JACK NICKLAUS | DRAINAGE:GOOD | RAIN:NO,3.1667,3.25,2.9,76.0,52.0,2.0|4.0|1.0|2.0|1.0|4.0|7.0|2.0,73.0|73.0|73.0|75.0|75.0|69.0|66.0|73.0,1.0|3.0|3.0|6.0|4.0|1.0|1.0|3.0,14.0|10.0|14.0|10.0|13.0|13.0|10.0|13.0,11.998|11.004|6.468|7.532|11.004|9.996|11.998|11.004,10.998|14.004|7.992|5.004|16.002|12.996|10.998|16.002,37.5
"Hall, Harry",Black Desert Resort,Bank of Utah Championship,3.7917,69.4167,2.8333,11.125,54.125,63.8958,24,8,24,DESIGNER:TOM FAZIO | STYLE:PARKLAND | GREENS:BERMUDA | GREENS (2):TIFEAGLE | FAIRWAYS:BERMUDA | LENGTH:NORMAL | PAR:71.0 | SCORING:HARD | WEATHER:FAIR | TYPE:FULL | FAIRWAY WIDTH:SMALL | GREEN WIDTH:SMALL | GREEN SPEEDS:12.0 | GREEN SPEEDS.1:NORMAL | ROUGH LENGTH:THICK | WATER HAZARDS:8.0 | ROUGH AMOUNT:NORMAL | BUNKERS:74.0 | LOCATION:FLORIDA | Redesigned:JACK NICKLAUS | DRAINAGE:GOOD | RAIN:NO,3.875,4.0417,4.5,67.0,48.0,2.0|2.0|4.0|7.0|6.0|4.0|4.0|2.0,72.0|73.0|71.0|66.0|68.0|69.0|68.0|71.0,2.0|1.0|3.0|1.0|3.0|1.0|0.0|1.0,14.0|14.0|11.0|10.0|9.0|13.0|14.0|15.0,7.994|9.996|11.004|9.996|8.61|10.766|9.996|9.002,14.004|14.004|12.996|9.0|10.008|7.002|9.0|12.006,62.5
"Lebioda, Hank",Black Desert Resort,Bank of Utah Championship,3.5417,70.0,2.4583,11.75,61.3125,72.2167,24,9,24,DESIGNER:TOM FAZIO | STYLE:PARKLAND | GREENS:BERMUDA | GREENS (2):TIFEAGLE | FAIRWAYS:BERMUDA | LENGTH:NORMAL | PAR:71.0 | SCORING:HARD | WEATHER:FAIR | TYPE:FULL | FAIRWAY WIDTH:SMALL | GREEN WIDTH:SMALL | GREEN SPEEDS:12.0 | GREEN SPEEDS.1:NORMAL | ROUGH LENGTH:THICK | WATER HAZARDS:8.0 | ROUGH AMOUNT:NORMAL | BUNKERS:74.0 | LOCATION:FLORIDA | Redesigned:JACK NICKLAUS | DRAINAGE:GOOD | RAIN:NO,3.375,3.375,3.55,89.0,75.0,4.0|3.0|6.0|2.0|4.0|3.0|5.0|4.0,71.0|71.0|68.0|73.0|67.0|73.0|68.0|71.0,3.0|2.0|2.0|1.0|1.0|5.0|2.0|4.0,11.0|13.0|10.0|14.0|13.0|10.0|11.0|10.0,7.994|14.0|11.998|11.998|7.532|7.532|8.61|8.61,12.996|12.006|14.994|12.006|12.996|12.006|14.004|10.998,62.5
"Whaley, Vince",Black Desert Resort,Bank of Utah Championship,3.75,70.5833,3.125,10.8333,52.675,61.3458,24,10,24,DESIGNER:TOM FAZIO | STYLE:PARKLAND | GREENS:BERMUDA | GREENS (2):TIFEAGLE | FAIRWAYS:BERMUDA | LENGTH:NORMAL | PAR:71.0 | SCORING:HARD | WEATHER:FAIR | TYPE:FULL | FAIRWAY WIDTH:SMALL | GREEN WIDTH:SMALL | GREEN SPEEDS:12.0 | GREEN SPEEDS.1:NORMAL | ROUGH LENGTH:THICK | WATER HAZARDS:8.0 | ROUGH AMOUNT:NORMAL | BUNKERS:74.0 | LOCATION:FLORIDA | Redesigned:JACK NICKLAUS | DRAINAGE:GOOD | RAIN:NO,3.75,3.4167,3.3333,69.0,94.0,2.0|2.0|5.0|3.0|3.0|4.0|2.0|5.0,72.0|73.0|69.0|75.0|74.0|69.0|72.0|69.0,2.0|3.0|1.0|4.0|6.0|2.0|2.0|2.0,14.0|13.0|11.0|10.0|9.0|12.0|14.0|11.0,11.004|9.996|8.61|9.688|5.39|5.39|4.004|4.998,12.006|9.0|9.0|9.0|9.0|14.004|10.008|10.998,37.5
"Lipsky, David",Black Desert Resort,Bank of Utah Championship,3.4583,70.0833,2.625,11.5833,65.4792,67.1333,24,9,24,DESIGNER:TOM FAZIO | STYLE:PARKLAND | GREENS:BERMUDA | GREENS (2):TIFEAGLE | FAIRWAYS:BERMUDA | LENGTH:NORMAL | PAR:71.0 | SCORING:HARD | WEATHER:FAIR | TYPE:FULL | FAIRWAY WIDTH:SMALL | GREEN WIDTH:SMALL | GREEN SPEEDS:12.0 | GREEN SPEEDS.1:NORMAL | ROUGH LENGTH:THICK | WATER HAZARDS:8.0 | ROUGH AMOUNT:NORMAL | BUNKERS:74.0 | LOCATION:FLORIDA | Redesigned:JACK NICKLAUS | DRAINAGE:GOOD | RAIN:NO,3.875,3.5833,3.55,94.0,81.0,2.0|5.0|6.0|4.0|5.0|3.0|3.0|4.0,70.0|70.0|65.0|69.0|68.0|75.0|69.0|69.0,1.0|4.0|0.0|2.0|1.0|4.0|0.0|1.0,15.0|9.0|12.0|12.0|12.0|10.0|15.0|13.0,6.468|5.39|8.61|7.532|9.688|10.766|9.688|6.468,10.008|12.006|12.996|7.992|10.998|12.006|10.998|7.992,62.5
"Silverman, Ben",Black Desert Resort,Bank of Utah Championship,3.625,69.2083,1.8333,12.2917,69.3417,73.3833,24,9,24,DESIGNER:TOM FAZIO | STYLE:PARKLAND | GREENS:BERMUDA | GREENS (2):TIFEAGLE | FAIRWAYS:BERMUDA | LENGTH:NORMAL | PAR:71.0 | SCORING:HARD | WEATHER:FAIR | TYPE:FULL | FAIRWAY WIDTH:SMALL | GREEN WIDTH:SMALL | GREEN SPEEDS:12.0 | GREEN SPEEDS.1:NORMAL | ROUGH LENGTH:THICK | WATER HAZARDS:8.0 | ROUGH AMOUNT:NORMAL | BUNKERS:74.0 | LOCATION:FLORIDA | Redesigned:JACK NICKLAUS | DRAINAGE:GOOD | RAIN:NO,3.125,3.4167,3.0833,81.0,40.0,3.0|3.0|1.0|3.0|4.0|3.0|3.0|6.0,72.0|70.0|72.0|70.0|70.0|74.0|74.0|68.0,3.0|1.0|3.0|3.0|1.0|5.0|3.0|2.0,12.0|14.0|14.0|12.0|12.0|9.0|11.0|10.0,11.004|11.004|9.002|7.0|7.0|11.998|7.994|5.39,14.004|14.004|12.006|10.008|10.998|10.998|12.006|10.008,25.0
"Hubbard, Mark",Black Desert Resort,Bank of Utah Championship,3.5,70.375,3.0417,11.25,62.8125,66.2083,24,8,24,DESIGNER:TOM FAZIO | STYLE:PARKLAND | GREENS:BERMUDA | GREENS (2):TIFEAGLE | FAIRWAYS:BERMUDA | LENGTH:NORMAL | PAR:71.0 | SCORING:HARD | WEATHER:FAIR | TYPE:FULL | FAIRWAY WIDTH:SMALL | GREEN WIDTH:SMALL | GREEN SPEEDS:12.0 | GREEN SPEEDS.1:NORMAL | ROUGH LENGTH:THICK | WATER HAZARDS:8.0 | ROUGH AMOUNT:NORMAL | BUNKERS:74.0 | LOCATION:FLORIDA | Redesigned:JACK NICKLAUS | DRAINAGE:GOOD | RAIN:NO,3.2917,3.125,3.9167,93.0,88.0,1.0|4.0|3.0|2.0|4.0|6.0|6.0|4.0,75.0|73.0|70.0|70.0|72.0|66.0|69.0|71.0,5.0|2.0|1.0|0.0|4.0|0.0|1.0|3.0,12.0|10.0|14.0|16.0|10.0|12.0|10.0|11.0,7.532|6.468|9.002|13.006|11.998|11.004|6.468|10.766,9.0|9.0|12.006|12.996|16.002|10.998|10.008|10.998,62.5
"Svensson, Jesper",Black Desert Resort,Bank of Utah Championship,4.25,69.2083,2.625,10.7917,56.25,67.3708,24,7,24,DESIGNER:TOM FAZIO | STYLE:PARKLAND | GREENS:BERMUDA | GREENS (2):TIFEAGLE | FAIRWAYS:BERMUDA | LENGTH:NORMAL | PAR:71.0 | SCORING:HARD | WEATHER:FAIR | TYPE:FULL | FAIRWAY WIDTH:SMALL | GREEN WIDTH:SMALL | GREEN SPEEDS:12.0 | GREEN SPEEDS.1:NORMAL | ROUGH LENGTH:THICK | WATER HAZARDS:8.0 | ROUGH AMOUNT:NORMAL | BUNKERS:74.0 | LOCATION:FLORIDA | Redesigned:JACK NICKLAUS | DRAINAGE:GOOD | RAIN:NO,5.0,3.7917,3.4583,26.0,39.0,3.0|5.0|3.0|2.0|5.0|3.0|8.0|4.0,76.0|69.0|79.0|72.0|71.0|71.0|62.0|72.0,4.0|3.0|4.0|3.0|3.0|2.0|0.0|2.0,9.0|10.0|8.0|13.0|9.0|12.0|10.0|11.0,10.766|7.532|7.994|7.532|11.004|6.006|10.766|11.998,7.992|7.992|10.008|10.998|14.994|14.004|7.992|12.006,37.5
"Wu, Dylan",Black Desert Resort,Bank of Utah Championship,3.75,70.5833,3.0833,10.75,64.2708,66.9083,24,8,24,DESIGNER:TOM FAZIO | STYLE:PARKLAND | GREENS:BERMUDA | GREENS (2):TIFEAGLE | FAIRWAYS:BERMUDA | LENGTH:NORMAL | PAR:71.0 | SCORING:HARD | WEATHER:FAIR | TYPE:FULL | FAIRWAY WIDTH:SMALL | GREEN WIDTH:SMALL | GREEN SPEEDS:12.0 | GREEN SPEEDS.1:NORMAL | ROUGH LENGTH:THICK | WATER HAZARDS:8.0 | ROUGH AMOUNT:NORMAL | BUNKERS:74.0 | LOCATION:FLORIDA | Redesigned:JACK NICKLAUS | DRAINAGE:GOOD | RAIN:NO,3.75,3.7083,3.875,74.0,95.0,4.0|2.0|5.0|4.0|4.0|3.0|4.0|4.0,69.0|73.0|70.0|68.0|71.0|72.0|71.0|70.0,1.0|3.0|4.0|1.0|4.0|2.0|1.0|2.0,13.0|13.0|9.0|13.0|10.0|12.0|12.0|12.0,11.998|9.996|7.532|8.61|11.844|8.61|9.002|9.002,14.004|12.996|10.008|14.004|10.998|10.998|16.002|9.0,75.0
"Shelley, Tyson",Black Desert Resort,Bank of Utah Championship,,,,,,,0,0,24,DESIGNER:TOM FAZIO | STYLE:PARKLAND | GREENS:BERMUDA | GREENS (2):TIFEAGLE | FAIRWAYS:BERMUDA | LENGTH:NORMAL | PAR:71.0 | SCORING:HARD | WEATHER:FAIR | TYPE:FULL | FAIRWAY WIDTH:SMALL | GREEN WIDTH:SMALL | GREEN SPEEDS:12.0 | GREEN SPEEDS.1:NORMAL | ROUGH LENGTH:THICK | WATER HAZARDS:8.0 | ROUGH AMOUNT:NORMAL | BUNKERS:74.0 | LOCATION:FLORIDA | Redesigned:JACK NICKLAUS | DRAINAGE:GOOD | RAIN:NO,,,,,,,,,,,,
"Higgo, Garrick",Black Desert Resort,Bank of Utah Championship,3.5,70.0,2.0833,12.0833,64.2833,63.6625,24,9,24,DESIGNER:TOM FAZIO | STYLE:PARKLAND | GREENS:BERMUDA | GREENS (2):TIFEAGLE | FAIRWAYS:BERMUDA | LENGTH:NORMAL | PAR:71.0 | SCORING:HARD | WEATHER:FAIR | TYPE:FULL | FAIRWAY WIDTH:SMALL | GREEN WIDTH:SMALL | GREEN SPEEDS:12.0 | GREEN SPEEDS.1:NORMAL | ROUGH LENGTH:THICK | WATER HAZARDS:8.0 | ROUGH AMOUNT:NORMAL | BUNKERS:74.0 | LOCATION:FLORIDA | Redesigned:JACK NICKLAUS | DRAINAGE:GOOD | RAIN:NO,3.6667,3.0417,3.0,92.0,76.0,5.0|5.0|4.0|4.0|2.0|1.0|5.0|3.0,70.0|70.0|68.0|72.0|73.0|77.0|71.0|72.0,3.0|1.0|0.0|4.0|5.0|5.0|2.0|1.0,10.0|11.0|14.0|10.0|11.0|11.0|10.0|13.0,11.998|9.996|11.004|11.004|5.39|5.39|7.532|5.39,12.006|10.998|10.998|10.998|9.0|10.998|7.002|12.006,62.5
"Taylor, Nick",Black Desert Resort,Bank of Utah Championship,3.7917,69.1667,2.7083,11.375,62.4917,62.2708,24,6,24,DESIGNER:TOM FAZIO | STYLE:PARKLAND | GREENS:BERMUDA | GREENS (2):TIFEAGLE | FAIRWAYS:BERMUDA | LENGTH:NORMAL | PAR:71.0 | SCORING:HARD | WEATHER:FAIR | TYPE:FULL | FAIRWAY WIDTH:SMALL | GREEN WIDTH:SMALL | GREEN SPEEDS:12.0 | GREEN SPEEDS.1:NORMAL | ROUGH LENGTH:THICK | WATER HAZARDS:8.0 | ROUGH AMOUNT:NORMAL | BUNKERS:74.0 | LOCATION:FLORIDA | Redesigned:JACK NICKLAUS | DRAINAGE:GOOD | RAIN:NO,3.7083,3.7917,4.0417,66.0,37.0,2.0|4.0|4.0|4.0|3.0|2.0|5.0|6.0,74.0|72.0|70.0|69.0|70.0|72.0|68.0|67.0,5.0|5.0|3.0|2.0|3.0|3.0|1.0|1.0,11.0|9.0|11.0|12.0|12.0|13.0|12.0|11.0,2.156|6.468|7.532|6.468|7.532|7.532|7.994|4.998,10.008|9.0|14.004|10.998|12.006|9.0|10.998|14.994,62.5
"Malnati, Peter",Black Desert Resort,Bank of Utah Championship,3.9583,70.375,2.5417,11.0417,59.8167,67.1333,24,8,24,DESIGNER:TOM FAZIO | STYLE:PARKLAND | GREENS:BERMUDA | GREENS (2):TIFEAGLE | FAIRWAYS:BERMUDA | LENGTH:NORMAL | PAR:71.0 | SCORING:HARD | WEATHER:FAIR | TYPE:FULL | FAIRWAY WIDTH:SMALL | GREEN WIDTH:SMALL | GREEN SPEEDS:12.0 | GREEN SPEEDS.1:NORMAL | ROUGH LENGTH:THICK | WATER HAZARDS:8.0 | ROUGH AMOUNT:NORMAL | BUNKERS:74.0 | LOCATION:FLORIDA | Redesigned:JACK NICKLAUS | DRAINAGE:GOOD | RAIN:NO,3.2083,3.1667,3.3333,50.0,87.0,3.0|5.0|3.0|5.0|4.0|2.0|4.0|7.0,69.0|70.0|70.0|69.0|72.0|74.0|71.0|66.0,0.0|3.0|1.0|2.0|5.0|4.0|3.0|1.0,15.0|10.0|14.0|11.0|9.0|11.0|11.0|10.0,9.002|7.994|9.002|11.004|6.468|8.61|7.532|7.532,10.008|12.996|10.998|10.998|7.992|7.992|7.992|10.008,62.5
"Bracken, Boston",Black Desert Resort,Bank of Utah Championship,,,,,,,0,0,24,DESIGNER:TOM FAZIO | STYLE:PARKLAND | GREENS:BERMUDA | GREENS (2):TIFEAGLE | FAIRWAYS:BERMUDA | LENGTH:NORMAL | PAR:71.0 | SCORING:HARD | WEATHER:FAIR | TYPE:FULL | FAIRWAY WIDTH:SMALL | GREEN WIDTH:SMALL | GREEN SPEEDS:12.0 | GREEN SPEEDS.1:NORMAL | ROUGH LENGTH:THICK | WATER HAZARDS:8.0 | ROUGH AMOUNT:NORMAL | BUNKERS:74.0 | LOCATION:FLORIDA | Redesigned:JACK NICKLAUS | DRAINAGE:GOOD | RAIN:NO,,,,,,,,,,,,
"Bauchou, Zach",Black Desert Resort,Bank of Utah Championship,4.375,68.875,1.9583,11.2917,64.5333,71.2917,24,8,24,DESIGNER:TOM FAZIO | STYLE:PARKLAND | GREENS:BERMUDA | GREENS (2):TIFEAGLE | FAIRWAYS:BERMUDA | LENGTH:NORMAL | PAR:71.0 | SCORING:HARD | WEATHER:FAIR | TYPE:FULL | FAIRWAY WIDTH:SMALL | GREEN WIDTH:SMALL | GREEN SPEEDS:12.0 | GREEN SPEEDS.1:NORMAL | ROUGH LENGTH:THICK | WATER HAZARDS:8.0 | ROUGH AMOUNT:NORMAL | BUNKERS:74.0 | LOCATION:FLORIDA | Redesigned:JACK NICKLAUS | DRAINAGE:GOOD | RAIN:NO,4.625,3.5455,4.15,16.0,25.0,7.0|6.0|6.0|3.0|2.0|5.0|3.0|4.0,66.0|68.0|67.0|71.0|76.0|69.0|73.0|71.0,1.0|2.0|2.0|0.0|7.0|3.0|2.0|4.0,10.0|10.0|10.0|14.0|9.0|10.0|12.0|10.0,11.998|11.004|11.998|11.998|5.39|5.39,14.994|14.004|12.996|14.004|5.004|10.998,50.0
"Ewart, A.J.",Black Desert Resort,Bank of Utah Championship,4.0833,69.0,2.1667,11.625,60.4208,71.2958,24,7,24,DESIGNER:TOM FAZIO | STYLE:PARKLAND | GREENS:BERMUDA | GREENS (2):TIFEAGLE | FAIRWAYS:BERMUDA | LENGTH:NORMAL | PAR:71.0 | SCORING:HARD | WEATHER:FAIR | TYPE:FULL | FAIRWAY WIDTH:SMALL | GREEN WIDTH:SMALL | GREEN SPEEDS:12.0 | GREEN SPEEDS.1:NORMAL | ROUGH LENGTH:THICK | WATER HAZARDS:8.0 | ROUGH AMOUNT:NORMAL | BUNKERS:74.0 | LOCATION:FLORIDA | Redesigned:JACK NICKLAUS | DRAINAGE:GOOD | RAIN:NO,4.25,3.9167,3.45,40.0,29.0,4.0|5.0|5.0|3.0|5.0|3.0|2.0|3.0,69.0|68.0|69.0|69.0|67.0|68.0|72.0|71.0,1.0|1.0|2.0|0.0|1.0|0.0|1.0|3.0,13.0|12.0|11.0|15.0|12.0|15.0|14.0|12.0,11.998|11.004|11.004|11.998|7.532|4.312|7.532|6.468,14.004|14.994|12.996|16.002|12.006|10.998|10.998|10.008,37.5
"Schenk, Adam",Black Desert Resort,Bank of Utah Championship,3.25,71.125,3.125,11.1667,58.0333,66.8958,24,11,24,DESIGNER:TOM FAZIO | STYLE:PARKLAND | GREENS:BERMUDA | GREENS (2):TIFEAGLE | FAIRWAYS:BERMUDA | LENGTH:NORMAL | PAR:71.0 | SCORING:HARD | WEATHER:FAIR | TYPE:FULL | FAIRWAY WIDTH:SMALL | GREEN WIDTH:SMALL | GREEN SPEEDS:12.0 | GREEN SPEEDS.1:NORMAL | ROUGH LENGTH:THICK | WATER HAZARDS:8.0 | ROUGH AMOUNT:NORMAL | BUNKERS:74.0 | LOCATION:FLORIDA | Redesigned:JACK NICKLAUS | DRAINAGE:GOOD | RAIN:NO,3.5,3.375,3.2917,108.0,104.0,4.0|3.0|4.0|3.0|4.0|6.0|2.0|2.0,76.0|73.0|70.0|70.0|69.0|66.0|72.0|71.0,7.0|3.0|3.0|2.0|2.0|1.0|4.0|3.0,6.0|11.0|11.0|13.0|12.0|11.0|12.0|13.0,5.39|9.688|7.532|8.61|5.39|7.532|7.994|9.996,7.992|12.006|10.998|12.996|10.998|10.008|10.008|12.996,50.0
"Moore, Taylor",Black Desert Resort,Bank of Utah Championship,4.0909,69.2727,2.5,11.2727,57.4136,66.6818,24,8,24,DESIGNER:TOM FAZIO | STYLE:PARKLAND | GREENS:BERMUDA | GREENS (2):TIFEAGLE | FAIRWAYS:BERMUDA | LENGTH:NORMAL | PAR:71.0 | SCORING:HARD | WEATHER:FAIR | TYPE:FULL | FAIRWAY WIDTH:SMALL | GREEN WIDTH:SMALL | GREEN SPEEDS:12.0 | GREEN SPEEDS.1:NORMAL | ROUGH LENGTH:THICK | WATER HAZARDS:8.0 | ROUGH AMOUNT:NORMAL | BUNKERS:74.0 | LOCATION:FLORIDA | Redesigned:JACK NICKLAUS | DRAINAGE:GOOD | RAIN:NO,3.75,3.4167,3.55,39.0,42.0,0.0|3.0|5.0|3.0|6.0|2.0|0.0|2.0,77.0|73.0|67.0|69.0|67.0|71.0|73.0|73.0,6.0|5.0|1.0|1.0|2.0|0.0|1.0|3.0,12.0|10.0|12.0|14.0|10.0|15.0|17.0|13.0,3.234|7.532|5.39|8.61|7.532|9.688|4.998|4.004,5.994|7.992|14.004|9.0|14.994|12.006|12.996|10.008,25.0
"Hojgaard, Rasmus",Black Desert Resort,Bank of Utah Championship,4.125,69.375,2.9583,10.6667,50.7958,67.5917,24,8,24,DESIGNER:TOM FAZIO | STYLE:PARKLAND | GREENS:BERMUDA | GREENS (2):TIFEAGLE | FAIRWAYS:BERMUDA | LENGTH:NORMAL | PAR:71.0 | SCORING:HARD | WEATHER:FAIR | TYPE:FULL | FAIRWAY WIDTH:SMALL | GREEN WIDTH:SMALL | GREEN SPEEDS:12.0 | GREEN SPEEDS.1:NORMAL | ROUGH LENGTH:THICK | WATER HAZARDS:8.0 | ROUGH AMOUNT:NORMAL | BUNKERS:74.0 | LOCATION:FLORIDA | Redesigned:JACK NICKLAUS | DRAINAGE:GOOD | RAIN:NO,4.0833,4.0417,3.6667,38.0,47.0,2.0|2.0|4.0|3.0|4.0|1.0|4.0|6.0,71.0|74.0|71.0|71.0|70.0|77.0|72.0|65.0,2.0|3.0|4.0|3.0|3.0|3.0|5.0|1.0,14.0|12.0|10.0|12.0|11.0|12.0|9.0|11.0,6.468|6.468|3.234|4.312|8.61|7.532|7.0|6.468,10.998|10.998|10.998|9.0|12.996|12.006|10.998|5.994,12.5
"Streelman, Kevin",Black Desert Resort,Bank of Utah Championship,3.9167,69.3333,2.25,11.5833,67.2625,70.8375,24,8,24,DESIGNER:TOM FAZIO | STYLE:PARKLAND | GREENS:BERMUDA | GREENS (2):TIFEAGLE | FAIRWAYS:BERMUDA | LENGTH:NORMAL | PAR:71.0 | SCORING:HARD | WEATHER:FAIR | TYPE:FULL | FAIRWAY WIDTH:SMALL | GREEN WIDTH:SMALL | GREEN SPEEDS:12.0 | GREEN SPEEDS.1:NORMAL | ROUGH LENGTH:THICK | WATER HAZARDS:8.0 | ROUGH AMOUNT:NORMAL | BUNKERS:74.0 | LOCATION:FLORIDA | Redesigned:JACK NICKLAUS | DRAINAGE:GOOD | RAIN:NO,3.625,3.6667,3.5833,53.0,45.0,5.0|2.0|3.0|2.0|2.0|4.0|2.0|6.0,72.0|72.0|69.0|74.0|74.0|70.0|73.0|67.0,4.0|3.0|1.0|5.0|2.0|0.0|3.0|1.0,8.0|13.0|14.0|11.0|13.0|13.0|13.0|11.0,5.39|8.61|7.532|7.532|7.532|5.39|10.766|5.39,9.0|10.998|9.0|9.0|10.998|14.994|10.998|9.0,37.5
"Davis, Cam",Black Desert Resort,Bank of Utah Championship,3.2083,71.5833,2.5417,11.5417,53.8625,62.7375,24,10,24,DESIGNER:TOM FAZIO | STYLE:PARKLAND | GREENS:BERMUDA | GREENS (2):TIFEAGLE | FAIRWAYS:BERMUDA | LENGTH:NORMAL | PAR:71.0 | SCORING:HARD | WEATHER:FAIR | TYPE:FULL | FAIRWAY WIDTH:SMALL | GREEN WIDTH:SMALL | GREEN SPEEDS:12.0 | GREEN SPEEDS.1:NORMAL | ROUGH LENGTH:THICK | WATER HAZARDS:8.0 | ROUGH AMOUNT:NORMAL | BUNKERS:74.0 | LOCATION:FLORIDA | Redesigned:JACK NICKLAUS | DRAINAGE:GOOD | RAIN:NO,3.1667,3.0,3.4091,109.0,109.0,3.0|1.0|5.0|7.0|6.0|6.0|4.0|1.0,76.0|76.0|70.0|65.0|68.0|68.0|70.0|72.0,6.0|4.0|2.0|0.0|2.0|2.0|4.0|3.0,8.0|12.0|10.0|11.0|10.0|10.0|10.0|14.0,7.532|6.468|6.006|7.994|2.996|6.006|7.532|8.61,7.002|5.004|9.0|10.008|10.008|10.998|10.998|10.998,62.5
"Rodgers, Patrick",Black Desert Resort,Bank of Utah Championship,3.5833,71.25,3.5417,10.5,57.4375,59.2625,24,7,24,DESIGNER:TOM FAZIO | STYLE:PARKLAND | GREENS:BERMUDA | GREENS (2):TIFEAGLE | FAIRWAYS:BERMUDA | LENGTH:NORMAL | PAR:71.0 | SCORING:HARD | WEATHER:FAIR | TYPE:FULL | FAIRWAY WIDTH:SMALL | GREEN WIDTH:SMALL | GREEN SPEEDS:12.0 | GREEN SPEEDS.1:NORMAL | ROUGH LENGTH:THICK | WATER HAZARDS:8.0 | ROUGH AMOUNT:NORMAL | BUNKERS:74.0 | LOCATION:FLORIDA | Redesigned:JACK NICKLAUS | DRAINAGE:GOOD | RAIN:NO,3.2083,3.6667,3.9167,88.0,106.0,3.0|4.0|3.0|3.0|5.0|1.0|4.0|2.0,72.0|68.0|72.0|71.0|68.0|77.0|69.0|73.0,4.0|1.0|3.0|3.0|1.0|4.0|2.0|4.0,11.0|13.0|11.0|12.0|12.0|12.0|12.0|12.0,5.39|5.39|8.61|7.532|11.998|9.002|6.468|4.312,10.008|12.996|10.008|10.008|14.994|10.008|10.998|10.008,37.5
"Crowe, Trace",Black Desert Resort,Bank of Utah Championship,4.1667,69.625,2.4167,11.0,66.6542,72.2208,24,8,24,DESIGNER:TOM FAZIO | STYLE:PARKLAND | GREENS:BERMUDA | GREENS (2):TIFEAGLE | FAIRWAYS:BERMUDA | LENGTH:NORMAL | PAR:71.0 | SCORING:HARD | WEATHER:FAIR | TYPE:FULL | FAIRWAY WIDTH:SMALL | GREEN WIDTH:SMALL | GREEN SPEEDS:12.0 | GREEN SPEEDS.1:NORMAL | ROUGH LENGTH:THICK | WATER HAZARDS:8.0 | ROUGH AMOUNT:NORMAL | BUNKERS:74.0 | LOCATION:FLORIDA | Redesigned:JACK NICKLAUS | DRAINAGE:GOOD | RAIN:NO,4.75,3.8333,4.1053,33.0,59.0,6.0|3.0|6.0|4.0|3.0|3.0|3.0|5.0,69.0|70.0|68.0|71.0|71.0|70.0|69.0|72.0,3.0|1.0|2.0|3.0|4.0|1.0|2.0|4.0,9.0|14.0|10.0|11.0|11.0|13.0|13.0|8.0,9.996|9.996|11.998|7.994|9.002|11.998|7.994|9.002,14.994|14.004|12.996|9.0|10.008|12.996|9.0|10.008,37.5
"Martin, Ben",Black Desert Resort,Bank of Utah Championship,3.5,70.6,2.55,11.55,65.715,70.01,24,9,24,DESIGNER:TOM FAZIO | STYLE:PARKLAND | GREENS:BERMUDA | GREENS (2):TIFEAGLE | FAIRWAYS:BERMUDA | LENGTH:NORMAL | PAR:71.0 | SCORING:HARD | WEATHER:FAIR | TYPE:FULL | FAIRWAY WIDTH:SMALL | GREEN WIDTH:SMALL | GREEN SPEEDS:12.0 | GREEN SPEEDS.1:NORMAL | ROUGH LENGTH:THICK | WATER HAZARDS:8.0 | ROUGH AMOUNT:NORMAL | BUNKERS:74.0 | LOCATION:FLORIDA | Redesigned:JACK NICKLAUS | DRAINAGE:GOOD | RAIN:NO,4.3333,3.7917,3.8889,91.0,96.0,3.0|3.0|4.0|3.0|2.0|6.0|5.0|5.0,72.0|71.0|69.0|71.0|72.0|73.0|68.0|69.0,3.0|2.0|3.0|0.0|2.0|3.0|1.0|2.0,12.0|13.0|11.0|14.0|14.0|7.0|12.0|11.0,9.002|13.006|11.004|13.006|11.998|11.004|11.004|11.998,14.004|12.006|14.004|14.004|16.002|14.994|10.008|12.006,50.0
"Hoge, Tom",Black Desert Resort,Bank of Utah Championship,4.2917,69.0417,2.3333,11.0833,63.0875,67.5917,24,8,24,DESIGNER:TOM FAZIO | STYLE:PARKLAND | GREENS:BERMUDA | GREENS (2):TIFEAGLE | FAIRWAYS:BERMUDA | LENGTH:NORMAL | PAR:71.0 | SCORING:HARD | WEATHER:FAIR | TYPE:FULL | FAIRWAY WIDTH:SMALL | GREEN WIDTH:SMALL | GREEN SPEEDS:12.0 | GREEN SPEEDS.1:NORMAL | ROUGH LENGTH:THICK | WATER HAZARDS:8.0 | ROUGH AMOUNT:NORMAL | BUNKERS:74.0 | LOCATION:FLORIDA | Redesigned:JACK NICKLAUS | DRAINAGE:GOOD | RAIN:NO,2.8333,3.7083,3.25,21.0,30.0,5.0|5.0|4.0|3.0|1.0|4.0|7.0|3.0,70.0|70.0|70.0|69.0|75.0|69.0|66.0|71.0,3.0|3.0|2.0|0.0|2.0|1.0|1.0|2.0,10.0|10.0|12.0|15.0|14.0|13.0|10.0|13.0,6.006|6.006|4.998|9.996|7.0|9.002|4.004|7.0,12.996|12.996|12.996|12.996|10.998|12.006|10.008|12.006,37.5
"Skinns, David",Black Desert Resort,Bank of Utah Championship,3.9167,69.25,2.2917,11.6667,62.7875,70.6,24,8,24,DESIGNER:TOM FAZIO | STYLE:PARKLAND | GREENS:BERMUDA | GREENS (2):TIFEAGLE | FAIRWAYS:BERMUDA | LENGTH:NORMAL | PAR:71.0 | SCORING:HARD | WEATHER:FAIR | TYPE:FULL | FAIRWAY WIDTH:SMALL | GREEN WIDTH:SMALL | GREEN SPEEDS:12.0 | GREEN SPEEDS.1:NORMAL | ROUGH LENGTH:THICK | WATER HAZARDS:8.0 | ROUGH AMOUNT:NORMAL | BUNKERS:74.0 | LOCATION:FLORIDA | Redesigned:JACK NICKLAUS | DRAINAGE:GOOD | RAIN:NO,3.5714,3.625,3.625,56.0,41.0,4.0|6.0|7.0|4.0|2.0|4.0|4.0|5.0,70.0|68.0|66.0|73.0|72.0|71.0|70.0|69.0,2.0|2.0|1.0|5.0|3.0|4.0|3.0|1.0,12.0|10.0|10.0|9.0|13.0|10.0|11.0|11.0,9.996|11.998|13.006|7.994|5.39|6.468|10.766|6.468,12.006|12.996|14.994|12.006|9.0|12.006|12.006|7.002,87.5
"Peterson, Paul",Black Desert Resort,Bank of Utah Championship,3.7083,69.5,2.2083,11.9583,75.5958,69.6792,24,8,24,DESIGNER:TOM FAZIO | STYLE:PARKLAND | GREENS:BERMUDA | GREENS (2):TIFEAGLE | FAIRWAYS:BERMUDA | LENGTH:NORMAL | PAR:71.0 | SCORING:HARD | WEATHER:FAIR | TYPE:FULL | FAIRWAY WIDTH:SMALL | GREEN WIDTH:SMALL | GREEN SPEEDS:12.0 | GREEN SPEEDS.1:NORMAL | ROUGH LENGTH:THICK | WATER HAZARDS:8.0 | ROUGH AMOUNT:NORMAL | BUNKERS:74.0 | LOCATION:FLORIDA | Redesigned:JACK NICKLAUS | DRAINAGE:GOOD | RAIN:NO,4.25,3.2917,3.5714,75.0,53.0,3.0|6.0|6.0|5.0|2.0|4.0|1.0|3.0,70.0|68.0|70.0|68.0|75.0|70.0|75.0|76.0,1.0|0.0|4.0|1.0|6.0|3.0|4.0|3.0,14.0|11.0|8.0|12.0|10.0|11.0|13.0|10.0,13.006|11.998|14.0|14.0|10.766|8.61|11.998|11.998,12.996|14.994|10.008|16.992|7.002|9.0|10.998|12.006,50.0
"McGreevy, Max",Black Desert Resort,Bank of Utah Championship,4.0,69.7917,2.6667,11.125,72.3042,68.9833,24,8,24,DESIGNER:TOM FAZIO | STYLE:PARKLAND | GREENS:BERMUDA | GREENS (2):TIFEAGLE | FAIRWAYS:BERMUDA | LENGTH:NORMAL | PAR:71.0 | SCORING:HARD | WEATHER:FAIR | TYPE:FULL | FAIRWAY WIDTH:SMALL | GREEN WIDTH:SMALL | GREEN SPEEDS:12.0 | GREEN SPEEDS.1:NORMAL | ROUGH LENGTH:THICK | WATER HAZARDS:8.0 | ROUGH AMOUNT:NORMAL | BUNKERS:74.0 | LOCATION:FLORIDA | Redesigned:JACK NICKLAUS | DRAINAGE:GOOD | RAIN:NO,3.5,3.4167,3.7,44.0,68.0,3.0|7.0|7.0|1.0|5.0|1.0|5.0|4.0,71.0|65.0|66.0|71.0|74.0|72.0|70.0|69.0,2.0|1.0|1.0|0.0|8.0|3.0|3.0|1.0,13.0|10.0|10.0|17.0|5.0|14.0|10.0|13.0,11.998|11.998|13.006|11.998|7.532|9.688|9.996|9.996,14.004|14.994|12.996|14.004|7.002|9.0|10.998|10.998,62.5
"Riley, Davis",Black Desert Resort,Bank of Utah Championship,3.9167,70.1667,2.625,11.0,60.0375,65.7458,24,8,24,DESIGNER:TOM FAZIO | STYLE:PARKLAND | GREENS:BERMUDA | GREENS (2):TIFEAGLE | FAIRWAYS:BERMUDA | LENGTH:NORMAL | PAR:71.0 | SCORING:HARD | WEATHER:FAIR | TYPE:FULL | FAIRWAY WIDTH:SMALL | GREEN WIDTH:SMALL | GREEN SPEEDS:12.0 | GREEN SPEEDS.1:NORMAL | ROUGH LENGTH:THICK | WATER HAZARDS:8.0 | ROUGH AMOUNT:NORMAL | BUNKERS:74.0 | LOCATION:FLORIDA | Redesigned:JACK NICKLAUS | DRAINAGE:GOOD | RAIN:NO,3.6667,3.4583,3.4,52.0,84.0,7.0|4.0|4.0|3.0|5.0|2.0|2.0|3.0,66.0|72.0|69.0|72.0|72.0|76.0|74.0|72.0,1.0|4.0|1.0|3.0|6.0|7.0|5.0|4.0,10.0|10.0|13.0|12.0|7.0|9.0|11.0|11.0,9.996|11.004|9.002|9.996|7.532|6.468|8.61|5.39,12.996|14.004|14.994|12.006|10.998|5.004|7.002|10.008,50.0
"Ford, David",Black Desert Resort,Bank of Utah Championship,3.875,70.625,2.7083,11.2083,59.5261,62.087,24,8,24,DESIGNER:TOM FAZIO | STYLE:PARKLAND | GREENS:BERMUDA | GREENS (2):TIFEAGLE | FAIRWAYS:BERMUDA | LENGTH:NORMAL | PAR:71.0 | SCORING:HARD | WEATHER:FAIR | TYPE:FULL | FAIRWAY WIDTH:SMALL | GREEN WIDTH:SMALL | GREEN SPEEDS:12.0 | GREEN SPEEDS.1:NORMAL | ROUGH LENGTH:THICK | WATER HAZARDS:8.0 | ROUGH AMOUNT:NORMAL | BUNKERS:74.0 | LOCATION:FLORIDA | Redesigned:JACK NICKLAUS | DRAINAGE:GOOD | RAIN:NO,4.75,3.4167,3.6667,58.0,98.0,5.0|1.0|1.0|5.0|6.0|3.0|2.0|9.0,67.0|78.0|70.0|69.0|67.0|69.0|75.0|65.0,1.0|6.0|0.0|3.0|2.0|1.0|3.0|1.0,12.0|10.0|17.0|10.0|10.0|14.0|12.0|7.0,8.61|4.312|6.468|11.844|14.0|11.004|7.0|9.996,9.0|5.004|10.998|10.998|12.996|14.004|10.998|14.004,50.0
"Van Rooyen, Erik",Black Desert Resort,Bank of Utah Championship,4.1667,69.1667,2.3333,11.1667,57.4583,65.5208,24,8,24,DESIGNER:TOM FAZIO | STYLE:PARKLAND | GREENS:BERMUDA | GREENS (2):TIFEAGLE | FAIRWAYS:BERMUDA | LENGTH:NORMAL | PAR:71.0 | SCORING:HARD | WEATHER:FAIR | TYPE:FULL | FAIRWAY WIDTH:SMALL | GREEN WIDTH:SMALL | GREEN SPEEDS:12.0 | GREEN SPEEDS.1:NORMAL | ROUGH LENGTH:THICK | WATER HAZARDS:8.0 | ROUGH AMOUNT:NORMAL | BUNKERS:74.0 | LOCATION:FLORIDA | Redesigned:JACK NICKLAUS | DRAINAGE:GOOD | RAIN:NO,3.875,3.9583,3.8,35.0,35.0,2.0|2.0|5.0|4.0|6.0|3.0|4.0|3.0,76.0|73.0|70.0|73.0|67.0|71.0|74.0|71.0,5.0|2.0|1.0|1.0|1.0|2.0|6.0|2.0,10.0|13.0|11.0|11.0|11.0|13.0|8.0|13.0,2.156|7.532|11.004|9.996|7.994|11.998|10.766|8.61,7.992|10.998|12.006|10.998|10.998|12.996|12.006|10.998,25.0
"Kizzire, Patton",Black Desert Resort,Bank of Utah Championship,3.2917,71.3333,2.875,11.1667,57.2958,62.5042,24,11,24,DESIGNER:TOM FAZIO | STYLE:PARKLAND | GREENS:BERMUDA | GREENS (2):TIFEAGLE | FAIRWAYS:BERMUDA | LENGTH:NORMAL | PAR:71.0 | SCORING:HARD | WEATHER:FAIR | TYPE:FULL | FAIRWAY WIDTH:SMALL | GREEN WIDTH:SMALL | GREEN SPEEDS:12.0 | GREEN SPEEDS.1:NORMAL | ROUGH LENGTH:THICK | WATER HAZARDS:8.0 | ROUGH AMOUNT:NORMAL | BUNKERS:74.0 | LOCATION:FLORIDA | Redesigned:JACK NICKLAUS | DRAINAGE:GOOD | RAIN:NO,2.7917,3.25,3.0,105.0,107.0,4.0|2.0|3.0|1.0|5.0|4.0|2.0|4.0,73.0|74.0|72.0|73.0|68.0|71.0|73.0|67.0,1.0|5.0|2.0|2.0|1.0|1.0|4.0|0.0,11.0|11.0|12.0|15.0|12.0|12.0|12.0|14.0,6.468|6.468|6.468|8.61|11.844|8.61|7.994|4.998,12.006|10.008|9.0|12.006|10.008|9.0|10.008|10.998,50.0
"Akina, Kihei",Black Desert Resort,Bank of Utah Championship,3.7,71.0,2.5,11.2,62.86,66.69,10,3,24,DESIGNER:TOM FAZIO | STYLE:PARKLAND | GREENS:BERMUDA | GREENS (2):TIFEAGLE | FAIRWAYS:BERMUDA | LENGTH:NORMAL | PAR:71.0 | SCORING:HARD | WEATHER:FAIR | TYPE:FULL | FAIRWAY WIDTH:SMALL | GREEN WIDTH:SMALL | GREEN SPEEDS:12.0 | GREEN SPEEDS.1:NORMAL | ROUGH LENGTH:THICK | WATER HAZARDS:8.0 | ROUGH AMOUNT:NORMAL | BUNKERS:74.0 | LOCATION:FLORIDA | Redesigned:JACK NICKLAUS | DRAINAGE:GOOD | RAIN:NO,,4.5,4.5,77.0,103.0,5.0|3.0|3.0|2.0,69.0|72.0|69.0|77.0,3.0|4.0|1.0|4.0,10.0|11.0|14.0|10.0,11.998|11.004|11.004|9.996,12.006|12.006|12.996|10.008,25.0
"Highsmith, Joe",Black Desert Resort,Bank of Utah Championship,3.625,69.7083,2.5417,11.625,65.4708,65.0542,24,8,24,DESIGNER:TOM FAZIO | STYLE:PARKLAND | GREENS:BERMUDA | GREENS (2):TIFEAGLE | FAIRWAYS:BERMUDA | LENGTH:NORMAL | PAR:71.0 | SCORING:HARD | WEATHER:FAIR | TYPE:FULL | FAIRWAY WIDTH:SMALL | GREEN WIDTH:SMALL | GREEN SPEEDS:12.0 | GREEN SPEEDS.1:NORMAL | ROUGH LENGTH:THICK | WATER HAZARDS:8.0 | ROUGH AMOUNT:NORMAL | BUNKERS:74.0 | LOCATION:FLORIDA | Redesigned:JACK NICKLAUS | DRAINAGE:GOOD | RAIN:NO,4.6111,3.7083,3.5833,83.0,63.0,5.0|5.0|5.0|3.0|2.0|2.0|2.0|3.0,68.0|68.0|67.0|68.0|71.0|76.0|73.0|71.0,2.0|1.0|0.0|0.0|2.0|5.0|3.0|1.0,11.0|12.0|13.0|15.0|14.0|10.0|13.0|13.0,11.004|11.004|13.006|11.998|9.688|4.312|6.006|13.006,12.996|12.006|14.004|14.994|10.008|10.008|14.004|10.998,37.5
"Fisk, Steven",Black Desert Resort,Bank of Utah Championship,3.875,69.0833,1.9167,11.875,65.7625,66.4417,24,8,24,DESIGNER:TOM FAZIO | STYLE:PARKLAND | GREENS:BERMUDA | GREENS (2):TIFEAGLE | FAIRWAYS:BERMUDA | LENGTH:NORMAL | PAR:71.0 | SCORING:HARD | WEATHER:FAIR | TYPE:FULL | FAIRWAY WIDTH:SMALL | GREEN WIDTH:SMALL | GREEN SPEEDS:12.0 | GREEN SPEEDS.1:NORMAL | ROUGH LENGTH:THICK | WATER HAZARDS:8.0 | ROUGH AMOUNT:NORMAL | BUNKERS:74.0 | LOCATION:FLORIDA | Redesigned:JACK NICKLAUS | DRAINAGE:GOOD | RAIN:NO,3.25,4.0417,3.4583,62.0,33.0,5.0|3.0|2.0|4.0|6.0|3.0|6.0|7.0,70.0|74.0|72.0|71.0|67.0|76.0|68.0|68.0,4.0|6.0|2.0|1.0|1.0|4.0|1.0|3.0,9.0|9.0|14.0|12.0|11.0|10.0|10.0|8.0,7.532|10.766|7.532|7.994|7.532|7.0|7.0|9.688,10.008|10.008|14.004|14.004|12.006|10.998|14.004|12.006,62.5
"Dumont De Chassart, Adrien",Black Desert Resort,Bank of Utah Championship,3.5833,69.9167,2.7083,11.4583,52.6792,63.2,24,9,24,DESIGNER:TOM FAZIO | STYLE:PARKLAND | GREENS:BERMUDA | GREENS (2):TIFEAGLE | FAIRWAYS:BERMUDA | LENGTH:NORMAL | PAR:71.0 | SCORING:HARD | WEATHER:FAIR | TYPE:FULL | FAIRWAY WIDTH:SMALL | GREEN WIDTH:SMALL | GREEN SPEEDS:12.0 | GREEN SPEEDS.1:NORMAL | ROUGH LENGTH:THICK | WATER HAZARDS:8.0 | ROUGH AMOUNT:NORMAL | BUNKERS:74.0 | LOCATION:FLORIDA | Redesigned:JACK NICKLAUS | DRAINAGE:GOOD | RAIN:NO,4.0,4.0,4.0,87.0,73.0,4.0|4.0|3.0|5.0|6.0|4.0|4.0|1.0,74.0|67.0|71.0|69.0|68.0|71.0|71.0|75.0,1.0|0.0|3.0|3.0|2.0|3.0|4.0|2.0,11.0|14.0|12.0|10.0|10.0|11.0|10.0|14.0,7.532|6.468|8.61|5.39|9.002|7.0|9.996|4.312,10.998|10.008|10.008|7.002|7.992|14.004|12.996|5.004,75.0
"Coody, Pierceson",Black Desert Resort,Bank of Utah Championship,3.4167,70.75,2.875,11.25,54.7125,64.35,24,9,24,DESIGNER:TOM FAZIO | STYLE:PARKLAND | GREENS:BERMUDA | GREENS (2):TIFEAGLE | FAIRWAYS:BERMUDA | LENGTH:NORMAL | PAR:71.0 | SCORING:HARD | WEATHER:FAIR | TYPE:FULL | FAIRWAY WIDTH:SMALL | GREEN WIDTH:SMALL | GREEN SPEEDS:12.0 | GREEN SPEEDS.1:NORMAL | ROUGH LENGTH:THICK | WATER HAZARDS:8.0 | ROUGH AMOUNT:NORMAL | BUNKERS:74.0 | LOCATION:FLORIDA | Redesigned:JACK NICKLAUS | DRAINAGE:GOOD | RAIN:NO,3.9167,3.125,3.625,98.0,100.0,2.0|4.0|2.0|7.0|3.0|4.0|4.0|2.0,71.0|74.0|73.0|67.0|75.0|68.0|70.0|71.0,2.0|3.0|4.0|3.0|0.0|1.0|2.0|1.0,14.0|9.0|12.0|8.0|13.0|13.0|12.0|15.0,6.468|6.468|8.61|7.532|4.312|5.39|11.004|9.996,7.992|9.0|7.992|14.004|12.006|5.994|14.004|12.006,50.0
"Salinda, Isaiah",Black Desert Resort,Bank of Utah Championship,3.375,71.7917,3.0417,11.0833,54.7667,64.3316,24,8,24,DESIGNER:TOM FAZIO | STYLE:PARKLAND | GREENS:BERMUDA | GREENS (2):TIFEAGLE | FAIRWAYS:BERMUDA | LENGTH:NORMAL | PAR:71.0 | SCORING:HARD | WEATHER:FAIR | TYPE:FULL | FAIRWAY WIDTH:SMALL | GREEN WIDTH:SMALL | GREEN SPEEDS:12.0 | GREEN SPEEDS.1:NORMAL | ROUGH LENGTH:THICK | WATER HAZARDS:8.0 | ROUGH AMOUNT:NORMAL | BUNKERS:74.0 | LOCATION:FLORIDA | Redesigned:JACK NICKLAUS | DRAINAGE:GOOD | RAIN:NO,4.5,3.75,3.5,101.0,111.0,2.0|4.0|5.0|1.0|5.0|4.0|1.0|2.0,73.0|69.0|68.0|74.0|73.0|72.0|76.0|74.0,4.0|3.0|1.0|4.0|6.0|4.0|2.0|2.0,12.0|11.0|11.0|13.0|7.0|10.0|14.0|13.0,5.39|5.39|6.468|7.532|7.0|11.004|11.004|9.002,12.996|10.008|12.996|12.006|14.994|7.002|10.008|14.004,50.0
"Dou, Zecheng",Black Desert Resort,Bank of Utah Championship,3.875,69.0833,2.125,11.875,67.25,72.6833,24,9,24,DESIGNER:TOM FAZIO | STYLE:PARKLAND | GREENS:BERMUDA | GREENS (2):TIFEAGLE | FAIRWAYS:BERMUDA | LENGTH:NORMAL | PAR:71.0 | SCORING:HARD | WEATHER:FAIR | TYPE:FULL | FAIRWAY WIDTH:SMALL | GREEN WIDTH:SMALL | GREEN SPEEDS:12.0 | GREEN SPEEDS.1:NORMAL | ROUGH LENGTH:THICK | WATER HAZARDS:8.0 | ROUGH AMOUNT:NORMAL | BUNKERS:74.0 | LOCATION:FLORIDA | Redesigned:JACK NICKLAUS | DRAINAGE:GOOD | RAIN:NO,3.625,3.625,3.9167,61.0,34.0,5.0|3.0|3.0|1.0|2.0|3.0|4.0|5.0,71.0|71.0|71.0|73.0|72.0|72.0|69.0|72.0,2.0|2.0|3.0|3.0|2.0|3.0|1.0|5.0,10.0|13.0|12.0|14.0|14.0|12.0|13.0|8.0,9.002|11.004|8.61|5.39|6.468|7.532|7.532|6.468,12.996|10.998|9.0|7.992|7.992|9.0|7.992|10.008,37.5
"Mauss, Bowen",Black Desert Resort,Bank of Utah Championship,,,,,,,0,0,24,DESIGNER:TOM FAZIO | STYLE:PARKLAND | GREENS:BERMUDA | GREENS (2):TIFEAGLE | FAIRWAYS:BERMUDA | LENGTH:NORMAL | PAR:71.0 | SCORING:HARD | WEATHER:FAIR | TYPE:FULL | FAIRWAY WIDTH:SMALL | GREEN WIDTH:SMALL | GREEN SPEEDS:12.0 | GREEN SPEEDS.1:NORMAL | ROUGH LENGTH:THICK | WATER HAZARDS:8.0 | ROUGH AMOUNT:NORMAL | BUNKERS:74.0 | LOCATION:FLORIDA | Redesigned:JACK NICKLAUS | DRAINAGE:GOOD | RAIN:NO,,,,,,,,,,,,
"Yellamaraju, Sudarshan",Black Desert Resort,Bank of Utah Championship,3.2083,70.375,2.625,11.875,61.2833,65.9708,24,8,24,DESIGNER:TOM FAZIO | STYLE:PARKLAND | GREENS:BERMUDA | GREENS (2):TIFEAGLE | FAIRWAYS:BERMUDA | LENGTH:NORMAL | PAR:71.0 | SCORING:HARD | WEATHER:FAIR | TYPE:FULL | FAIRWAY WIDTH:SMALL | GREEN WIDTH:SMALL | GREEN SPEEDS:12.0 | GREEN SPEEDS.1:NORMAL | ROUGH LENGTH:THICK | WATER HAZARDS:8.0 | ROUGH AMOUNT:NORMAL | BUNKERS:74.0 | LOCATION:FLORIDA | Redesigned:JACK NICKLAUS | DRAINAGE:GOOD | RAIN:NO,4.25,3.8333,3.95,110.0,90.0,6.0|4.0|4.0|3.0,71.0|71.0|71.0|73.0,5.0|3.0|3.0|4.0,7.0|11.0|11.0|11.0,,,75.0
"Thompson, Michael",Black Desert Resort,Bank of Utah Championship,3.4545,71.2273,2.5909,11.5909,64.275,63.89,24,9,24,DESIGNER:TOM FAZIO | STYLE:PARKLAND | GREENS:BERMUDA | GREENS (2):TIFEAGLE | FAIRWAYS:BERMUDA | LENGTH:NORMAL | PAR:71.0 | SCORING:HARD | WEATHER:FAIR | TYPE:FULL | FAIRWAY WIDTH:SMALL | GREEN WIDTH:SMALL | GREEN SPEEDS:12.0 | GREEN SPEEDS.1:NORMAL | ROUGH LENGTH:THICK | WATER HAZARDS:8.0 | ROUGH AMOUNT:NORMAL | BUNKERS:74.0 | LOCATION:FLORIDA | Redesigned:JACK NICKLAUS | DRAINAGE:GOOD | RAIN:NO,2.9167,3.9583,3.5455,97.0,105.0,3.0|4.0|6.0|2.0|3.0|2.0|3.0|4.0,74.0|69.0|66.0|74.0|74.0|74.0|71.0|71.0,6.0|2.0|1.0|5.0|5.0|4.0|2.0|3.0,9.0|12.0|11.0|11.0|10.0|12.0|13.0|11.0,7.532|10.766|8.61|10.766|7.994|9.002|4.998|7.994,9.0|9.0|10.008|9.0|10.998|10.008|12.996|12.996,37.5
"Kang, Jeffrey",Black Desert Resort,Bank of Utah Championship,3.6667,69.8333,2.375,11.75,61.0042,67.6,24,8,24,DESIGNER:TOM FAZIO | STYLE:PARKLAND | GREENS:BERMUDA | GREENS (2):TIFEAGLE | FAIRWAYS:BERMUDA | LENGTH:NORMAL | PAR:71.0 | SCORING:HARD | WEATHER:FAIR | TYPE:FULL | FAIRWAY WIDTH:SMALL | GREEN WIDTH:SMALL | GREEN SPEEDS:12.0 | GREEN SPEEDS.1:NORMAL | ROUGH LENGTH:THICK | WATER HAZARDS:8.0 | ROUGH AMOUNT:NORMAL | BUNKERS:74.0 | LOCATION:FLORIDA | Redesigned:JACK NICKLAUS | DRAINAGE:GOOD | RAIN:NO,3.3333,2.8333,2.8333,79.0,71.0,4.0|4.0|4.0|4.0|3.0|2.0|4.0|3.0,70.0|71.0|69.0|70.0|77.0|76.0|73.0|72.0,2.0|3.0|1.0|2.0|5.0|5.0|5.0|3.0,12.0|11.0|13.0|12.0|8.0|10.0|9.0|12.0,11.004|9.002|9.996|13.006|7.532|6.468,12.996|14.994|12.006|10.008|7.992|7.992,62.5
"Todd, Brendon",Black Desert Resort,Bank of Utah Championship,2.5833,71.375,2.875,12.25,65.4833,57.8667,24,9,24,DESIGNER:TOM FAZIO | STYLE:PARKLAND | GREENS:BERMUDA | GREENS (2):TIFEAGLE | FAIRWAYS:BERMUDA | LENGTH:NORMAL | PAR:71.0 | SCORING:HARD | WEATHER:FAIR | TYPE:FULL | FAIRWAY WIDTH:SMALL | GREEN WIDTH:SMALL | GREEN SPEEDS:12.0 | GREEN SPEEDS.1:NORMAL | ROUGH LENGTH:THICK | WATER HAZARDS:8.0 | ROUGH AMOUNT:NORMAL | BUNKERS:74.0 | LOCATION:FLORIDA | Redesigned:JACK NICKLAUS | DRAINAGE:GOOD | RAIN:NO,2.7917,3.0833,3.9,112.0,108.0,8.0|5.0|4.0|4.0|4.0|4.0|5.0|5.0,66.0|68.0|71.0|69.0|68.0|68.0|71.0|71.0,2.0|1.0|1.0|1.0|0.0|0.0|1.0|2.0,8.0|12.0|12.0|13.0|14.0|14.0|11.0|10.0,9.002|7.994|9.996|4.004|9.688|11.844|9.996|7.0,14.994|14.994|12.006|12.006|9.0|14.004|12.006|10.008,100.0
"Smotherman, Austin",Black Desert Resort,Bank of Utah Championship,3.6667,69.7917,2.4167,11.5833,67.2583,73.8458,24,8,24,DESIGNER:TOM FAZIO | STYLE:PARKLAND | GREENS:BERMUDA | GREENS (2):TIFEAGLE | FAIRWAYS:BERMUDA | LENGTH:NORMAL | PAR:71.0 | SCORING:HARD | WEATHER:FAIR | TYPE:FULL | FAIRWAY WIDTH:SMALL | GREEN WIDTH:SMALL | GREEN SPEEDS:12.0 | GREEN SPEEDS.1:NORMAL | ROUGH LENGTH:THICK | WATER HAZARDS:8.0 | ROUGH AMOUNT:NORMAL | BUNKERS:74.0 | LOCATION:FLORIDA | Redesigned:JACK NICKLAUS | DRAINAGE:GOOD | RAIN:NO,3.75,3.9167,3.9167,80.0,67.0,1.0|4.0|6.0|4.0|1.0|3.0|1.0|6.0,79.0|71.0|67.0|71.0|77.0|74.0|73.0|71.0,7.0|1.0|1.0|3.0|2.0|3.0|2.0|3.0,9.0|11.0|11.0|11.0|13.0|11.0|15.0|8.0,3.234|11.844|9.688|8.61|7.532|8.61|7.994|11.004,10.008|9.0|7.992|10.008|7.002|12.996|14.004|12.996,50.0
"Li, Haotong",Black Desert Resort,Bank of Utah Championship,3.8333,70.4583,3.1667,10.625,54.1917,70.1417,24,10,24,DESIGNER:TOM FAZIO | STYLE:PARKLAND | GREENS:BERMUDA | GREENS (2):TIFEAGLE | FAIRWAYS:BERMUDA | LENGTH:NORMAL | PAR:71.0 | SCORING:HARD | WEATHER:FAIR | TYPE:FULL | FAIRWAY WIDTH:SMALL | GREEN WIDTH:SMALL | GREEN SPEEDS:12.0 | GREEN SPEEDS.1:NORMAL | ROUGH LENGTH:THICK | WATER HAZARDS:8.0 | ROUGH AMOUNT:NORMAL | BUNKERS:74.0 | LOCATION:FLORIDA | Redesigned:JACK NICKLAUS | DRAINAGE:GOOD | RAIN:NO,3.3,3.375,3.4583,63.0,92.0,5.0|4.0|6.0|3.0|4.0|4.0|2.0|7.0,67.0|68.0|65.0|69.0|70.0|76.0|75.0|66.0,1.0|1.0|0.0|1.0|2.0|4.0|2.0|1.0,12.0|13.0|12.0|14.0|12.0|8.0|13.0|10.0,4.998|9.996|9.002|9.002,10.008|10.008|12.006|12.006,75.0
"Nyholm, Pontus",Black Desert Resort,Bank of Utah Championship,4.2917,69.625,2.5833,10.75,61.0208,66.9042,24,7,24,DESIGNER:TOM FAZIO | STYLE:PARKLAND | GREENS:BERMUDA | GREENS (2):TIFEAGLE | FAIRWAYS:BERMUDA | LENGTH:NORMAL | PAR:71.0 | SCORING:HARD | WEATHER:FAIR | TYPE:FULL | FAIRWAY WIDTH:SMALL | GREEN WIDTH:SMALL | GREEN SPEEDS:12.0 | GREEN SPEEDS.1:NORMAL | ROUGH LENGTH:THICK | WATER HAZARDS:8.0 | ROUGH AMOUNT:NORMAL | BUNKERS:74.0 | LOCATION:FLORIDA | Redesigned:JACK NICKLAUS | DRAINAGE:GOOD | RAIN:NO,4.75,3.625,3.9091,22.0,60.0,4.0|5.0|5.0|5.0|2.0|0.0|3.0|1.0,73.0|69.0|71.0|70.0|71.0|74.0|75.0|74.0,3.0|2.0|4.0|3.0|2.0|3.0|4.0|3.0,10.0|11.0|9.0|10.0|14.0|15.0|10.0|14.0,11.998|13.006|11.004|11.004|9.688|7.532,10.998|12.996|12.006|12.006|10.998|9.0,37.5
"Pavon, Matthieu",Black Desert Resort,Bank of Utah Championship,3.7727,69.7273,2.5455,11.4091,67.2545,72.7318,24,10,24,DESIGNER:TOM FAZIO | STYLE:PARKLAND | GREENS:BERMUDA | GREENS (2):TIFEAGLE | FAIRWAYS:BERMUDA | LENGTH:NORMAL | PAR:71.0 | SCORING:HARD | WEATHER:FAIR | TYPE:FULL | FAIRWAY WIDTH:SMALL | GREEN WIDTH:SMALL | GREEN SPEEDS:12.0 | GREEN SPEEDS.1:NORMAL | ROUGH LENGTH:THICK | WATER HAZARDS:8.0 | ROUGH AMOUNT:NORMAL | BUNKERS:74.0 | LOCATION:FLORIDA | Redesigned:JACK NICKLAUS | DRAINAGE:GOOD | RAIN:NO,3.8125,3.9583,3.55,68.0,64.0,4.0|5.0|3.0|2.0|4.0|7.0|3.0|3.0,68.0|70.0|70.0|70.0|69.0|64.0|70.0|69.0,1.0|2.0|2.0|2.0|2.0|1.0|3.0|2.0,13.0|10.0|13.0|14.0|11.0|10.0|12.0|13.0,6.468|6.468|5.39|10.766|6.006|7.994|7.994|9.688,10.008|9.0|9.0|10.008|12.996|12.006|10.998|10.008,50.0
"Sargent, Gordon",Black Desert Resort,Bank of Utah Championship,4.2727,70.0455,2.8182,10.5909,62.6636,65.6682,24,9,24,DESIGNER:TOM FAZIO | STYLE:PARKLAND | GREENS:BERMUDA | GREENS (2):TIFEAGLE | FAIRWAYS:BERMUDA | LENGTH:NORMAL | PAR:71.0 | SCORING:HARD | WEATHER:FAIR | TYPE:FULL | FAIRWAY WIDTH:SMALL | GREEN WIDTH:SMALL | GREEN SPEEDS:12.0 | GREEN SPEEDS.1:NORMAL | ROUGH LENGTH:THICK | WATER HAZARDS:8.0 | ROUGH AMOUNT:NORMAL | BUNKERS:74.0 | LOCATION:FLORIDA | Redesigned:JACK NICKLAUS | DRAINAGE:GOOD | RAIN:NO,4.5,3.75,3.65,23.0,79.0,6.0|4.0|5.0|6.0|3.0|3.0|1.0|4.0,67.0|69.0|67.0|66.0|73.0|75.0|78.0|73.0,1.0|2.0|0.0|0.0|5.0|5.0|9.0|5.0,11.0|12.0|13.0|12.0|10.0|9.0|8.0|9.0,13.006|11.004|11.998|9.002|7.532|4.312|7.994|4.004,16.002|12.996|16.002|14.004|9.0|10.998|7.992|7.992,37.5
"Johnson, Zach J.",Black Desert Resort,Bank of Utah Championship,,,,,,,0,0,24,DESIGNER:TOM FAZIO | STYLE:PARKLAND | GREENS:BERMUDA | GREENS (2):TIFEAGLE | FAIRWAYS:BERMUDA | LENGTH:NORMAL | PAR:71.0 | SCORING:HARD | WEATHER:FAIR | TYPE:FULL | FAIRWAY WIDTH:SMALL | GREEN WIDTH:SMALL | GREEN SPEEDS:12.0 | GREEN SPEEDS.1:NORMAL | ROUGH LENGTH:THICK | WATER HAZARDS:8.0 | ROUGH AMOUNT:NORMAL | BUNKERS:74.0 | LOCATION:FLORIDA | Redesigned:JACK NICKLAUS | DRAINAGE:GOOD | RAIN:NO,,,,,,,,,,,,
"Dunlap, Nick",Black Desert Resort,Bank of Utah Championship,3.6667,70.5,2.4583,11.375,58.3333,65.7458,24,8,24,DESIGNER:TOM FAZIO | STYLE:PARKLAND | GREENS:BERMUDA | GREENS (2):TIFEAGLE | FAIRWAYS:BERMUDA | LENGTH:NORMAL | PAR:71.0 | SCORING:HARD | WEATHER:FAIR | TYPE:FULL | FAIRWAY WIDTH:SMALL | GREEN WIDTH:SMALL | GREEN SPEEDS:12.0 | GREEN SPEEDS.1:NORMAL | ROUGH LENGTH:THICK | WATER HAZARDS:8.0 | ROUGH AMOUNT:NORMAL | BUNKERS:74.0 | LOCATION:FLORIDA | Redesigned:JACK NICKLAUS | DRAINAGE:GOOD | RAIN:NO,4.0,2.9167,3.15,78.0,93.0,4.0|7.0|3.0|6.0|2.0|2.0|3.0|3.0,69.0|67.0|72.0|67.0|72.0|74.0|71.0|71.0,1.0|2.0|3.0|1.0|3.0|5.0|1.0|4.0,13.0|9.0|12.0|11.0|13.0|11.0|13.0|11.0,9.002|9.996|11.004|11.998|7.532|6.468|9.002|6.006,14.994|14.004|14.004|12.996|9.0|7.992|10.998|10.998,37.5
"Lingmerth, David",Black Desert Resort,Bank of Utah Championship,2.8333,72.1667,3.375,11.3333,64.2,56.0208,24,10,24,DESIGNER:TOM FAZIO | STYLE:PARKLAND | GREENS:BERMUDA | GREENS (2):TIFEAGLE | FAIRWAYS:BERMUDA | LENGTH:NORMAL | PAR:71.0 | SCORING:HARD | WEATHER:FAIR | TYPE:FULL | FAIRWAY WIDTH:SMALL | GREEN WIDTH:SMALL | GREEN SPEEDS:12.0 | GREEN SPEEDS.1:NORMAL | ROUGH LENGTH:THICK | WATER HAZARDS:8.0 | ROUGH AMOUNT:NORMAL | BUNKERS:74.0 | LOCATION:FLORIDA | Redesigned:JACK NICKLAUS | DRAINAGE:GOOD | RAIN:NO,3.2917,2.875,3.3636,111.0,112.0,1.0|4.0|4.0|2.0|4.0|4.0|5.0|2.0,75.0|69.0|68.0|72.0|67.0|68.0|68.0|69.0,3.0|2.0|1.0|3.0|1.0|2.0|3.0|1.0,13.0|12.0|13.0|13.0|13.0|12.0|10.0|15.0,8.61|7.532|10.766|9.688|9.002|11.004|9.002|9.996,10.998|10.998|14.004|9.0|12.006|14.004|12.006|14.994,62.5
"Potgieter, Aldrich",Black Desert Resort,Bank of Utah Championship,3.75,70.625,2.7917,10.75,48.7333,63.4375,24,9,24,DESIGNER:TOM FAZIO | STYLE:PARKLAND | GREENS:BERMUDA | GREENS (2):TIFEAGLE | FAIRWAYS:BERMUDA | LENGTH:NORMAL | PAR:71.0 | SCORING:HARD | WEATHER:FAIR | TYPE:FULL | FAIRWAY WIDTH:SMALL | GREEN WIDTH:SMALL | GREEN SPEEDS:12.0 | GREEN SPEEDS.1:NORMAL | ROUGH LENGTH:THICK | WATER HAZARDS:8.0 | ROUGH AMOUNT:NORMAL | BUNKERS:74.0 | LOCATION:FLORIDA | Redesigned:JACK NICKLAUS | DRAINAGE:GOOD | RAIN:NO,4.6,4.0,3.375,73.0,97.0,5.0|2.0|4.0|3.0|2.0|3.0|4.0|4.0,69.0|77.0|71.0|74.0|75.0|74.0|73.0|73.0,2.0|3.0|3.0|2.0|4.0|5.0|6.0|3.0,11.0|12.0|11.0|12.0|11.0|10.0|8.0|10.0,7.532|9.996|7.532|9.002|9.002,7.992|10.008|10.008|10.998|12.996,50.0
"VanDerLaan, John",Black Desert Resort,Bank of Utah Championship,3.5,70.125,2.4167,11.8333,66.6667,71.3,24,9,24,DESIGNER:TOM FAZIO | STYLE:PARKLAND | GREENS:BERMUDA | GREENS (2):TIFEAGLE | FAIRWAYS:BERMUDA | LENGTH:NORMAL | PAR:71.0 | SCORING:HARD | WEATHER:FAIR | TYPE:FULL | FAIRWAY WIDTH:SMALL | GREEN WIDTH:SMALL | GREEN SPEEDS:12.0 | GREEN SPEEDS.1:NORMAL | ROUGH LENGTH:THICK | WATER HAZARDS:8.0 | ROUGH AMOUNT:NORMAL | BUNKERS:74.0 | LOCATION:FLORIDA | Redesigned:JACK NICKLAUS | DRAINAGE:GOOD | RAIN:NO,4.1667,3.0,3.4,90.0,82.0,4.0|8.0|5.0|2.0|4.0|6.0|2.0|4.0,71.0|65.0|68.0|73.0|71.0|70.0|74.0|69.0,3.0|1.0|1.0|3.0|4.0|1.0|5.0|2.0,11.0|9.0|12.0|13.0|10.0|9.0|11.0|12.0,11.998|13.006|14.0|11.004|11.844|7.532|5.39|7.532,12.006|12.006|12.996|14.004|14.004|10.998|10.008|10.998,75.0
"Campos, Rafael",Black Desert Resort,Bank of Utah Championship,3.4583,70.0417,2.5417,11.8333,59.8125,70.85,24,9,24,DESIGNER:TOM FAZIO | STYLE:PARKLAND | GREENS:BERMUDA | GREENS (2):TIFEAGLE | FAIRWAYS:BERMUDA | LENGTH:NORMAL | PAR:71.0 | SCORING:HARD | WEATHER:FAIR | TYPE:FULL | FAIRWAY WIDTH:SMALL | GREEN WIDTH:SMALL | GREEN SPEEDS:12.0 | GREEN SPEEDS.1:NORMAL | ROUGH LENGTH:THICK | WATER HAZARDS:8.0 | ROUGH AMOUNT:NORMAL | BUNKERS:74.0 | LOCATION:FLORIDA | Redesigned:JACK NICKLAUS | DRAINAGE:GOOD | RAIN:NO,3.4583,3.25,3.2083,96.0,77.0,3.0|3.0|1.0|3.0|3.0|2.0|8.0|3.0,69.0|73.0|77.0|73.0|71.0|75.0|65.0|72.0,0.0|2.0|5.0|5.0|2.0|3.0|2.0|3.0,15.0|12.0|11.0|10.0|13.0|12.0|8.0|12.0,11.004|9.996|8.61|8.61|11.004|9.996|11.004|9.002,12.006|10.998|9.0|9.0|12.996|10.998|16.992|7.992,12.5
"Stanger, Jimmy",Black Desert Resort,Bank of Utah Championship,4.1667,70.3333,3.1667,10.25,61.0042,65.9875,24,11,24,DESIGNER:TOM FAZIO | STYLE:PARKLAND | GREENS:BERMUDA | GREENS (2):TIFEAGLE | FAIRWAYS:BERMUDA | LENGTH:NORMAL | PAR:71.0 | SCORING:HARD | WEATHER:FAIR | TYPE:FULL | FAIRWAY WIDTH:SMALL | GREEN WIDTH:SMALL | GREEN SPEEDS:12.0 | GREEN SPEEDS.1:NORMAL | ROUGH LENGTH:THICK | WATER HAZARDS:8.0 | ROUGH AMOUNT:NORMAL | BUNKERS:74.0 | LOCATION:FLORIDA | Redesigned:JACK NICKLAUS | DRAINAGE:GOOD | RAIN:NO,4.3,3.9583,3.2083,34.0,86.0,2.0|6.0|4.0|3.0|3.0|3.0|4.0|4.0,75.0|73.0|70.0|70.0|71.0|71.0|71.0|71.0,5.0|4.0|3.0|0.0|1.0|3.0|3.0|3.0,11.0|7.0|11.0|14.0|13.0|12.0|11.0|11.0,11.004|11.004|11.844|5.39|7.532|8.61|5.39|7.532,10.008|12.006|12.006|9.0|7.992|10.998|5.994|12.996,12.5
"Blanchet, Chandler",Black Desert Resort,Bank of Utah Championship,3.9167,70.0417,2.5,11.0833,72.625,71.2958,24,8,24,DESIGNER:TOM FAZIO | STYLE:PARKLAND | GREENS:BERMUDA | GREENS (2):TIFEAGLE | FAIRWAYS:BERMUDA | LENGTH:NORMAL | PAR:71.0 | SCORING:HARD | WEATHER:FAIR | TYPE:FULL | FAIRWAY WIDTH:SMALL | GREEN WIDTH:SMALL | GREEN SPEEDS:12.0 | GREEN SPEEDS.1:NORMAL | ROUGH LENGTH:THICK | WATER HAZARDS:8.0 | ROUGH AMOUNT:NORMAL | BUNKERS:74.0 | LOCATION:FLORIDA | Redesigned:JACK NICKLAUS | DRAINAGE:GOOD | RAIN:NO,3.0,3.7917,3.5,55.0,78.0,2.0|4.0|2.0|3.0|6.0|4.0|7.0|4.0,73.0|70.0|72.0|73.0|66.0|69.0|66.0|68.0,3.0|0.0|3.0|4.0|1.0|2.0|1.0|0.0,13.0|13.0|13.0|10.0|11.0|12.0|10.0|14.0,11.004|11.998|9.688|9.688|7.532|7.532|9.996|11.004,7.992|14.994|10.008|10.008|12.996|12.006|14.004|10.008,62.5
"Rozo, Marcelo",Black Desert Resort,Bank of Utah Championship,3.4583,71.0,3.4167,10.8333,75.5958,68.2917,24,11,24,DESIGNER:TOM FAZIO | STYLE:PARKLAND | GREENS:BERMUDA | GREENS (2):TIFEAGLE | FAIRWAYS:BERMUDA | LENGTH:NORMAL | PAR:71.0 | SCORING:HARD | WEATHER:FAIR | TYPE:FULL | FAIRWAY WIDTH:SMALL | GREEN WIDTH:SMALL | GREEN SPEEDS:12.0 | GREEN SPEEDS.1:NORMAL | ROUGH LENGTH:THICK | WATER HAZARDS:8.0 | ROUGH AMOUNT:NORMAL | BUNKERS:74.0 | LOCATION:FLORIDA | Redesigned:JACK NICKLAUS | DRAINAGE:GOOD | RAIN:NO,3.1667,2.85,3.375,95.0,102.0,2.0|6.0|3.0|2.0|5.0|5.0|4.0|2.0,74.0|69.0|72.0|73.0|68.0|72.0|75.0|77.0,2.0|3.0|4.0|4.0|1.0|5.0|7.0|7.0,13.0|9.0|11.0|12.0|12.0|8.0|7.0|9.0,9.996|14.0|7.532|3.234,10.008|12.006|12.006|9.0,50.0
"Tosti, Alejandro",Black Desert Resort,Bank of Utah Championship,3.9167,70.7917,2.8333,10.625,60.7083,64.35,24,9,24,DESIGNER:TOM FAZIO | STYLE:PARKLAND | GREENS:BERMUDA | GREENS (2):TIFEAGLE | FAIRWAYS:BERMUDA | LENGTH:NORMAL | PAR:71.0 | SCORING:HARD | WEATHER:FAIR | TYPE:FULL | FAIRWAY WIDTH:SMALL | GREEN WIDTH:SMALL | GREEN SPEEDS:12.0 | GREEN SPEEDS.1:NORMAL | ROUGH LENGTH:THICK | WATER HAZARDS:8.0 | ROUGH AMOUNT:NORMAL | BUNKERS:74.0 | LOCATION:FLORIDA | Redesigned:JACK NICKLAUS | DRAINAGE:GOOD | RAIN:NO,4.4444,3.6667,3.3333,54.0,101.0,5.0|5.0|3.0|5.0|5.0|3.0|5.0|0.0,72.0|70.0|70.0|71.0|69.0|74.0|68.0|71.0,5.0|0.0|1.0|2.0|3.0|6.0|2.0|0.0,8.0|12.0|14.0|10.0|10.0|9.0|11.0|18.0,9.996|11.998|11.004|7.994|7.532|6.468|10.766|6.468,12.006|12.006|14.994|9.0|10.008|7.992|10.008|10.998,62.5
"Pan, C.T.",Black Desert Resort,Bank of Utah Championship,4.0833,69.5417,2.2917,11.3333,68.3583,72.925,24,7,24,DESIGNER:TOM FAZIO | STYLE:PARKLAND | GREENS:BERMUDA | GREENS (2):TIFEAGLE | FAIRWAYS:BERMUDA | LENGTH:NORMAL | PAR:71.0 | SCORING:HARD | WEATHER:FAIR | TYPE:FULL | FAIRWAY WIDTH:SMALL | GREEN WIDTH:SMALL | GREEN SPEEDS:12.0 | GREEN SPEEDS.1:NORMAL | ROUGH LENGTH:THICK | WATER HAZARDS:8.0 | ROUGH AMOUNT:NORMAL | BUNKERS:74.0 | LOCATION:FLORIDA | Redesigned:JACK NICKLAUS | DRAINAGE:GOOD | RAIN:NO,4.0417,3.9167,3.4167,41.0,54.0,2.0|4.0|2.0|3.0|4.0|4.0|1.0|5.0,72.0|71.0|74.0|77.0|71.0|70.0|74.0|69.0,2.0|0.0|4.0|4.0|3.0|2.0|2.0|3.0,14.0|13.0|12.0|9.0|11.0|12.0|14.0|10.0,4.004|6.006|4.998|2.996|8.61|10.766|9.688|7.532,7.992|12.006|12.006|14.004|12.006|10.998|10.998|10.998,12.5
"Hirata, Kensei",Black Desert Resort,Bank of Utah Championship,3.375,70.375,2.8333,11.5,70.525,66.8917,24,9,24,DESIGNER:TOM FAZIO | STYLE:PARKLAND | GREENS:BERMUDA | GREENS (2):TIFEAGLE | FAIRWAYS:BERMUDA | LENGTH:NORMAL | PAR:71.0 | SCORING:HARD | WEATHER:FAIR | TYPE:FULL | FAIRWAY WIDTH:SMALL | GREEN WIDTH:SMALL | GREEN SPEEDS:12.0 | GREEN SPEEDS.1:NORMAL | ROUGH LENGTH:THICK | WATER HAZARDS:8.0 | ROUGH AMOUNT:NORMAL | BUNKERS:74.0 | LOCATION:FLORIDA | Redesigned:JACK NICKLAUS | DRAINAGE:GOOD | RAIN:NO,2.5,2.9545,3.2273,102.0,89.0,2.0|3.0|2.0|0.0|5.0|3.0|5.0|6.0,74.0|72.0|70.0|74.0|69.0|71.0|74.0|69.0,2.0|3.0|1.0|3.0|1.0|1.0|5.0|3.0,13.0|12.0|15.0|15.0|11.0|13.0|7.0|9.0,11.998|9.996|12.922|6.468|10.766|7.532,12.006|14.004|10.008|5.994|12.006|7.992,37.5
"Walker, Danny",Black Desert Resort,Bank of Utah Championship,3.7917,70.6667,2.7083,10.875,58.3292,63.425,24,10,24,DESIGNER:TOM FAZIO | STYLE:PARKLAND | GREENS:BERMUDA | GREENS (2):TIFEAGLE | FAIRWAYS:BERMUDA | LENGTH:NORMAL | PAR:71.0 | SCORING:HARD | WEATHER:FAIR | TYPE:FULL | FAIRWAY WIDTH:SMALL | GREEN WIDTH:SMALL | GREEN SPEEDS:12.0 | GREEN SPEEDS.1:NORMAL | ROUGH LENGTH:THICK | WATER HAZARDS:8.0 | ROUGH AMOUNT:NORMAL | BUNKERS:74.0 | LOCATION:FLORIDA | Redesigned:JACK NICKLAUS | DRAINAGE:GOOD | RAIN:NO,3.9,3.8333,3.7917,65.0,99.0,3.0|4.0|5.0|4.0|7.0|2.0|3.0|1.0,72.0|76.0|70.0|72.0|64.0|74.0|74.0|76.0,3.0|3.0|5.0|5.0|0.0|5.0|3.0|2.0,12.0|9.0|8.0|9.0|11.0|11.0|11.0|14.0,13.006|6.006|3.234|7.532|11.844|5.39|7.994|9.996,12.006|9.0|10.008|10.998|10.998|9.0|10.998|9.0,50.0
"Lamprecht, Christo",Black Desert Resort,Bank of Utah Championship,3.3333,71.7083,3.3333,10.75,52.9792,59.9625,24,10,24,DESIGNER:TOM FAZIO | STYLE:PARKLAND | GREENS:BERMUDA | GREENS (2):TIFEAGLE | FAIRWAYS:BERMUDA | LENGTH:NORMAL | PAR:71.0 | SCORING:HARD | WEATHER:FAIR | TYPE:FULL | FAIRWAY WIDTH:SMALL | GREEN WIDTH:SMALL | GREEN SPEEDS:12.0 | GREEN SPEEDS.1:NORMAL | ROUGH LENGTH:THICK | WATER HAZARDS:8.0 | ROUGH AMOUNT:NORMAL | BUNKERS:74.0 | LOCATION:FLORIDA | Redesigned:JACK NICKLAUS | DRAINAGE:GOOD | RAIN:NO,2.0,3.75,3.6667,103.0,110.0,1.0|4.0|4.0|7.0|5.0|3.0,81.0|72.0|71.0|68.0|69.0|73.0,3.0|4.0|3.0|3.0|3.0|4.0,11.0|10.0|11.0|8.0|10.0|11.0,11.004|7.994,7.992|12.996,66.7
