player_name,stat_type,prizepicks_line,underdog_line,average_line,higher_price_ud,lower_price_ud,headshot,date,updated_at
Adam Scott,Birdies Or Better,,4.5,4.5,+140,-173,https://assets.underdogfantasy.com/player-images/pga/20260218_23-45be1496-ea36-4c0c-8573-4a457ab70573.png,8/30/2026,2026-10-02T23:43:12.256686Z
Adam Scott,Bogeys or Worse,,2.5,2.5,+100,-122,https://assets.underdogfantasy.com/player-images/pga/20260218_23-45be1496-ea36-4c0c-8573-4a457ab70573.png,8/30/2026,2026-10-02T23:43:12.256732Z
Adam Scott,Fairways Hit,,8.5,8.5,+129,-159,https://assets.underdogfantasy.com/player-images/pga/20260218_23-45be1496-ea36-4c0c-8573-4a457ab70573.png,8/30/2026,2026-10-02T23:43:12.256717Z
Adam Scott,Greens In Regulation,,12.5,12.5,+108,-132,https://assets.underdogfantasy.com/player-images/pga/20260218_23-45be1496-ea36-4c0c-8573-4a457ab70573.png,8/30/2026,2026-10-02T23:43:12.256701Z
Adam Scott,Round Strokes,,68.5,68.5,-112,-112,https://assets.underdogfantasy.com/player-images/pga/20260218_23-45be1496-ea36-4c0c-8573-4a457ab70573.png,8/30/2026,2026-10-02T23:43:12.256637Z
Adam Scott,Tourney Finishing Position,,5.5,5.5,,-110,https://assets.underdogfantasy.com/player-images/pga/20260218_23-45be1496-ea36-4c0c-8573-4a457ab70573.png,8/30/2026,2026-10-02T23:43:12.256669Z
Adrian Meronk,Birdies Or Better,5,,5,,,https://imgur.com/VmdpMey.png,2026-10-02,2026-10-02T23:43:12.255828Z
Adrian Meronk,Strokes,69.5,,69.5,,,https://imgur.com/VmdpMey.png,2026-10-02,2026-10-02T23:43:12.255841Z
Alejandro Tosti,Hole 18 Shots,4.5,,4.5,,,https://static.prizepicks.com/images/players/PGA/Alejandro_Tosti_GOLF_player_9VZNuZMSxC0UKm35GNZ1nM5-450.webp,2026-10-02,2026-10-02T23:43:12.255536Z
Alex Fitzpatrick,Strokes,69,,69,,,https://static.prizepicks.com/images/players/golf/Alex_Fitzpatrick_6ab24c00-f3b4-4499-850c-34286fae316c.webp,2026-10-02,2026-10-02T23:43:12.255881Z
Alex Noren,Strokes,69,,69,,,https://static.prizepicks.com/images/players/golf/Alexander_Noren_88bc83d5-45d0-4be3-9dd1-1af5282a718e.webp,2026-10-02,2026-10-02T23:43:12.255720Z
Andreas Halvorsen,Strokes,69.5,,69.5,,,https://static.prizepicks.com/images/manual/AndrewsHaverlson.webp,2026-10-02,2026-10-02T23:43:12.256128Z
Andrew Putnam,Hole 18 Shots,4.5,,4.5,,,https://static.prizepicks.com/images/players/PGA/Andrew_Putnam_GOLF_player_6ncw7LXNrK80x731gchHTRkL-450.webp,2026-10-02,2026-10-02T23:43:12.255433Z
Brooks Koepka,Birdies Or Better,5,,5,,,https://static.prizepicks.com/images/players/golf/Brooks_Koepka_f555d8b6-f0af-4cce-aa5b-de981d89bc69.webp,2026-10-02,2026-10-02T23:43:12.255694Z
Brooks Koepka,Strokes,69,,69,,,https://static.prizepicks.com/images/players/golf/Brooks_Koepka_f555d8b6-f0af-4cce-aa5b-de981d89bc69.webp,2026-10-02,2026-10-02T23:43:12.255707Z
Calum Hill,Strokes,68.5,,68.5,,,https://static.prizepicks.com/images/manual/CallumHill.webp,2026-10-02,2026-10-02T23:43:12.255800Z
Cameron Smith,Birdies Or Better,5,,5,,,"https://pga-tour-res.cloudinary.com/image/upload/c_fill,d_headshots_default.png,f_auto,g_face:center,h_350,q_auto,w_280/headshots_35891.png",2026-10-02,2026-10-02T23:43:12.255736Z
Cameron Smith,Strokes,69.5,,69.5,,,"https://pga-tour-res.cloudinary.com/image/upload/c_fill,d_headshots_default.png,f_auto,g_face:center,h_350,q_auto,w_280/headshots_35891.png",2026-10-02,2026-10-02T23:43:12.255771Z
Cameron Young,Birdies Or Better,,4.5,4.5,+108,-134,https://assets.underdogfantasy.com/player-images/pga/20250926_02-9fbf091c-5e4b-42a4-93d7-92a6785a618d.png,8/30/2026,2026-10-02T23:43:12.257076Z
Cameron Young,Bogeys or Worse,,2.5,2.5,+133,-164,https://assets.underdogfantasy.com/player-images/pga/20250926_02-9fbf091c-5e4b-42a4-93d7-92a6785a618d.png,8/30/2026,2026-10-02T23:43:12.257184Z
Cameron Young,Fairways Hit,,8.5,8.5,+103,-125,https://assets.underdogfantasy.com/player-images/pga/20250926_02-9fbf091c-5e4b-42a4-93d7-92a6785a618d.png,8/30/2026,2026-10-02T23:43:12.257154Z
Cameron Young,Greens In Regulation,,12.5,12.5,-113,-109,https://assets.underdogfantasy.com/player-images/pga/20250926_02-9fbf091c-5e4b-42a4-93d7-92a6785a618d.png,8/30/2026,2026-10-02T23:43:12.257108Z
Cameron Young,Round Strokes,,67.5,67.5,-148,+121,https://assets.underdogfantasy.com/player-images/pga/20250926_02-9fbf091c-5e4b-42a4-93d7-92a6785a618d.png,8/30/2026,2026-10-02T23:43:12.256956Z
Cameron Young,Tourney Finishing Position,,5.5,5.5,,+195,https://assets.underdogfantasy.com/player-images/pga/20250926_02-9fbf091c-5e4b-42a4-93d7-92a6785a618d.png,8/30/2026,2026-10-02T23:43:12.256988Z
Casey Jarvis,Birdies Or Better,4.5,,4.5,,,https://static.prizepicks.com/images/manual/CaseyJarvis.png,2026-10-02,2026-10-02T23:43:12.255964Z
Casey Jarvis,Strokes,69.5,,69.5,,,https://static.prizepicks.com/images/manual/CaseyJarvis.png,2026-10-02,2026-10-02T23:43:12.255977Z
Chris Gotterup,Birdies Or Better,,4.5,4.5,-120,-103,https://assets.underdogfantasy.com/player-images/pga/20260218_23-9ab689b1-c681-45db-8a63-9cd628433f00.png,8/30/2026,2026-10-02T23:43:12.257036Z
Chris Gotterup,Bogeys or Worse,,2.5,2.5,+127,-157,https://assets.underdogfantasy.com/player-images/pga/20260218_23-9ab689b1-c681-45db-8a63-9cd628433f00.png,8/30/2026,2026-10-02T23:43:12.257200Z
Chris Gotterup,Fairways Hit,,7.5,7.5,-132,+108,https://assets.underdogfantasy.com/player-images/pga/20260218_23-9ab689b1-c681-45db-8a63-9cd628433f00.png,8/30/2026,2026-10-02T23:43:12.257139Z
Chris Gotterup,Greens In Regulation,,12.5,12.5,+110,-134,https://assets.underdogfantasy.com/player-images/pga/20260218_23-9ab689b1-c681-45db-8a63-9cd628433f00.png,8/30/2026,2026-10-02T23:43:12.257092Z
Chris Gotterup,Round Strokes,,67.5,67.5,-136,+111,https://assets.underdogfantasy.com/player-images/pga/20260218_23-9ab689b1-c681-45db-8a63-9cd628433f00.png,8/30/2026,2026-10-02T23:43:12.256940Z
Chris Gotterup,Tourney Finishing Position,,5.5,5.5,,-154,https://assets.underdogfantasy.com/player-images/pga/20260218_23-9ab689b1-c681-45db-8a63-9cd628433f00.png,8/30/2026,2026-10-02T23:43:12.257005Z
Daniel Hillier,Birdies Or Better,5,,5,,,https://static.prizepicks.com/images/manual/Daniel_Hillier.png,2026-10-02,2026-10-02T23:43:12.255553Z
Daniel Hillier,Strokes,69.5,,69.5,,,https://static.prizepicks.com/images/manual/Daniel_Hillier.png,2026-10-02,2026-10-02T23:43:12.255585Z
Dean Burmester,Birdies Or Better,5.5,,5.5,,,https://static.prizepicks.com/images/manual/DeanBurmester.png,2026-10-02,2026-10-02T23:43:12.256033Z
Dean Burmester,Strokes,68.5,,68.5,,,https://static.prizepicks.com/images/manual/DeanBurmester.png,2026-10-02,2026-10-02T23:43:12.256046Z
Ivan Cantero Gutierrez,Strokes,70,,70,,,https://static.prizepicks.com/images/manual/IvanCG.webp,2026-10-02,2026-10-02T23:43:12.255815Z
Jacob Skov Olesen,Strokes,68.5,,68.5,,,https://static.prizepicks.com/images/manual/JacobSKovOlsen.png,2026-10-02,2026-10-02T23:43:12.255642Z
Joel Dahmen,Hole 18 Shots,4.5,,4.5,,,https://static.prizepicks.com/images/players/PGA/Joel_Dahmen_GOLF_player_qZv48Md4zA1IguLWLfWz7rR-450.webp,2026-10-02,2026-10-02T23:43:12.255488Z
Justin Rose,Birdies Or Better,5,,5,,,https://static.prizepicks.com/images/players/golf/Justin_Rose_c11235f6-0f62-4afb-93e7-952dc0554649.webp	,2026-10-02,2026-10-02T23:43:12.255855Z
Justin Rose,Strokes,69,,69,,,https://static.prizepicks.com/images/players/golf/Justin_Rose_c11235f6-0f62-4afb-93e7-952dc0554649.webp	,2026-10-02,2026-10-02T23:43:12.255868Z
Ludvig Åberg,Birdies Or Better,,4.5,4.5,+112,-137,https://assets.underdogfantasy.com/player-images/pga/20260515_15-4fff3b28-5c2e-4ec3-91d1-696f42638cf4.png,8/30/2026,2026-10-02T23:43:12.256572Z
Ludvig Åberg,Bogeys or Worse,,2.5,2.5,+134,-164,https://assets.underdogfantasy.com/player-images/pga/20260515_15-4fff3b28-5c2e-4ec3-91d1-696f42638cf4.png,8/30/2026,2026-10-02T23:43:12.256621Z
Ludvig Åberg,Fairways Hit,,8.5,8.5,-108,-114,https://assets.underdogfantasy.com/player-images/pga/20260515_15-4fff3b28-5c2e-4ec3-91d1-696f42638cf4.png,8/30/2026,2026-10-02T23:43:12.256605Z
Ludvig Åberg,Greens In Regulation,,12.5,12.5,-130,+106,https://assets.underdogfantasy.com/player-images/pga/20260515_15-4fff3b28-5c2e-4ec3-91d1-696f42638cf4.png,8/30/2026,2026-10-02T23:43:12.256589Z
Ludvig Åberg,Round Strokes,,67.5,67.5,-115,-107,https://assets.underdogfantasy.com/player-images/pga/20260515_15-4fff3b28-5c2e-4ec3-91d1-696f42638cf4.png,8/30/2026,2026-10-02T23:43:12.256538Z
Ludvig Åberg,Tourney Finishing Position,,5.5,5.5,,-173,https://assets.underdogfantasy.com/player-images/pga/20260515_15-4fff3b28-5c2e-4ec3-91d1-696f42638cf4.png,8/30/2026,2026-10-02T23:43:12.256556Z
Mac Meissner,Hole 18 Shots,4.5,,4.5,,,https://static.prizepicks.com/images/players/golf/Mac_Meissner_29f689c9-9a88-4e51-8d7b-e445ddc7d04b.webp,2026-10-02,2026-10-02T23:43:12.255320Z
Marc Leishman,Strokes,70,,70,,,"https://pga-tour-res.cloudinary.com/image/upload/c_fill,d_headshots_default.png,f_auto,g_face:center,h_350,q_auto,w_280/headshots_26851.png",2026-10-02,2026-10-02T23:43:12.255992Z
Marcus Armitage,Birdies Or Better,5,,5,,,https://static.prizepicks.com/images/manual/MarcusArmitage.png,2026-10-02,2026-10-02T23:43:12.255923Z
Marcus Armitage,Strokes,69,,69,,,https://static.prizepicks.com/images/manual/MarcusArmitage.png,2026-10-02,2026-10-02T23:43:12.255949Z
Matt FItzpatrick,Birdies Or Better,5.5,,5.5,,,https://static.prizepicks.com/images/players/golf/Matthew_Fitzpatrick_04b52e10-1f50-4efb-9895-86b4107f78c4.webp	,2026-10-02,2026-10-02T23:43:12.255895Z
Matt FItzpatrick,Strokes,68.5,,68.5,,,https://static.prizepicks.com/images/players/golf/Matthew_Fitzpatrick_04b52e10-1f50-4efb-9895-86b4107f78c4.webp	,2026-10-02,2026-10-02T23:43:12.255909Z
Matthew Jordan,Birdies Or Better,5,,5,,,https://static.prizepicks.com/images/manual/Matthew_Jordan.png,2026-10-02,2026-10-02T23:43:12.255614Z
Matthew Jordan,Strokes,69,,69,,,https://static.prizepicks.com/images/manual/Matthew_Jordan.png,2026-10-02,2026-10-02T23:43:12.255628Z
Matthew McCarty,Hole 18 Shots,4.5,,4.5,,,https://static.prizepicks.com/images/players/PGA/Matthew_McCarty_GOLF_player_Sj5DVBZiMJkR84yCAPjRotjO-450.webp,2026-10-02,2026-10-02T23:43:12.255400Z
Min Woo Lee,Birdies Or Better,,4.5,4.5,+138,-170,https://assets.underdogfantasy.com/player-images/pga/20260218_23-b7519c68-a6b3-4d99-b772-5bc951357592.png,8/30/2026,2026-10-02T23:43:12.256875Z
Min Woo Lee,Bogeys or Worse,,2.5,2.5,+100,-122,https://assets.underdogfantasy.com/player-images/pga/20260218_23-b7519c68-a6b3-4d99-b772-5bc951357592.png,8/30/2026,2026-10-02T23:43:12.256924Z
Min Woo Lee,Fairways Hit,,8.5,8.5,+123,-152,https://assets.underdogfantasy.com/player-images/pga/20260218_23-b7519c68-a6b3-4d99-b772-5bc951357592.png,8/30/2026,2026-10-02T23:43:12.256908Z
Min Woo Lee,Greens In Regulation,,11.5,11.5,-134,+110,https://assets.underdogfantasy.com/player-images/pga/20260218_23-b7519c68-a6b3-4d99-b772-5bc951357592.png,8/30/2026,2026-10-02T23:43:12.256892Z
Min Woo Lee,Round Strokes,,68.5,68.5,-112,-112,https://assets.underdogfantasy.com/player-images/pga/20260218_23-b7519c68-a6b3-4d99-b772-5bc951357592.png,8/30/2026,2026-10-02T23:43:12.256841Z
Min Woo Lee,Tourney Finishing Position,,10.5,10.5,,+109,https://assets.underdogfantasy.com/player-images/pga/20260218_23-b7519c68-a6b3-4d99-b772-5bc951357592.png,8/30/2026,2026-10-02T23:43:12.256857Z
MJ Daffue,Birdies Or Better,4.5,,4.5,,,"https://pga-tour-res.cloudinary.com/image/upload/c_fill,d_headshots_default.png,dpr_1.5,f_auto,g_face:center,h_350,q_auto,w_280/headshots_39067.png",2026-10-02,2026-10-02T23:43:12.256006Z
MJ Daffue,Strokes,70.5,,70.5,,,"https://pga-tour-res.cloudinary.com/image/upload/c_fill,d_headshots_default.png,dpr_1.5,f_auto,g_face:center,h_350,q_auto,w_280/headshots_39067.png",2026-10-02,2026-10-02T23:43:12.256020Z
Neal Shipley,Hole 18 Shots,4.5,,4.5,,,https://static.prizepicks.com/images/players/PGA/Neal_Shipley_GOLF_player_YcfnZSHjDYcT349v08CINc26-450.webp,2026-10-02,2026-10-02T23:43:12.255380Z
Niklas Nørgaard Møller,Birdies Or Better,4.5,,4.5,,,https://static.prizepicks.com/images/manual/NiklasNorgaar.png,2026-10-02,2026-10-02T23:43:12.255756Z
Niklas Nørgaard Møller,Strokes,70,,70,,,https://static.prizepicks.com/images/manual/NiklasNorgaar.png,2026-10-02,2026-10-02T23:43:12.255787Z
Oliver Lindell,Strokes,69,,69,,,https://static.prizepicks.com/images/manual/OlliverLindell.png,2026-10-02,2026-10-02T23:43:12.255669Z
Patrick Fishburn,Hole 18 Shots,4.5,,4.5,,,https://static.prizepicks.com/images/players/PGA/Patrick_Fishburn_GOLF_player_V1sXj417Y3zghro0kwUC6aN-450.webp,2026-10-02,2026-10-02T23:43:12.255515Z
Rory McIlroy,Birdies Or Better,,4.5,4.5,-134,+108,https://assets.underdogfantasy.com/player-images/pga/20250926_03-da226913-b804-48de-adbf-96e956eb75ac.png,8/30/2026,2026-10-02T23:43:12.256370Z
Rory McIlroy,Bogeys or Worse,,2.5,2.5,+130,-159,https://assets.underdogfantasy.com/player-images/pga/20250926_03-da226913-b804-48de-adbf-96e956eb75ac.png,8/30/2026,2026-10-02T23:43:12.256418Z
Rory McIlroy,Fairways Hit,,7.5,7.5,-170,+138,https://assets.underdogfantasy.com/player-images/pga/20250926_03-da226913-b804-48de-adbf-96e956eb75ac.png,8/30/2026,2026-10-02T23:43:12.256402Z
Rory McIlroy,Greens In Regulation,,12.5,12.5,-122,+100,https://assets.underdogfantasy.com/player-images/pga/20250926_03-da226913-b804-48de-adbf-96e956eb75ac.png,8/30/2026,2026-10-02T23:43:12.256386Z
Rory McIlroy,Round Strokes,,67.5,67.5,+101,-124,https://assets.underdogfantasy.com/player-images/pga/20250926_03-da226913-b804-48de-adbf-96e956eb75ac.png,8/30/2026,2026-10-02T23:43:12.256337Z
Rory McIlroy,Tourney Finishing Position,,5.5,5.5,,+138,https://assets.underdogfantasy.com/player-images/pga/20250926_03-da226913-b804-48de-adbf-96e956eb75ac.png,8/30/2026,2026-10-02T23:43:12.256354Z
Russell Henley,Birdies Or Better,,4.5,4.5,+122,-150,https://assets.underdogfantasy.com/player-images/pga/20260218_23-d8a9ce2c-9bdf-4e54-b53e-58692a1f4d59.png,8/30/2026,2026-10-02T23:43:12.256779Z
Russell Henley,Bogeys or Worse,,2.5,2.5,+157,-197,https://assets.underdogfantasy.com/player-images/pga/20260218_23-d8a9ce2c-9bdf-4e54-b53e-58692a1f4d59.png,8/30/2026,2026-10-02T23:43:12.256825Z
Russell Henley,Fairways Hit,,10.5,10.5,+129,-159,https://assets.underdogfantasy.com/player-images/pga/20260218_23-d8a9ce2c-9bdf-4e54-b53e-58692a1f4d59.png,8/30/2026,2026-10-02T23:43:12.256810Z
Russell Henley,Greens In Regulation,,12.5,12.5,+114,-139,https://assets.underdogfantasy.com/player-images/pga/20260218_23-d8a9ce2c-9bdf-4e54-b53e-58692a1f4d59.png,8/30/2026,2026-10-02T23:43:12.256795Z
Russell Henley,Round Strokes,,67.5,67.5,-170,+139,https://assets.underdogfantasy.com/player-images/pga/20260218_23-d8a9ce2c-9bdf-4e54-b53e-58692a1f4d59.png,8/30/2026,2026-10-02T23:43:12.256747Z
Russell Henley,Tourney Finishing Position,,10.5,10.5,,-110,https://assets.underdogfantasy.com/player-images/pga/20260218_23-d8a9ce2c-9bdf-4e54-b53e-58692a1f4d59.png,8/30/2026,2026-10-02T23:43:12.256763Z
Ryan Gerard,Birdies Or Better,,4.5,4.5,+128,-159,https://assets.underdogfantasy.com/player-images/pga/20260218_23-6ff0d2f5-2a16-45fd-82a9-69c99a86261d.png,8/30/2026,2026-10-02T23:43:12.257052Z
Ryan Gerard,Bogeys or Worse,,2.5,2.5,-106,-117,https://assets.underdogfantasy.com/player-images/pga/20260218_23-6ff0d2f5-2a16-45fd-82a9-69c99a86261d.png,8/30/2026,2026-10-02T23:43:12.257218Z
Ryan Gerard,Fairways Hit,,8.5,8.5,-152,+123,https://assets.underdogfantasy.com/player-images/pga/20260218_23-6ff0d2f5-2a16-45fd-82a9-69c99a86261d.png,8/30/2026,2026-10-02T23:43:12.257169Z
Ryan Gerard,Greens In Regulation,,11.5,11.5,-157,+128,https://assets.underdogfantasy.com/player-images/pga/20260218_23-6ff0d2f5-2a16-45fd-82a9-69c99a86261d.png,8/30/2026,2026-10-02T23:43:12.257124Z
Ryan Gerard,Round Strokes,,68.5,68.5,+101,-124,https://assets.underdogfantasy.com/player-images/pga/20260218_23-6ff0d2f5-2a16-45fd-82a9-69c99a86261d.png,8/30/2026,2026-10-02T23:43:12.256972Z
Ryan Gerard,Tourney Finishing Position,,5.5,5.5,,-358,https://assets.underdogfantasy.com/player-images/pga/20260218_23-6ff0d2f5-2a16-45fd-82a9-69c99a86261d.png,8/30/2026,2026-10-02T23:43:12.257021Z
Sam Bairstow,Birdies Or Better,4.5,,4.5,,,https://static.prizepicks.com/images/manual/SamBairstow.png,2026-10-02,2026-10-02T23:43:12.255570Z
Sam Bairstow,Strokes,70,,70,,,https://static.prizepicks.com/images/manual/SamBairstow.png,2026-10-02,2026-10-02T23:43:12.255599Z
Scottie Scheffler,Birdies Or Better,,5.5,5.5,+128,-159,https://assets.underdogfantasy.com/player-images/pga/20260521_01-6db3e736-d86d-4181-aa3b-651b8c1bfdc1.png,8/30/2026,2026-10-02T23:43:12.256268Z
Scottie Scheffler,Bogeys or Worse,,1.5,1.5,-124,+101,https://assets.underdogfantasy.com/player-images/pga/20260521_01-6db3e736-d86d-4181-aa3b-651b8c1bfdc1.png,8/30/2026,2026-10-02T23:43:12.256320Z
Scottie Scheffler,Fairways Hit,,9.5,9.5,+131,-162,https://assets.underdogfantasy.com/player-images/pga/20260521_01-6db3e736-d86d-4181-aa3b-651b8c1bfdc1.png,8/30/2026,2026-10-02T23:43:12.256303Z
Scottie Scheffler,Greens In Regulation,,13.5,13.5,+111,-136,https://assets.underdogfantasy.com/player-images/pga/20260521_01-6db3e736-d86d-4181-aa3b-651b8c1bfdc1.png,8/30/2026,2026-10-02T23:43:12.256286Z
Scottie Scheffler,Round Strokes,,65.5,65.5,-170,+139,https://assets.underdogfantasy.com/player-images/pga/20260521_01-6db3e736-d86d-4181-aa3b-651b8c1bfdc1.png,8/30/2026,2026-10-02T23:43:12.256224Z
Scottie Scheffler,Tourney Finishing Position,,5.5,5.5,,-358,https://assets.underdogfantasy.com/player-images/pga/20260521_01-6db3e736-d86d-4181-aa3b-651b8c1bfdc1.png,8/30/2026,2026-10-02T23:43:12.256250Z
Sepp Straka,Birdies Or Better,4.5,,4.5,,,"https://pga-tour-res.cloudinary.com/image/upload/c_fill,d_headshots_default.png,f_auto,g_face:center,h_350,q_auto,w_280/headshots_49960.png",2026-10-02,2026-10-02T23:43:12.256075Z
Sepp Straka,Strokes,69.5,,69.5,,,"https://pga-tour-res.cloudinary.com/image/upload/c_fill,d_headshots_default.png,f_auto,g_face:center,h_350,q_auto,w_280/headshots_49960.png",2026-10-02,2026-10-02T23:43:12.256088Z
Thomas Detry,Strokes,69.5,,69.5,,,https://b.fssta.com/uploads/application/golf/headshots/8287.vresize.350.350.medium.71.png,2026-10-02,2026-10-02T23:43:12.255656Z
Tom Hoge,Hole 18 Shots,4.5,,4.5,,,https://static.prizepicks.com/images/players/PGA/Tom_Hoge_GOLF_player_lQkGFFWcs6J9K9TYgCj095zW-450.webp,2026-10-02,2026-10-02T23:43:12.255359Z
Tommy Fleetwood,Strokes,68.5,,68.5,,,https://static.prizepicks.com/images/players/golf/Tommy_Fleetwood_6577ec3d-9e78-4979-8f4c-01c465fa6b1d.webp,2026-10-02,2026-10-02T23:43:12.256060Z
Tyrrell Hatton,Birdies Or Better,5,,5,,,https://static.prizepicks.com/images/players/golf/Tyrrell_Hatton_ce5a1cd5-bf8c-4f0d-9903-844ec3aa7e10.webp,2026-10-02,2026-10-02T23:43:12.256102Z
Tyrrell Hatton,Strokes,69,,69,,,https://static.prizepicks.com/images/players/golf/Tyrrell_Hatton_ce5a1cd5-bf8c-4f0d-9903-844ec3aa7e10.webp,2026-10-02,2026-10-02T23:43:12.256115Z
Viktor Hovland,Birdies Or Better,,4.5,4.5,+124,-152,https://assets.underdogfantasy.com/player-images/pga/20250926_02-965d925a-5ecd-409c-beb7-a34ef1ca52f3.png,8/30/2026,2026-10-02T23:43:12.256470Z
Viktor Hovland,Bogeys or Worse,,2.5,2.5,+107,-132,https://assets.underdogfantasy.com/player-images/pga/20250926_02-965d925a-5ecd-409c-beb7-a34ef1ca52f3.png,8/30/2026,2026-10-02T23:43:12.256520Z
Viktor Hovland,Fairways Hit,,9.5,9.5,+129,-159,https://assets.underdogfantasy.com/player-images/pga/20250926_02-965d925a-5ecd-409c-beb7-a34ef1ca52f3.png,8/30/2026,2026-10-02T23:43:12.256503Z
Viktor Hovland,Greens In Regulation,,12.5,12.5,+120,-148,https://assets.underdogfantasy.com/player-images/pga/20250926_02-965d925a-5ecd-409c-beb7-a34ef1ca52f3.png,8/30/2026,2026-10-02T23:43:12.256488Z
Viktor Hovland,Round Strokes,,67.5,67.5,-170,+139,https://assets.underdogfantasy.com/player-images/pga/20250926_02-965d925a-5ecd-409c-beb7-a34ef1ca52f3.png,8/30/2026,2026-10-02T23:43:12.256434Z
Will Gordon,Hole 18 Shots,4.5,,4.5,,,https://static.prizepicks.com/images/players/PGA/Will_Gordon_GOLF_player_29qvKSSdvrXfwxXvQxPM92eZ-450.webp,2026-10-02,2026-10-02T23:43:12.255417Z
