player_name,name_adjusted,salary,event_name,date_start,course_name,tour,cut_streak,rf1,rf2,rf3,rf4,rf5,rf6,rf7,rflst5,rflst10,value,value_avg,rf_sg_starts,missed_cuts_7,cut_pct,starts_count,updated_at,value_rank,rflst5_rank,rflst10_rank
"Kohles, Ben","Kohles, Ben",,Bank of Utah Championship,2026-10-01,Black Desert Resort,pga,9,T29 (+0.93),T26 (+1.45),9 (+2.51),T15 (+1.49),T3 (+2.73),T19 (+1.56),T23 (+1.39),16.4,22.6,12.06,1.72,7,0,65.6,221,2026-09-28T17:55:50.101849Z,1,1,1
"Blair, Zac","Blair, Zac",,Bank of Utah Championship,2026-10-01,Black Desert Resort,pga,0,CUT (-0.10),T50 (+0.20),T13 (+2.01),T8 (+1.99),T9 (+2.23),T27 (+1.31),T32 (+1.14),30.4,39.2,8.77,1.25,7,1,58.6,181,2026-09-28T17:55:28.417873Z,2,9,8
"Grillo, Emiliano","Grillo, Emiliano",,Bank of Utah Championship,2026-10-01,Black Desert Resort,pga,0,CUT (-0.10),T31 (+1.20),T7 (+2.76),T26 (+1.23),T23 (+1.39),T20 (+1.50),T42 (+0.25),31.8,40.3,8.22,1.17,7,1,71.4,248,2026-09-28T17:55:39.859164Z,3,11,14
"Koivun, Jackson","Koivun, Jackson",,Bank of Utah Championship,2026-10-01,Black Desert Resort,pga,5,T24 (+0.59),T29 (+0.93),T31 (+1.20),1 (+4.26),T10 (+1.74),CUT (-1.92),T23 (+1.39),19.0,36.6,8.19,1.17,7,1,81.2,16,2026-09-28T17:55:50.156666Z,4,2,6
"Ghim, Doug","Ghim, Doug",,Bank of Utah Championship,2026-10-01,Black Desert Resort,pga,2,T19 (+1.68),T15 (+1.95),CUT (-0.51),CUT (-0.21),T6 (+2.48),T15 (+1.75),T28 (+1.00),36.8,28.3,8.13,1.16,7,2,59.7,186,2026-09-28T17:55:37.930485Z,5,16,2
"James, Ben","James, Ben",,Bank of Utah Championship,2026-10-01,Black Desert Resort,pga,2,3 (+3.43),T38 (+0.95),CUT (-0.51),T4 (+2.75),T15 (+1.49),T62 (-1.48),T23 (+1.39),26.4,37.6,8.01,1.14,7,1,64.3,14,2026-09-28T17:55:47.067129Z,6,6,7
"Yu, Kevin","Yu, Kevin",,Bank of Utah Championship,2026-10-01,Black Desert Resort,pga,4,4 (+2.93),T31 (+1.20),T16 (+1.76),T24 (+1.25),CUT (-2.71),T15 (+1.73),T29 (+1.25),29.4,35.1,7.4,1.06,7,1,57.5,134,2026-09-28T17:56:17.741594Z,7,7,3
"Hossler, Beau","Hossler, Beau",,Bank of Utah Championship,2026-10-01,Black Desert Resort,pga,7,2 (+3.68),T45 (+0.45),56 (-0.49),T42 (+0.50),T21 (+1.24),T39 (+0.73),T45 (+0.50),33.2,39.7,6.6,0.94,7,0,66.7,255,2026-09-28T17:55:44.681673Z,8,12,10
"Thompson, Davis","Thompson, Davis",,Bank of Utah Championship,2026-10-01,Black Desert Resort,pga,3,T14 (+1.93),T8 (+2.20),T7 (+2.76),CUT (+0.06),T26 (+1.23),CUT (-2.24),T45 (+0.50),25.4,36.4,6.43,0.92,7,2,68.4,136,2026-09-28T17:56:13.084107Z,9,3,5
"Phillips, Chandler","Phillips, Chandler",,Bank of Utah Championship,2026-10-01,Black Desert Resort,pga,1,T22 (+1.43),CUT (-1.31),T3 (+3.01),T15 (+1.49),T15 (+1.73),CUT (-1.74),T15 (+1.75),25.4,43.0,6.36,0.91,7,2,54.3,116,2026-09-28T17:56:01.436542Z,10,3,17
"Bezuidenhout, Christiaan","Bezuidenhout, Christiaan",,Bank of Utah Championship,2026-10-01,Black Desert Resort,pga,8,T38 (+0.68),T45 (+0.45),T20 (+1.51),T69 (-0.50),T21 (+1.24),T12 (+1.98),T54 (-0.00),38.6,39.8,5.35,0.76,7,0,77.7,206,2026-09-28T17:55:27.860311Z,11,17,11
"Horschel, Billy","Horschel, Billy",,Bank of Utah Championship,2026-10-01,Black Desert Resort,pga,1,T12 (+2.18),CUT (-0.31),T13 (+2.01),CUT (-0.11),CUT (-0.71),CUT (+0.26),T15 (+1.75),48.2,51.4,5.08,0.73,7,4,71.8,234,2026-09-28T17:55:43.896104Z,12,32,43
"Chatfield, Davis","Chatfield, Davis",,Bank of Utah Championship,2026-10-01,Black Desert Resort,pga,1,T25 (+1.18),CUT (-1.31),T16 (+1.76),T34 (+0.75),T5 (+2.24),T33 (+0.98),CUT (-1.22),30.4,47.3,4.38,0.63,7,2,69.8,96,2026-09-28T17:55:30.148625Z,13,9,27
"Suber, Jackson","Suber, Jackson",,Bank of Utah Championship,2026-10-01,Black Desert Resort,pga,2,T22 (+1.43),T50 (+0.20),CUT (-1.51),T28 (+1.16),T6 (+2.48),T30 (+0.27),CUT (+0.26),35.6,35.5,4.29,0.61,7,2,59.8,97,2026-09-28T17:56:10.861644Z,14,14,4
"Ventura, Kristoffer","Ventura, Kristoffer",,Bank of Utah Championship,2026-10-01,Black Desert Resort,pga,6,T54 (+0.18),T5 (+2.45),T51 (+0.01),T15 (+1.75),T5 (+2.24),T43 (-1.10),CUT (-2.06),26.0,39.3,3.46,0.49,7,1,53.7,41,2026-09-28T17:56:15.225890Z,15,5,9
"Hughes, Mackenzie","Hughes, Mackenzie",,Bank of Utah Championship,2026-10-01,Black Desert Resort,pga,1,T29 (+0.93),CUT (+0.19),T44 (+0.26),T20 (+1.50),T10 (+1.74),T46 (+0.48),CUT (-1.72),35.0,42.1,3.38,0.48,7,2,62.9,248,2026-09-28T17:55:46.218963Z,16,13,16
"Roy, Kevin","Roy, Kevin",,Bank of Utah Championship,2026-10-01,Black Desert Resort,pga,5,T19 (+1.68),T26 (+1.45),T31 (+1.01),T62 (-0.00),T11 (+2.22),CUT (-1.42),CUT (-1.74),29.8,51.0,3.2,0.46,7,2,58.7,179,2026-09-28T17:56:05.055645Z,17,8,42
"Hodges, Lee","Hodges, Lee",,Bank of Utah Championship,2026-10-01,Black Desert Resort,pga,1,T72 (-0.57),CUT (+0.19),T20 (+1.51),CUT (+0.06),T3 (+2.73),CUT (-1.22),T35 (+0.50),47.8,50.9,3.2,0.46,7,3,67.8,177,2026-09-28T17:55:41.158841Z,17,30,40
"Meissner, Mac","Meissner, Mac",,Bank of Utah Championship,2026-10-01,Black Desert Resort,pga,0,CUT (-0.10),T26 (+1.45),CUT (-0.01),T30 (+0.97),T6 (+2.48),T44 (-0.23),CUT (-1.72),41.2,40.2,2.83,0.4,7,3,64.5,121,2026-09-28T17:55:56.964357Z,19,19,12
"Dahmen, Joel","Dahmen, Joel",,Bank of Utah Championship,2026-10-01,Black Desert Resort,pga,1,T38 (+0.68),CUT (-0.31),T34 (+0.76),T24 (+1.25),T30 (+0.99),T46 (+0.48),CUT (-1.22),39.6,50.2,2.63,0.38,7,2,62.7,249,2026-09-28T17:55:32.333785Z,20,18,36
"Fishburn, Patrick","Fishburn, Patrick",,Bank of Utah Championship,2026-10-01,Black Desert Resort,pga,4,T49 (+0.43),T50 (+0.20),T16 (+1.76),T42 (+0.50),CUT (-0.94),T67 (-0.77),T29 (+1.25),45.8,44.5,2.42,0.35,7,1,57.5,167,2026-09-28T17:55:36.144105Z,21,25,19
"Keefer, Johnny","Keefer, Johnny",,Bank of Utah Championship,2026-10-01,Black Desert Resort,pga,0,CUT (-0.60),60 (-0.05),CUT (-1.01),T59 (+0.16),T3 (+2.97),CUT (-0.42),T39 (+0.89),53.2,47.2,1.93,0.28,7,3,67.9,53,2026-09-28T17:55:47.989117Z,22,50,26
"Bauchou, Zach","Bauchou, Zach",,Bank of Utah Championship,2026-10-01,Black Desert Resort,pga,1,T14 (+1.93),CUT (-0.81),T44 (+0.26),T9 (+2.25),CUT (+0.29),T67 (-0.77),CUT (-1.22),42.2,40.2,1.93,0.28,7,3,63.5,85,2026-09-28T17:55:27.220130Z,22,21,12
"McCarthy, Denny","McCarthy, Denny",,Bank of Utah Championship,2026-10-01,Black Desert Resort,pga,1,T29 (+0.93),CUT (-1.81),T3 (+3.01),T39 (+0.49),CUT (-1.42),T14 (+1.02),T60 (-0.50),43.0,41.5,1.72,0.25,7,2,72.7,245,2026-09-28T17:55:55.573417Z,24,22,15
"Mouw, William","Mouw, William",,Bank of Utah Championship,2026-10-01,Black Desert Resort,pga,0,CUT (-1.60),T68 (-0.80),CUT (-0.01),T10 (+1.74),T26 (+1.23),T65 (-0.86),T20 (+1.50),49.6,54.7,1.18,0.17,7,2,61.7,81,2026-09-28T17:55:57.909160Z,25,40,55
"Taylor, Nick","Taylor, Nick",,Bank of Utah Championship,2026-10-01,Black Desert Resort,pga,6,T39 (-0.16),T72 (-0.57),T61 (-0.30),T59 (+0.16),T26 (+1.22),T25 (+0.52),CUT (+0.26),51.4,48.8,1.14,0.16,7,1,68.1,251,2026-09-28T17:56:12.658564Z,26,44,30
"Hoge, Tom","Hoge, Tom",,Bank of Utah Championship,2026-10-01,Black Desert Resort,pga,1,T29 (+0.93),CUT (-0.31),CUT (-2.01),T10 (+1.74),T33 (+0.98),T38 (+0.02),CUT (-0.22),43.2,45.4,1.13,0.16,7,3,63.4,279,2026-09-28T17:55:42.446427Z,27,23,21
"Van Rooyen, Erik","Van Rooyen, Erik",,Bank of Utah Championship,2026-10-01,Black Desert Resort,pga,3,T17 (+1.26),T24 (+1.14),T56 (-0.04),CUT (-0.23),CUT (-1.91),CUT (+0.66),CUT (+0.21),48.2,48.6,1.09,0.16,7,4,70.5,61,2026-09-28T17:56:14.547241Z,28,32,29
"Penge, Marco","Penge, Marco",,Bank of Utah Championship,2026-10-01,Black Desert Resort,pga,3,T38 (+0.68),T45 (+0.45),T18 (+1.41),CUT (+0.29),T9 (+1.98),CUT (-3.56),T30 (-0.35),36.4,43.1,0.9,0.13,7,2,57.7,78,2026-09-28T17:56:00.580204Z,29,15,18
"Ewart, A.J.","Ewart, A.J.",,Bank of Utah Championship,2026-10-01,Black Desert Resort,pga,0,CUT (-0.60),CUT (-0.81),55 (-0.24),T20 (+1.50),T34 (+0.74),T71 (-1.02),T29 (+1.25),50.6,46.1,0.81,0.12,7,2,66.7,24,2026-09-28T17:55:34.905412Z,30,41,24
"Hoey, Rico","Hoey, Rico",,Bank of Utah Championship,2026-10-01,Black Desert Resort,pga,5,T25 (+1.18),T15 (+1.95),T62 (-1.24),T67 (-0.25),T49 (+0.24),CUT (-0.42),CUT (-1.22),43.6,45.8,0.24,0.03,7,2,67.1,146,2026-09-28T17:55:41.600801Z,31,24,22
"Dou, Zecheng","Dou, Zecheng",,Bank of Utah Championship,2026-10-01,Black Desert Resort,pga,0,CUT (-1.10),T65 (-0.55),T16 (+1.76),CUT (-0.17),CUT (+0.06),T21 (+1.48),CUT (-1.22),59.4,54.7,0.24,0.03,7,4,56.4,211,2026-09-28T17:55:33.371694Z,31,66,55
"Potgieter, Aldrich","Potgieter, Aldrich",,Bank of Utah Championship,2026-10-01,Black Desert Resort,pga,0,—,—,—,—,—,—,—,,,0.0,,0,0,,0,2026-09-28T17:56:01.628381Z,33,,
"Neergaard-Petersen, Rasmus","Neergaard-Petersen, Rasmus",,Bank of Utah Championship,2026-10-01,Black Desert Resort,pga,0,—,—,—,—,—,—,—,,,0.0,,0,0,,0,2026-09-28T17:55:58.098691Z,33,,
"Pan, C.T.","Pan, C.T.",,Bank of Utah Championship,2026-10-01,Black Desert Resort,pga,0,—,—,—,—,—,—,—,,,0.0,,0,0,,0,2026-09-28T17:55:58.709967Z,33,,
"Parry, John","Parry, John",,Bank of Utah Championship,2026-10-01,Black Desert Resort,pga,1,T38 (+0.68),CUT (-0.31),T24 (+1.26),T28 (+1.16),CUT (-3.21),T11 (+2.14),CUT (-1.72),46.8,50.6,0.0,0.0,7,3,62.9,97,2026-09-28T17:55:59.047752Z,33,28,38
"Smith, Jordan","Smith, Jordan",,Bank of Utah Championship,2026-10-01,Black Desert Resort,pga,0,—,—,—,—,—,—,—,,,0.0,,0,0,,0,2026-09-28T17:56:08.580964Z,33,,
"McCarty, Matt","McCarty, Matt",,Bank of Utah Championship,2026-10-01,Black Desert Resort,pga,0,—,—,—,—,—,—,—,,,0.0,,0,0,,0,2026-09-28T17:55:55.763120Z,33,,
"Johnson, Zach J.","Johnson, Zach J.",,Bank of Utah Championship,2026-10-01,Black Desert Resort,pga,0,—,—,—,—,—,—,—,,,0.0,,0,0,,0,2026-09-28T17:55:47.256917Z,33,,
"Highsmith, Joe","Highsmith, Joe",,Bank of Utah Championship,2026-10-01,Black Desert Resort,pga,0,—,—,—,—,—,—,—,,,0.0,,0,0,,0,2026-09-28T17:55:40.435734Z,33,,
"Homa, Max","Homa, Max",,Bank of Utah Championship,2026-10-01,Black Desert Resort,pga,0,—,—,—,—,—,—,—,,,0.0,,0,0,,0,2026-09-28T17:55:43.170859Z,33,,
"Mauss, Bowen","Mauss, Bowen",,Bank of Utah Championship,2026-10-01,Black Desert Resort,pga,0,—,—,—,—,—,—,—,,,0.0,,0,0,,0,2026-09-28T17:55:54.819619Z,33,,
"Hall, Harry","Hall, Harry",,Bank of Utah Championship,2026-10-01,Black Desert Resort,pga,0,—,—,—,—,—,—,—,,,0.0,,0,0,,0,2026-09-28T17:55:40.050984Z,33,,
"Shelley, Tyson","Shelley, Tyson",,Bank of Utah Championship,2026-10-01,Black Desert Resort,pga,0,—,—,—,—,—,—,—,,,0.0,,0,0,,0,2026-09-28T17:56:06.960663Z,33,,
"McNealy, Maverick","McNealy, Maverick",,Bank of Utah Championship,2026-10-01,Black Desert Resort,pga,0,—,—,—,—,—,—,—,,,0.0,,0,0,,0,2026-09-28T17:55:56.599899Z,33,,
"Rodgers, Patrick","Rodgers, Patrick",,Bank of Utah Championship,2026-10-01,Black Desert Resort,pga,0,—,—,—,—,—,—,—,,,0.0,,0,0,,0,2026-09-28T17:56:04.505393Z,33,,
"Yellamaraju, Sudarshan","Yellamaraju, Sudarshan",,Bank of Utah Championship,2026-10-01,Black Desert Resort,pga,0,—,—,—,—,—,—,—,,,0.0,,0,0,,0,2026-09-28T17:56:17.328256Z,33,,
"Wallace, Matt","Wallace, Matt",,Bank of Utah Championship,2026-10-01,Black Desert Resort,pga,0,—,—,—,—,—,—,—,,,0.0,,0,0,,0,2026-09-28T17:56:15.709164Z,33,,
"Brennan, Michael","Brennan, Michael",,Bank of Utah Championship,2026-10-01,Black Desert Resort,pga,0,—,—,—,—,—,—,—,,,0.0,,0,0,,0,2026-09-28T17:55:29.193839Z,33,,
"Akina, Kihei","Akina, Kihei",,Bank of Utah Championship,2026-10-01,Black Desert Resort,pga,0,—,—,—,—,—,—,—,,,0.0,,0,0,,0,2026-09-28T17:55:26.933143Z,33,,
"Bracken, Boston","Bracken, Boston",,Bank of Utah Championship,2026-10-01,Black Desert Resort,pga,0,—,—,—,—,—,—,—,,,0.0,,0,0,,0,2026-09-28T17:55:29.003026Z,33,,
"Higgo, Garrick","Higgo, Garrick",,Bank of Utah Championship,2026-10-01,Black Desert Resort,pga,0,—,—,—,—,—,—,—,,,0.0,,0,0,,0,2026-09-28T17:55:40.243245Z,33,,
"Lingmerth, David","Lingmerth, David",,Bank of Utah Championship,2026-10-01,Black Desert Resort,pga,0,—,—,—,—,—,—,—,,,0.0,,0,0,,0,2026-09-28T17:55:51.841852Z,33,,
"Greyserman, Max","Greyserman, Max",,Bank of Utah Championship,2026-10-01,Black Desert Resort,pga,3,T77 (-0.82),T50 (+0.20),T31 (+1.01),CUT (-1.61),T36 (+0.72),CUT (-0.42),T43 (+0.64),53.2,53.4,-0.28,-0.04,7,2,66.4,146,2026-09-28T17:55:39.100110Z,54,50,47
"Kanaya, Takumi","Kanaya, Takumi",,Bank of Utah Championship,2026-10-01,Black Desert Resort,pga,0,CUT (-0.60),CUT (-0.81),CUT (-1.01),CUT (-0.17),T15 (+1.49),CUT (-0.42),T29 (+1.25),60.6,56.8,-0.28,-0.04,7,5,44.7,94,2026-09-28T17:55:47.537995Z,54,70,66
"Eckroat, Austin","Eckroat, Austin",,Bank of Utah Championship,2026-10-01,Black Desert Resort,pga,3,T38 (+0.68),T38 (+0.95),T57 (-0.74),CUT (-0.17),T30 (+0.97),T58 (-0.02),73 (-2.00),47.0,49.2,-0.34,-0.05,7,1,67.6,136,2026-09-28T17:55:34.818496Z,56,29,32
"Clanton, Luke","Clanton, Luke",,Bank of Utah Championship,2026-10-01,Black Desert Resort,pga,0,CUT (-0.60),T20 (+1.70),CUT (-0.01),CUT (-0.17),CUT (-0.44),CUT (-0.92),T54 (-0.00),61.6,57.9,-0.46,-0.07,7,5,60.0,45,2026-09-28T17:55:30.282215Z,57,74,72
"McGreevy, Max","McGreevy, Max",,Bank of Utah Championship,2026-10-01,Black Desert Resort,pga,0,CUT (-1.10),CUT (-2.81),CUT (-0.01),T11 (+2.00),CUT (-0.21),T51 (+0.23),T32 (+1.14),59.8,54.0,-0.77,-0.11,7,4,48.3,207,2026-09-28T17:55:56.411297Z,58,67,51
"Shipley, Neal","Shipley, Neal",,Bank of Utah Championship,2026-10-01,Black Desert Resort,pga,3,T67 (-0.32),T50 (+0.20),T44 (+0.26),CUT (+0.06),CUT (-0.42),T65 (-0.86),T51 (+0.25),61.0,57.1,-0.84,-0.12,7,2,53.6,56,2026-09-28T17:56:07.142202Z,59,72,68
"Moore, Taylor","Moore, Taylor",,Bank of Utah Championship,2026-10-01,Black Desert Resort,pga,0,CUT (-0.51),CUT (-3.71),CUT (-0.92),T40 (+0.75),T60 (-0.25),T14 (+2.05),T17 (+1.42),63.2,47.8,-1.17,-0.17,7,3,67.6,216,2026-09-28T17:55:57.639406Z,60,79,28
"Cole, Eric","Cole, Eric",,Bank of Utah Championship,2026-10-01,Black Desert Resort,pga,3,T28 (-0.40),T58 (-1.41),T29 (+0.93),CUT (+0.19),T53 (+0.41),70 (-1.78),T39 (+0.73),48.0,46.7,-1.32,-0.19,7,1,65.3,193,2026-09-28T17:55:30.868147Z,61,31,25
"Svensson, Jesper","Svensson, Jesper",,Bank of Utah Championship,2026-10-01,Black Desert Resort,pga,0,CUT (-3.60),CUT (-1.31),T44 (+0.26),78 (-1.59),T52 (-0.03),T4 (+2.50),T9 (+2.30),63.6,54.0,-1.47,-0.21,7,2,67.1,79,2026-09-28T17:56:11.886921Z,62,82,51
"Hojgaard, Rasmus","Hojgaard, Rasmus",,Bank of Utah Championship,2026-10-01,Black Desert Resort,pga,2,T49 (+0.43),4 (+2.70),CUT (-0.01),CUT (-2.11),T36 (+0.72),CUT (-2.86),T62 (-0.45),46.6,50.9,-1.58,-0.23,7,3,72.0,164,2026-09-28T17:55:42.978338Z,63,27,40
"Silverman, Ben","Silverman, Ben",,Bank of Utah Championship,2026-10-01,Black Desert Resort,pga,0,CUT (-1.10),CUT (+0.19),CUT (-0.01),CUT (-0.17),T3 (+2.49),CUT (-2.42),CUT (-1.24),58.2,57.8,-2.26,-0.32,7,6,54.8,210,2026-09-28T17:56:07.776641Z,64,63,71
"Ford, David","Ford, David",,Bank of Utah Championship,2026-10-01,Black Desert Resort,pga,1,T59 (-0.46),CUT (-1.77),T46 (+0.30),CUT (-0.74),T16 (+1.36),T32 (+0.76),CUT (-1.73),53.0,50.4,-2.27,-0.32,7,3,46.2,26,2026-09-28T17:55:36.611199Z,65,49,37
"Streelman, Kevin","Streelman, Kevin",,Bank of Utah Championship,2026-10-01,Black Desert Resort,pga,1,T38 (+0.68),CUT (-2.31),T24 (+1.26),T39 (+0.49),CUT (-0.42),T42 (+0.25),CUT (-2.45),49.0,54.2,-2.49,-0.36,7,3,63.4,224,2026-09-28T17:56:10.556989Z,66,37,53
"Crowe, Trace","Crowe, Trace",,Bank of Utah Championship,2026-10-01,Black Desert Resort,pga,1,T38 (+0.68),CUT (-2.31),T62 (-1.24),T34 (+0.75),CUT (+0.06),T39 (+0.73),CUT (-1.22),55.6,60.0,-2.56,-0.37,7,3,55.3,103,2026-09-28T17:55:31.582043Z,67,56,74
"Duncan, Tyler","Duncan, Tyler",,Bank of Utah Championship,2026-10-01,Black Desert Resort,pga,0,CUT (-0.01),CUT (-3.17),CUT (+0.06),T12 (+1.98),T13 (+1.81),T28 (+1.35),CUT (-4.68),48.2,52.5,-2.67,-0.38,7,4,53.6,265,2026-09-28T17:55:34.199207Z,68,32,46
"Finau, Tony","Finau, Tony",,Bank of Utah Championship,2026-10-01,Black Desert Resort,pga,2,T61 (-0.07),T71 (-1.30),CUT (-1.51),T58 (-0.02),T55 (-0.98),T40 (+0.75),T29 (+0.36),63.4,49.5,-2.78,-0.4,7,1,82.8,233,2026-09-28T17:55:35.637053Z,69,80,33
"Dumont De Chassart, Adrien","Dumont De Chassart, Adrien",,Bank of Utah Championship,2026-10-01,Black Desert Resort,pga,3,T53 (+0.39),T17 (-0.10),T132 (-3.10),—,—,—,—,67.3,67.3,-2.82,-0.94,3,0,100.0,3,2026-09-28T17:55:33.390589Z,70,86,90
"Skinns, David","Skinns, David",,Bank of Utah Championship,2026-10-01,Black Desert Resort,pga,1,T22 (+1.43),CUT (-2.51),T30 (+1.00),CUT (-2.44),T33 (+0.98),T20 (+1.50),CUT (-2.86),45.8,48.9,-2.91,-0.42,7,3,51.8,199,2026-09-28T17:56:08.388526Z,71,25,31
"Kirk, Chris","Kirk, Chris",,Bank of Utah Championship,2026-10-01,Black Desert Resort,pga,4,T72 (-0.57),T8 (+2.20),T31 (+1.01),T61 (-0.53),CUT (-1.74),CUT (-0.22),CUT (-3.36),48.8,53.5,-3.2,-0.46,7,3,66.7,219,2026-09-28T17:55:48.670641Z,72,36,49
"Springer, Hayden","Springer, Hayden",,Bank of Utah Championship,2026-10-01,Black Desert Resort,pga,1,T29 (+0.93),CUT (-0.81),CUT (-0.01),T24 (+1.25),CUT (-1.94),T58 (-0.02),CUT (-2.72),53.8,56.7,-3.33,-0.48,7,4,60.0,85,2026-09-28T17:56:09.391629Z,73,52,65
"Garnett, Brice","Garnett, Brice",,Bank of Utah Championship,2026-10-01,Black Desert Resort,pga,0,CUT (-0.10),CUT (-0.81),CUT (-1.51),CUT (-2.17),CUT (-0.44),CUT (-0.92),T4 (+2.50),72.0,54.9,-3.46,-0.49,7,6,53.4,247,2026-09-28T17:55:37.379507Z,74,93,58
"Putnam, Andrew","Putnam, Andrew",,Bank of Utah Championship,2026-10-01,Black Desert Resort,pga,1,T54 (+0.18),CUT (+0.19),CUT (-1.51),T52 (-0.03),T51 (+0.23),T65 (-0.86),CUT (-1.72),60.2,54.7,-3.52,-0.5,7,3,66.7,249,2026-09-28T17:56:03.096817Z,75,68,55
"Wise, Aaron","Wise, Aaron",,Bank of Utah Championship,2026-10-01,Black Desert Resort,pga,0,DQ (-3.39),CUT (+0.19),CUT (-4.51),T15 (+1.75),T3 (+2.49),T39 (+0.73),CUT (-0.95),48.4,56.9,-3.69,-0.53,7,3,58.1,167,2026-09-28T17:56:16.606444Z,76,35,67
"Jaeger, Stephan","Jaeger, Stephan",,Bank of Utah Championship,2026-10-01,Black Desert Resort,pga,0,CUT (-2.60),T26 (+1.45),CUT (-0.01),CUT (-0.17),T15 (+1.49),T15 (+1.73),CUT (-5.72),51.4,45.1,-3.84,-0.55,7,4,64.6,254,2026-09-28T17:55:47.015194Z,77,44,20
"Glover, Lucas","Glover, Lucas",,Bank of Utah Championship,2026-10-01,Black Desert Resort,pga,0,CUT (-1.10),CUT (-2.81),T57 (-0.74),T5 (+2.24),T3 (+2.73),T66 (-2.48),CUT (-1.72),41.8,53.6,-3.88,-0.55,7,3,69.6,237,2026-09-28T17:55:38.657076Z,78,20,50
"Thompson, Michael","Thompson, Michael",,Bank of Utah Championship,2026-10-01,Black Desert Resort,pga,1,T33 (+1.06),CUT (-1.76),T66 (-0.81),T60 (-0.81),CUT (-1.10),CUT (-1.97),T29 (+1.17),60.6,53.4,-4.21,-0.6,7,3,59.9,142,2026-09-28T17:56:13.538647Z,79,70,47
"Riley, Davis","Riley, Davis",,Bank of Utah Championship,2026-10-01,Black Desert Resort,pga,0,CUT (-3.60),3 (+2.95),CUT (-2.01),T42 (+0.50),69 (-1.28),T65 (-0.52),CUT (-0.72),51.6,61.0,-4.69,-0.67,7,3,59.3,182,2026-09-28T17:56:04.300260Z,80,46,76
"Peterson, Paul","Peterson, Paul",,Bank of Utah Championship,2026-10-01,Black Desert Resort,pga,0,CUT (-2.01),T24 (+1.25),T49 (+0.24),CUT (-0.92),T67 (-1.00),CUT (-1.36),CUT (-0.95),56.8,51.8,-4.75,-0.68,7,4,55.3,159,2026-09-28T17:56:01.083971Z,81,58,44
"Kang, Jeffrey","Kang, Jeffrey",,Bank of Utah Championship,2026-10-01,Black Desert Resort,pga,0,CUT (-1.10),CUT (-1.31),T64 (-1.49),T48 (+0.25),CUT (-0.94),CUT (-0.42),T42 (+0.25),65.6,57.4,-4.77,-0.68,7,4,43.6,78,2026-09-28T17:55:47.810169Z,82,85,69
"Pendrith, Taylor","Pendrith, Taylor",,Bank of Utah Championship,2026-10-01,Black Desert Resort,pga,1,T38 (+0.68),CUT (-1.81),CUT (-2.01),CUT (-1.67),2 (+2.74),CUT (-1.92),61 (-1.23),51.2,50.8,-5.22,-0.75,7,4,71.9,171,2026-09-28T17:56:00.306761Z,83,42,39
"Lebioda, Hank","Lebioda, Hank",,Bank of Utah Championship,2026-10-01,Black Desert Resort,pga,0,CUT (-2.10),T42 (+0.70),T24 (+1.26),T69 (-0.50),CUT (-2.44),CUT (-0.92),CUT (-1.22),55.8,63.1,-5.23,-0.75,7,4,55.5,211,2026-09-28T17:55:51.043793Z,84,57,80
"Nyholm, Pontus","Nyholm, Pontus",,Bank of Utah Championship,2026-10-01,Black Desert Resort,pga,1,T67 (-0.32),CUT (-3.31),T39 (+0.51),T69 (-0.50),T55 (-0.26),T26 (+1.23),CUT (-2.72),60.4,57.5,-5.37,-0.77,7,2,61.6,125,2026-09-28T17:55:58.518154Z,85,69,70
"Fisk, Steven","Fisk, Steven",,Bank of Utah Championship,2026-10-01,Black Desert Resort,pga,0,CUT (-2.10),CUT (-4.31),CUT (-0.51),1 (+2.74),T67 (-0.77),CUT (-2.72),T10 (+2.25),56.8,49.5,-5.42,-0.77,7,4,56.8,118,2026-09-28T17:55:36.515265Z,86,58,33
"Lower, Justin","Lower, Justin",,Bank of Utah Championship,2026-10-01,Black Desert Resort,pga,2,T77 (-0.82),T38 (+0.95),CUT (-1.51),T42 (+0.50),T59 (-0.51),CUT (-1.42),CUT (-2.72),57.6,55.6,-5.53,-0.79,7,3,57.1,217,2026-09-28T17:55:53.242030Z,87,62,59
"Campos, Rafael","Campos, Rafael",,Bank of Utah Championship,2026-10-01,Black Desert Resort,pga,1,T25 (+1.18),CUT (-1.31),CUT (-2.51),CUT (-0.17),T15 (+1.49),T67 (-0.77),CUT (-3.72),51.2,61.1,-5.81,-0.83,7,4,41.1,202,2026-09-28T17:55:29.809893Z,88,42,77
"Sargent, Gordon","Sargent, Gordon",,Bank of Utah Championship,2026-10-01,Black Desert Resort,pga,0,CUT (-1.10),T45 (+0.45),CUT (-0.01),T2 (+3.00),CUT (-0.44),78 (-2.27),CUT (-5.45),52.6,55.6,-5.83,-0.83,7,4,38.2,34,2026-09-28T17:56:05.913699Z,89,48,59
"Pavon, Matthieu","Pavon, Matthieu",,Bank of Utah Championship,2026-10-01,Black Desert Resort,pga,0,CUT (-1.10),CUT (-0.81),CUT (-0.51),CUT (-3.21),CUT (-1.42),T20 (+1.50),CUT (-0.36),72.0,58.4,-5.91,-0.84,7,6,64.3,235,2026-09-28T17:55:59.787139Z,90,93,73
"Lipsky, David","Lipsky, David",,Bank of Utah Championship,2026-10-01,Black Desert Resort,pga,0,CUT (-5.10),T31 (+1.20),CUT (-1.51),T49 (+0.24),T21 (+1.48),CUT (-0.22),CUT (-3.36),49.0,55.6,-7.28,-1.04,7,4,58.7,235,2026-09-28T17:55:52.572709Z,91,37,59
"Wu, Dylan","Wu, Dylan",,Bank of Utah Championship,2026-10-01,Black Desert Resort,pga,0,CUT (-3.60),T65 (-0.55),CUT (-1.01),CUT (-0.17),T34 (+0.74),CUT (-0.92),72 (-1.86),63.0,64.8,-7.38,-1.05,7,4,55.9,177,2026-09-28T17:56:17.138098Z,92,77,84
"Power, Seamus","Power, Seamus",,Bank of Utah Championship,2026-10-01,Black Desert Resort,pga,0,CUT (-2.10),CUT (-2.81),T10 (+2.26),T11 (+2.00),WD (-7.20),CUT (-0.22),T54 (+0.00),49.0,46.0,-8.07,-1.15,7,3,63.9,227,2026-09-28T17:56:02.327626Z,93,37,23
"Hubbard, Mark","Hubbard, Mark",,Bank of Utah Championship,2026-10-01,Black Desert Resort,pga,0,CUT (-1.60),T61 (-0.30),T34 (+0.76),CUT (-2.21),T46 (+0.48),70 (-2.98),CUT (-2.41),57.0,52.0,-8.27,-1.18,7,3,64.4,247,2026-09-28T17:55:45.450427Z,94,60,45
"Ramey, Chad","Ramey, Chad",,Bank of Utah Championship,2026-10-01,Black Desert Resort,pga,1,T38 (+0.68),CUT (-3.31),CUT (-1.01),T62 (-0.00),T30 (+0.99),CUT (-3.42),CUT (-2.22),54.8,62.1,-8.29,-1.18,7,4,61.2,209,2026-09-28T17:56:03.740892Z,95,55,78
"Schenk, Adam","Schenk, Adam",,Bank of Utah Championship,2026-10-01,Black Desert Resort,pga,0,WD (-3.39),T50 (+0.20),CUT (-0.01),CUT (-0.44),CUT (-2.42),CUT (-1.22),T74 (-1.50),69.2,70.8,-8.78,-1.25,7,4,56.2,281,2026-09-28T17:56:06.769667Z,96,88,95
"Martin, Ben","Martin, Ben",,Bank of Utah Championship,2026-10-01,Black Desert Resort,pga,0,CUT (-1.51),T69 (-0.50),T21 (+1.24),CUT (-1.42),CUT (-1.22),CUT (-0.18),CUT (-5.36),61.2,65.4,-8.96,-1.28,7,5,54.1,194,2026-09-28T17:55:54.628297Z,97,73,85
"VanDerLaan, John","VanDerLaan, John",,Bank of Utah Championship,2026-10-01,Black Desert Resort,pga,0,CUT (-2.10),CUT (-1.31),T39 (+0.51),T30 (+1.00),CUT (-0.44),CUT (-2.42),CUT (-4.72),57.0,62.8,-9.49,-1.36,7,5,62.5,168,2026-09-28T17:56:15.103061Z,98,60,79
"Blanchet, Chandler","Blanchet, Chandler",,Bank of Utah Championship,2026-10-01,Black Desert Resort,pga,0,CUT (-3.60),T20 (+1.70),T24 (+1.26),CUT (-0.67),CUT (-3.44),CUT (-3.92),T67 (-1.00),52.0,55.7,-9.69,-1.38,7,4,53.7,123,2026-09-28T17:55:28.811278Z,99,47,63
"Li, Haotong","Li, Haotong",,Bank of Utah Championship,2026-10-01,Black Desert Resort,pga,0,CUT (-3.60),CUT (-0.81),T57 (-0.74),CUT (-1.61),CUT (-1.71),CUT (-0.92),T60 (-0.50),69.0,65.6,-9.89,-1.41,7,5,55.7,185,2026-09-28T17:55:51.640747Z,100,87,87
"Salinda, Isaiah","Salinda, Isaiah",,Bank of Utah Championship,2026-10-01,Black Desert Resort,pga,0,CUT (-1.77),T46 (+0.30),T50 (+0.12),CUT (-5.26),T30 (+0.97),CUT (-2.21),CUT (-2.09),54.0,54.6,-9.93,-1.42,7,4,53.9,89,2026-09-28T17:56:05.792577Z,101,53,54
"Smotherman, Austin","Smotherman, Austin",,Bank of Utah Championship,2026-10-01,Black Desert Resort,pga,1,T67 (-0.32),CUT (-6.81),T24 (+1.26),CUT (-3.21),T58 (-0.02),CUT (-1.22),T42 (+0.25),58.6,55.8,-10.06,-1.44,7,3,60.0,175,2026-09-28T17:56:09.146409Z,102,64,64
"Svensson, Adam","Svensson, Adam",,Bank of Utah Championship,2026-10-01,Black Desert Resort,pga,0,CUT (-2.60),70 (-1.05),CUT (-1.01),CUT (-3.67),T66 (-1.01),CUT (-0.42),T60 (-0.50),70.4,65.5,-10.27,-1.47,7,4,62.6,257,2026-09-28T17:56:11.642539Z,103,90,86
"Whaley, Vince","Whaley, Vince",,Bank of Utah Championship,2026-10-01,Black Desert Resort,pga,0,CUT (-6.60),CUT (+0.19),T34 (+0.76),CUT (-1.67),CUT (-0.94),CUT (-1.42),T65 (-0.75),64.4,67.5,-10.44,-1.49,7,5,62.2,119,2026-09-28T17:56:16.074863Z,104,83,91
"Rozo, Marcelo","Rozo, Marcelo",,Bank of Utah Championship,2026-10-01,Black Desert Resort,pga,0,CUT (-0.60),73 (-2.30),CUT (-0.01),CUT (-0.67),CUT (-4.94),CUT (-1.42),CUT (-1.24),72.2,72.1,-11.19,-1.6,7,6,45.4,141,2026-09-28T17:56:05.520871Z,105,96,96
"Stanger, Jimmy","Stanger, Jimmy",,Bank of Utah Championship,2026-10-01,Black Desert Resort,pga,0,CUT (-2.60),CUT (-0.31),T51 (+0.01),CUT (-3.17),WD (-4.82),CUT (-0.42),CUT (-0.74),69.4,63.9,-12.05,-1.72,7,5,47.3,148,2026-09-28T17:56:09.862660Z,106,89,82
"Coody, Pierceson","Coody, Pierceson",,Bank of Utah Championship,2026-10-01,Black Desert Resort,pga,1,T19 (+0.84),WD (-7.39),CUT (-1.81),CUT (-4.01),T28 (+1.16),CUT (-1.71),T39 (+0.73),54.2,49.9,-12.19,-1.74,7,3,61.9,126,2026-09-28T17:55:31.251216Z,107,54,35
"Malnati, Peter","Malnati, Peter",,Bank of Utah Championship,2026-10-01,Black Desert Resort,pga,2,80 (-1.07),T68 (-0.80),CUT (-4.51),T34 (+0.75),CUT (-1.94),T58 (-0.02),CUT (-4.72),65.2,60.0,-12.32,-1.76,7,3,51.6,254,2026-09-28T17:55:54.013931Z,108,84,74
"Hirata, Kensei","Hirata, Kensei",,Bank of Utah Championship,2026-10-01,Black Desert Resort,pga,1,T72 (-0.57),CUT (-0.31),CUT (-5.01),CUT (-2.17),CUT (-1.94),CUT (-0.92),T71 (-1.50),72.0,65.9,-12.43,-1.78,7,5,54.7,53,2026-09-28T17:55:40.614481Z,109,93,88
"Davis, Cam","Davis, Cam",,Bank of Utah Championship,2026-10-01,Black Desert Resort,pga,0,CUT (-5.60),CUT (-2.31),CUT (-2.01),T21 (+1.47),CUT (-2.72),CUT (-0.86),CUT (-1.45),61.8,66.4,-13.48,-1.93,7,6,62.4,117,2026-09-28T17:55:32.689101Z,110,75,89
"Tosti, Alejandro","Tosti, Alejandro",,Bank of Utah Championship,2026-10-01,Black Desert Resort,pga,0,CUT (-1.10),CUT (-6.81),CUT (-2.51),T69 (-0.50),T30 (+0.99),CUT (-2.42),CUT (-1.24),63.0,64.3,-13.59,-1.94,7,5,46.6,103,2026-09-28T17:56:14.349692Z,111,77,83
"Dunlap, Nick","Dunlap, Nick",,Bank of Utah Championship,2026-10-01,Black Desert Resort,pga,0,CUT (-7.60),CUT (-3.31),CUT (-1.51),T20 (+1.50),T59 (-0.51),T33 (+0.98),CUT (-3.22),59.0,55.6,-13.68,-1.95,7,4,50.7,71,2026-09-28T17:55:34.396403Z,112,65,59
"Walker, Danny","Walker, Danny",,Bank of Utah Championship,2026-10-01,Black Desert Resort,pga,1,T54 (+0.18),CUT (-1.81),CUT (-2.51),CUT (-3.17),T39 (+0.49),CUT (-6.92),CUT (-2.22),61.8,63.5,-15.96,-2.28,7,5,50.0,94,2026-09-28T17:56:15.517162Z,113,75,81
"Todd, Brendon","Todd, Brendon",,Bank of Utah Championship,2026-10-01,Black Desert Resort,pga,0,CUT (-3.81),CUT (-6.44),CUT (-0.92),T67 (-0.83),CUT (-0.95),T65 (-0.45),CUT (-3.76),71.0,68.7,-17.15,-2.45,7,5,63.9,166,2026-09-28T17:56:14.034726Z,114,92,93
"Kizzire, Patton","Kizzire, Patton",,Bank of Utah Championship,2026-10-01,Black Desert Resort,pga,1,T54 (+0.18),CUT (-2.81),WD (-6.93),T39 (+0.49),CUT (-1.92),CUT (-4.22),CUT (-4.36),63.4,67.7,-19.56,-2.79,7,4,53.5,245,2026-09-28T17:55:49.417374Z,115,80,92
"Lamprecht, Christo","Lamprecht, Christo",,Bank of Utah Championship,2026-10-01,Black Desert Resort,pga,0,CUT (-2.60),CUT (-3.31),CUT (-1.51),CUT (-5.67),T64 (-0.76),CUT (-4.92),CUT (-2.72),70.4,70.0,-21.49,-3.07,7,6,48.4,64,2026-09-28T17:55:50.366730Z,116,90,94
