tour,event_name,event_id,date_start,date_end,course_name,multi_course,current_round,player_name,dg_id,player_num,country,am,dg_rank,owgr_rank,tour_rank,pre_tourn_pageviews,r1_teetime,r1_start_hole,r1_wave,r1_course_name,teetimes_json
pga,Baycurrent Classic,527,2026-10-08,2026-10-11,Yokohama Country Club (West Course),no,1,"Bauchou, Zach",19846,48001,USA,0,71.0,151.0,81,139,,,,,[]
pga,Baycurrent Classic,527,2026-10-08,2026-10-11,Yokohama Country Club (West Course),no,1,"Bezuidenhout, Christiaan",18103,45522,RSA,0,74.0,109.0,99,129,,,,,[]
pga,Baycurrent Classic,527,2026-10-08,2026-10-11,Yokohama Country Club (West Course),no,1,"Bradley, Keegan",13872,33141,USA,0,40.0,51.0,79,181,,,,,[]
pga,Baycurrent Classic,527,2026-10-08,2026-10-11,Yokohama Country Club (West Course),no,1,"Brennan, Michael",29197,61522,USA,0,30.0,33.0,46,227,,,,,[]
pga,Baycurrent Classic,527,2026-10-08,2026-10-11,Yokohama Country Club (West Course),no,1,"Bridgeman, Jacob",29433,60004,USA,0,15.0,20.0,T4,187,,,,,[]
pga,Baycurrent Classic,527,2026-10-08,2026-10-11,Yokohama Country Club (West Course),no,1,"Castillo, Ricky",27819,59440,USA,0,70.0,83.0,61,109,,,,,[]
pga,Baycurrent Classic,527,2026-10-08,2026-10-11,Yokohama Country Club (West Course),no,1,"Clark, Wyndham",23604,51766,USA,0,11.0,5.0,T21,304,,,,,[]
pga,Baycurrent Classic,527,2026-10-08,2026-10-11,Yokohama Country Club (West Course),no,1,"Coody, Pierceson",28309,59836,USA,0,135.0,71.0,56,90,,,,,[]
pga,Baycurrent Classic,527,2026-10-08,2026-10-11,Yokohama Country Club (West Course),no,1,"Echavarria, Nico",22833,51349,COL,0,126.0,63.0,45,160,,,,,[]
pga,Baycurrent Classic,527,2026-10-08,2026-10-11,Yokohama Country Club (West Course),no,1,"Finau, Tony",11676,29725,USA,0,228.0,158.0,104,165,,,,,[]
pga,Baycurrent Classic,527,2026-10-08,2026-10-11,Yokohama Country Club (West Course),no,1,"Fisk, Steven",26657,57123,USA,0,127.0,75.0,67,125,,,,,[]
pga,Baycurrent Classic,527,2026-10-08,2026-10-11,Yokohama Country Club (West Course),no,1,"Fowler, Rickie",12965,32102,USA,0,36.0,48.0,33,222,,,,,[]
pga,Baycurrent Classic,527,2026-10-08,2026-10-11,Yokohama Country Club (West Course),no,1,"Fujimoto, Yoshinori",11773,29833,JPN,0,,398.0,,45,,,,,[]
pga,Baycurrent Classic,527,2026-10-08,2026-10-11,Yokohama Country Club (West Course),no,1,"Gerard, Ryan",29767,59018,USA,0,23.0,23.0,3,245,,,,,[]
pga,Baycurrent Classic,527,2026-10-08,2026-10-11,Yokohama Country Club (West Course),no,1,"Ghim, Doug",24550,52375,USA,0,35.0,103.0,58,443,,,,,[]
pga,Baycurrent Classic,527,2026-10-08,2026-10-11,Yokohama Country Club (West Course),no,1,"Greyserman, Max",23465,51977,USA,0,104.0,95.0,98,225,,,,,[]
pga,Baycurrent Classic,527,2026-10-08,2026-10-11,Yokohama Country Club (West Course),no,1,"Harman, Brian",8825,27644,USA,0,55.0,68.0,73,121,,,,,[]
pga,Baycurrent Classic,527,2026-10-08,2026-10-11,Yokohama Country Club (West Course),no,1,"Hisatsune, Ryo",22760,51287,JPN,0,89.0,70.0,47,175,,,,,[]
pga,Baycurrent Classic,527,2026-10-08,2026-10-11,Yokohama Country Club (West Course),no,1,"Hodges, Lee",25157,54628,USA,0,113.0,137.0,103,104,,,,,[]
pga,Baycurrent Classic,527,2026-10-08,2026-10-11,Yokohama Country Club (West Course),no,1,"Hoge, Tom",15575,35532,USA,0,194.0,148.0,89,85,,,,,[]
pga,Baycurrent Classic,527,2026-10-08,2026-10-11,Yokohama Country Club (West Course),no,1,"Homa, Max",17538,39977,USA,0,67.0,78.0,52,222,,,,,[]
pga,Baycurrent Classic,527,2026-10-08,2026-10-11,Yokohama Country Club (West Course),no,1,"Horschel, Billy",11276,29420,USA,0,83.0,157.0,94,163,,,,,[]
pga,Baycurrent Classic,527,2026-10-08,2026-10-11,Yokohama Country Club (West Course),no,1,"Hosono, Yusaku",25797,56165,JPN,0,296.0,266.0,,62,,,,,[]
pga,Baycurrent Classic,527,2026-10-08,2026-10-11,Yokohama Country Club (West Course),no,1,"Hossler, Beau",15470,35461,USA,0,107.0,98.0,77,92,,,,,[]
pga,Baycurrent Classic,527,2026-10-08,2026-10-11,Yokohama Country Club (West Course),no,1,"Im, Sungjae",17488,39971,KOR,0,47.0,61.0,37,259,,,,,[]
pga,Baycurrent Classic,527,2026-10-08,2026-10-11,Yokohama Country Club (West Course),no,1,"Ishizaka, Tomohiro",25538,55908,JPN,0,,379.0,,44,,,,,[]
pga,Baycurrent Classic,527,2026-10-08,2026-10-11,Yokohama Country Club (West Course),no,1,"Iwasaki, Aguri",28203,59743,JPN,0,435.0,377.0,,47,,,,,[]
pga,Baycurrent Classic,527,2026-10-08,2026-10-11,Yokohama Country Club (West Course),no,1,"Iwata, Hiroshi",9099,27747,JPN,0,353.0,280.0,,60,,,,,[]
pga,Baycurrent Classic,527,2026-10-08,2026-10-11,Yokohama Country Club (West Course),no,1,"Jaeger, Stephan",16394,36799,GER,0,139.0,127.0,85,92,,,,,[]
pga,Baycurrent Classic,527,2026-10-08,2026-10-11,Yokohama Country Club (West Course),no,1,"Kanaya, Takumi",19729,47917,JPN,0,173.0,187.0,142,205,,,,,[]
pga,Baycurrent Classic,527,2026-10-08,2026-10-11,Yokohama Country Club (West Course),no,1,"Keefer, Johnny",32457,63454,USA,0,68.0,62.0,72,193,,,,,[]
pga,Baycurrent Classic,527,2026-10-08,2026-10-11,Yokohama Country Club (West Course),no,1,"Kim, Michael",17543,39975,USA,0,56.0,64.0,64,152,,,,,[]
pga,Baycurrent Classic,527,2026-10-08,2026-10-11,Yokohama Country Club (West Course),no,1,"Kitayama, Kurt",21891,48117,USA,0,27.0,41.0,31,178,,,,,[]
pga,Baycurrent Classic,527,2026-10-08,2026-10-11,Yokohama Country Club (West Course),no,1,"Kohles, Ben",16395,36884,USA,0,59.0,93.0,84,201,,,,,[]
pga,Baycurrent Classic,527,2026-10-08,2026-10-11,Yokohama Country Club (West Course),no,1,"Kozuma, Jinichiro",14209,33689,JPN,0,311.0,440.0,,68,,,,,[]
pga,Baycurrent Classic,527,2026-10-08,2026-10-11,Yokohama Country Club (West Course),no,1,"Lee, Min Woo",16841,37378,AUS,0,42.0,31.0,T4,187,,,,,[]
pga,Baycurrent Classic,527,2026-10-08,2026-10-11,Yokohama Country Club (West Course),no,1,"Lee, Sang-hee",13923,33232,KOR,0,273.0,260.0,,77,,,,,[]
pga,Baycurrent Classic,527,2026-10-08,2026-10-11,Yokohama Country Club (West Course),no,1,"Lipsky, David",15980,36326,USA,0,216.0,136.0,87,93,,,,,[]
pga,Baycurrent Classic,527,2026-10-08,2026-10-11,Yokohama Country Club (West Course),no,1,"Matsuyama, Hideki",13562,32839,JPN,0,16.0,26.0,T21,272,,,,,[]
pga,Baycurrent Classic,527,2026-10-08,2026-10-11,Yokohama Country Club (West Course),no,1,"McCarthy, Denny",19870,47993,USA,0,106.0,104.0,93,98,,,,,[]
pga,Baycurrent Classic,527,2026-10-08,2026-10-11,Yokohama Country Club (West Course),no,1,"McCarty, Matt",28635,59141,USA,0,103.0,80.0,50,125,,,,,[]
pga,Baycurrent Classic,527,2026-10-08,2026-10-11,Yokohama Country Club (West Course),no,1,"McNealy, Maverick",18634,46442,USA,0,25.0,49.0,42,151,,,,,[]
pga,Baycurrent Classic,527,2026-10-08,2026-10-11,Yokohama Country Club (West Course),no,1,"Meissner, Mac",28159,59143,USA,0,84.0,91.0,80,78,,,,,[]
pga,Baycurrent Classic,527,2026-10-08,2026-10-11,Yokohama Country Club (West Course),no,1,"Mitchell, Keith",17365,39546,USA,0,51.0,76.0,53,127,,,,,[]
pga,Baycurrent Classic,527,2026-10-08,2026-10-11,Yokohama Country Club (West Course),no,1,"Moore, Taylor",21944,49947,USA,0,192.0,188.0,110,86,,,,,[]
pga,Baycurrent Classic,527,2026-10-08,2026-10-11,Yokohama Country Club (West Course),no,1,"Morikawa, Collin",22085,50525,USA,0,8.0,11.0,T14,353,,,,,[]
pga,Baycurrent Classic,527,2026-10-08,2026-10-11,Yokohama Country Club (West Course),no,1,"Nagasaki, Koshin",31582,65922,JPN,1,,,,25,,,,,[]
pga,Baycurrent Classic,527,2026-10-08,2026-10-11,Yokohama Country Club (West Course),no,1,"Nakajima, Keita",21074,49228,JPN,0,95.0,99.0,125,127,,,,,[]
pga,Baycurrent Classic,527,2026-10-08,2026-10-11,Yokohama Country Club (West Course),no,1,"Neergaard-Petersen, Rasmus",23841,52689,DEN,0,101.0,77.0,106,124,,,,,[]
pga,Baycurrent Classic,527,2026-10-08,2026-10-11,Yokohama Country Club (West Course),no,1,"Parry, John",13764,28723,ENG,0,117.0,106.0,92,101,,,,,[]
pga,Baycurrent Classic,527,2026-10-08,2026-10-11,Yokohama Country Club (West Course),no,1,"Pendrith, Taylor",17780,40250,CAN,0,161.0,110.0,96,79,,,,,[]
pga,Baycurrent Classic,527,2026-10-08,2026-10-11,Yokohama Country Club (West Course),no,1,"Phillips, Chandler",27164,57900,USA,0,166.0,143.0,97,78,,,,,[]
pga,Baycurrent Classic,527,2026-10-08,2026-10-11,Yokohama Country Club (West Course),no,1,"Potgieter, Aldrich",27900,63343,RSA,0,259.0,94.0,74,110,,,,,[]
pga,Baycurrent Classic,527,2026-10-08,2026-10-11,Yokohama Country Club (West Course),no,1,"Putnam, Andrew",14704,34256,USA,0,153.0,116.0,82,79,,,,,[]
pga,Baycurrent Classic,527,2026-10-08,2026-10-11,Yokohama Country Club (West Course),no,1,"Rodgers, Patrick",16283,36699,USA,0,198.0,125.0,71,74,,,,,[]
pga,Baycurrent Classic,527,2026-10-08,2026-10-11,Yokohama Country Club (West Course),no,1,"Roy, Kevin",18424,39335,USA,0,99.0,113.0,88,104,,,,,[]
pga,Baycurrent Classic,527,2026-10-08,2026-10-11,Yokohama Country Club (West Course),no,1,"Schauffele, Xander",19895,48081,USA,0,7.0,10.0,T14,401,,,,,[]
pga,Baycurrent Classic,527,2026-10-08,2026-10-11,Yokohama Country Club (West Course),no,1,"Scott, Adam",6430,24502,AUS,0,21.0,45.0,T11,242,,,,,[]
pga,Baycurrent Classic,527,2026-10-08,2026-10-11,Yokohama Country Club (West Course),no,1,"Smalley, Alex",18474,46340,USA,0,52.0,46.0,27,204,,,,,[]
pga,Baycurrent Classic,527,2026-10-08,2026-10-11,Yokohama Country Club (West Course),no,1,"Smith, Jordan",18586,46464,ENG,0,72.0,73.0,70,117,,,,,[]
pga,Baycurrent Classic,527,2026-10-08,2026-10-11,Yokohama Country Club (West Course),no,1,"Spieth, Jordan",14636,34046,USA,0,58.0,60.0,55,244,,,,,[]
pga,Baycurrent Classic,527,2026-10-08,2026-10-11,Yokohama Country Club (West Course),no,1,"Suber, Jackson",29279,60019,USA,0,73.0,96.0,76,145,,,,,[]
pga,Baycurrent Classic,527,2026-10-08,2026-10-11,Yokohama Country Club (West Course),no,1,"Sunagawa, Kosuke",19682,47889,JPN,0,,369.0,,39,,,,,[]
pga,Baycurrent Classic,527,2026-10-08,2026-10-11,Yokohama Country Club (West Course),no,1,"Taylor, Nick",13126,25493,CAN,0,85.0,88.0,69,149,,,,,[]
pga,Baycurrent Classic,527,2026-10-08,2026-10-11,Yokohama Country Club (West Course),no,1,"Theegala, Sahith",23014,51634,USA,0,108.0,90.0,48,115,,,,,[]
pga,Baycurrent Classic,527,2026-10-08,2026-10-11,Yokohama Country Club (West Course),no,1,"Thomas, Justin",14139,33448,USA,0,26.0,27.0,43,246,,,,,[]
pga,Baycurrent Classic,527,2026-10-08,2026-10-11,Yokohama Country Club (West Course),no,1,"Thompson, Davis",27364,58168,USA,0,77.0,130.0,86,121,,,,,[]
pga,Baycurrent Classic,527,2026-10-08,2026-10-11,Yokohama Country Club (West Course),no,1,"Thorbjornsen, Michael",26649,57364,USA,0,46.0,40.0,44,273,,,,,[]
pga,Baycurrent Classic,527,2026-10-08,2026-10-11,Yokohama Country Club (West Course),no,1,"Ventura, Kristoffer",15651,35658,NOR,0,122.0,194.0,109,127,,,,,[]
pga,Baycurrent Classic,527,2026-10-08,2026-10-11,Yokohama Country Club (West Course),no,1,"Wallace, Matt",20706,48887,ENG,0,32.0,54.0,78,218,,,,,[]
pga,Baycurrent Classic,527,2026-10-08,2026-10-11,Yokohama Country Club (West Course),no,1,"Yonezawa, Ren",25739,56100,JPN,0,496.0,319.0,,59,,,,,[]
pga,Baycurrent Classic,527,2026-10-08,2026-10-11,Yokohama Country Club (West Course),no,1,"Yu, Kevin",17881,45242,TPE,0,60.0,107.0,91,144,,,,,[]
euro,Open de España presented by Madrid,2026139,2026-10-08,2026-10-11,Club de Campo Villa de Madrid,no,1,"Aberg, Ludvig",23950,42866,SWE,0,13.0,18.0,44,202,,,,,[]
euro,Open de España presented by Madrid,2026139,2026-10-08,2026-10-11,Club de Campo Villa de Madrid,no,1,"Aiken, Thomas",7679,32412,RSA,0,,,,25,,,,,[]
euro,Open de España presented by Madrid,2026139,2026-10-08,2026-10-11,Club de Campo Villa de Madrid,no,1,"Aphibarnrat, Kiradech",12321,37259,THA,0,448.0,388.0,110,55,,,,,[]
euro,Open de España presented by Madrid,2026139,2026-10-08,2026-10-11,Club de Campo Villa de Madrid,no,1,"Armitage, Marcus",17813,36452,ENG,0,167.0,164.0,24,55,,,,,[]
euro,Open de España presented by Madrid,2026139,2026-10-08,2026-10-11,Club de Campo Villa de Madrid,no,1,"Ayora, Angel",30445,101547,ESP,0,96.0,123.0,19,124,,,,,[]
euro,Open de España presented by Madrid,2026139,2026-10-08,2026-10-11,Club de Campo Villa de Madrid,no,1,"Bairstow, Sam",28615,100418,ENG,0,168.0,326.0,79,67,,,,,[]
euro,Open de España presented by Madrid,2026139,2026-10-08,2026-10-11,Club de Campo Villa de Madrid,no,1,"Ballester, Jose Luis",28473,44073,ESP,0,158.0,135.0,,132,,,,,[]
euro,Open de España presented by Madrid,2026139,2026-10-08,2026-10-11,Club de Campo Villa de Madrid,no,1,"Banos Ramos, Gonzalo",30043275,110440,ESP,1,,,,28,,,,,[]
euro,Open de España presented by Madrid,2026139,2026-10-08,2026-10-11,Club de Campo Villa de Madrid,no,1,"Bradbury, Dan",29971,101155,ENG,0,267.0,191.0,22,63,,,,,[]
euro,Open de España presented by Madrid,2026139,2026-10-08,2026-10-11,Club de Campo Villa de Madrid,no,1,"Brown, Dan",20766,40915,ENG,0,171.0,138.0,151,87,,,,,[]
euro,Open de España presented by Madrid,2026139,2026-10-08,2026-10-11,Club de Campo Villa de Madrid,no,1,"Bryant, Davis",32550,106152,USA,0,181.0,174.0,20,56,,,,,[]
euro,Open de España presented by Madrid,2026139,2026-10-08,2026-10-11,Club de Campo Villa de Madrid,no,1,"Cabrera Bello, Rafa",7457,32111,ESP,0,398.0,257.0,74,59,,,,,[]
euro,Open de España presented by Madrid,2026139,2026-10-08,2026-10-11,Club de Campo Villa de Madrid,no,1,"Campillo, Jorge",14016,36867,ESP,0,264.0,221.0,42,53,,,,,[]
euro,Open de España presented by Madrid,2026139,2026-10-08,2026-10-11,Club de Campo Villa de Madrid,no,1,"Cantero Gutierrez, Ivan",19635,40516,ESP,0,,,138,44,,,,,[]
euro,Open de España presented by Madrid,2026139,2026-10-08,2026-10-11,Club de Campo Villa de Madrid,no,1,"Celli, Filippo",23549,100024,ITA,0,298.0,278.0,81,41,,,,,[]
euro,Open de España presented by Madrid,2026139,2026-10-08,2026-10-11,Club de Campo Villa de Madrid,no,1,"Chacarra, Eugenio",26745,43332,ESP,0,49.0,55.0,3,192,,,,,[]
euro,Open de España presented by Madrid,2026139,2026-10-08,2026-10-11,Club de Campo Villa de Madrid,no,1,"Clements, Todd",22608,42411,ENG,0,243.0,212.0,77,48,,,,,[]
euro,Open de España presented by Madrid,2026139,2026-10-08,2026-10-11,Club de Campo Villa de Madrid,no,1,"Coussaud, Ugo",20727,40882,FRA,0,199.0,242.0,68,59,,,,,[]
euro,Open de España presented by Madrid,2026139,2026-10-08,2026-10-11,Club de Campo Villa de Madrid,no,1,"Couvra, Martin",27811,101251,FRA,0,244.0,201.0,71,61,,,,,[]
euro,Open de España presented by Madrid,2026139,2026-10-08,2026-10-11,Club de Campo Villa de Madrid,no,1,"Crocker, Sean",23610,41684,USA,0,369.0,499.0,125,61,,,,,[]
euro,Open de España presented by Madrid,2026139,2026-10-08,2026-10-11,Club de Campo Villa de Madrid,no,1,"Daffue, MJ",17068,39189,RSA,0,263.0,220.0,,69,,,,,[]
euro,Open de España presented by Madrid,2026139,2026-10-08,2026-10-11,Club de Campo Villa de Madrid,no,1,"Dantorp, Jens",14018,36484,SWE,0,366.0,410.0,117,48,,,,,[]
euro,Open de España presented by Madrid,2026139,2026-10-08,2026-10-11,Club de Campo Villa de Madrid,no,1,"De Leo, Gregorio",26506,100023,ITA,0,224.0,222.0,53,54,,,,,[]
euro,Open de España presented by Madrid,2026139,2026-10-08,2026-10-11,Club de Campo Villa de Madrid,no,1,"Dean, Joe",16497,39035,ENG,0,152.0,140.0,14,85,,,,,[]
euro,Open de España presented by Madrid,2026139,2026-10-08,2026-10-11,Club de Campo Villa de Madrid,no,1,"Del Rey, Alejandro",22259,41268,ESP,0,236.0,224.0,57,83,,,,,[]
euro,Open de España presented by Madrid,2026139,2026-10-08,2026-10-11,Club de Campo Villa de Madrid,no,1,"Desoisa, Sebastian",34569,105080,GBR,1,,,,19,,,,,[]
euro,Open de España presented by Madrid,2026139,2026-10-08,2026-10-11,Club de Campo Villa de Madrid,no,1,"Detry, Thomas",14181,37017,BEL,0,75.0,89.0,93,108,,,,,[]
euro,Open de España presented by Madrid,2026139,2026-10-08,2026-10-11,Club de Campo Villa de Madrid,no,1,"Ding, Wenyi",26193,101583,CHN,0,462.0,297.0,64,44,,,,,[]
euro,Open de España presented by Madrid,2026139,2026-10-08,2026-10-11,Club de Campo Villa de Madrid,no,1,"Du Plessis, Hennie",19421,40475,RSA,0,229.0,124.0,17,74,,,,,[]
euro,Open de España presented by Madrid,2026139,2026-10-08,2026-10-11,Club de Campo Villa de Madrid,no,1,"Elvira Mijares, Ignacio",12988,36078,ESP,0,188.0,128.0,15,82,,,,,[]
euro,Open de España presented by Madrid,2026139,2026-10-08,2026-10-11,Club de Campo Villa de Madrid,no,1,"Elvira, Manuel",26008,43327,ESP,0,299.0,183.0,40,49,,,,,[]
euro,Open de España presented by Madrid,2026139,2026-10-08,2026-10-11,Club de Campo Villa de Madrid,no,1,"Ferguson, Ewen",21646,40946,SCO,0,86.0,173.0,46,92,,,,,[]
euro,Open de España presented by Madrid,2026139,2026-10-08,2026-10-11,Club de Campo Villa de Madrid,no,1,"Fisher, Ross",9396,32435,ENG,0,352.0,,115,58,,,,,[]
euro,Open de España presented by Madrid,2026139,2026-10-08,2026-10-11,Club de Campo Villa de Madrid,no,1,"Forrest, Grant",16475,38956,SCO,0,475.0,296.0,118,65,,,,,[]
euro,Open de España presented by Madrid,2026139,2026-10-08,2026-10-11,Club de Campo Villa de Madrid,no,1,"Frittelli, Dylan",11955,35166,RSA,0,470.0,,111,54,,,,,[]
euro,Open de España presented by Madrid,2026139,2026-10-08,2026-10-11,Club de Campo Villa de Madrid,no,1,"Garcia Rodriguez, Sebastian",12258,35358,ESP,0,,,146,39,,,,,[]
euro,Open de España presented by Madrid,2026139,2026-10-08,2026-10-11,Club de Campo Villa de Madrid,no,1,"Garcia, Sergio",5689,487,ESP,0,121.0,141.0,,130,,,,,[]
euro,Open de España presented by Madrid,2026139,2026-10-08,2026-10-11,Club de Campo Villa de Madrid,no,1,"Garcia-Heredia, Alfredo",7887,32108,ESP,0,,,197,56,,,,,[]
euro,Open de España presented by Madrid,2026139,2026-10-08,2026-10-11,Club de Campo Villa de Madrid,no,1,"Gavins, Daniel",18241,39020,ENG,0,,,208,38,,,,,[]
euro,Open de España presented by Madrid,2026139,2026-10-08,2026-10-11,Club de Campo Villa de Madrid,no,1,"Girrbach, Joel",15592,38258,SUI,0,277.0,293.0,94,76,,,,,[]
euro,Open de España presented by Madrid,2026139,2026-10-08,2026-10-11,Club de Campo Villa de Madrid,no,1,"Gouveia, Ricardo",18722,40063,POR,0,368.0,291.0,50,39,,,,,[]
euro,Open de España presented by Madrid,2026139,2026-10-08,2026-10-11,Club de Campo Villa de Madrid,no,1,"Guerrier, Julien",10201,33674,FRA,0,217.0,238.0,28,73,,,,,[]
euro,Open de España presented by Madrid,2026139,2026-10-08,2026-10-11,Club de Campo Villa de Madrid,no,1,"Guillamoundeguy, Oihan",28239,101450,FRA,0,271.0,254.0,76,42,,,,,[]
euro,Open de España presented by Madrid,2026139,2026-10-08,2026-10-11,Club de Campo Villa de Madrid,no,1,"Gumberg, Jordan",23892,42832,USA,0,,431.0,73,37,,,,,[]
euro,Open de España presented by Madrid,2026139,2026-10-08,2026-10-11,Club de Campo Villa de Madrid,no,1,"Hatton, Tyrrell",14796,37626,ENG,0,64.0,24.0,47,169,,,,,[]
euro,Open de España presented by Madrid,2026139,2026-10-08,2026-10-11,Club de Campo Villa de Madrid,no,1,"Helligkilde, Marcus",20190,41122,DEN,0,373.0,,136,49,,,,,[]
euro,Open de España presented by Madrid,2026139,2026-10-08,2026-10-11,Club de Campo Villa de Madrid,no,1,"Hidalgo, Angel",24127,42508,ESP,0,246.0,199.0,35,156,,,,,[]
euro,Open de España presented by Madrid,2026139,2026-10-08,2026-10-11,Club de Campo Villa de Madrid,no,1,"Hill, Calum",25131,42648,SCO,0,149.0,155.0,23,75,,,,,[]
euro,Open de España presented by Madrid,2026139,2026-10-08,2026-10-11,Club de Campo Villa de Madrid,no,1,"Hillier, Daniel",21362,43333,NZL,0,97.0,101.0,13,111,,,,,[]
euro,Open de España presented by Madrid,2026139,2026-10-08,2026-10-11,Club de Campo Villa de Madrid,no,1,"Hojgaard, Nicolai",23602,42143,DEN,0,118.0,43.0,100,100,,,,,[]
euro,Open de España presented by Madrid,2026139,2026-10-08,2026-10-11,Club de Campo Villa de Madrid,no,1,"Hollick, Michael",15993,38575,RSA,0,396.0,168.0,48,45,,,,,[]
euro,Open de España presented by Madrid,2026139,2026-10-08,2026-10-11,Club de Campo Villa de Madrid,no,1,"Hoshino, Rikuya",19190,42689,JPN,0,440.0,,141,38,,,,,[]
euro,Open de España presented by Madrid,2026139,2026-10-08,2026-10-11,Club de Campo Villa de Madrid,no,1,"Jimenez Romero, Sergio",30034585,110441,ESP,1,,,,37,,,,,[]
euro,Open de España presented by Madrid,2026139,2026-10-08,2026-10-11,Club de Campo Villa de Madrid,no,1,"Johnston, Ryggs",32449,105948,USA,0,,,164,33,,,,,[]
euro,Open de España presented by Madrid,2026139,2026-10-08,2026-10-11,Club de Campo Villa de Madrid,no,1,"Jordan, Matthew",25601,42599,ENG,0,144.0,205.0,39,86,,,,,[]
euro,Open de España presented by Madrid,2026139,2026-10-08,2026-10-11,Club de Campo Villa de Madrid,no,1,"Katsuragawa, Yuto",20448,100976,JPN,0,323.0,396.0,107,35,,,,,[]
euro,Open de España presented by Madrid,2026139,2026-10-08,2026-10-11,Club de Campo Villa de Madrid,no,1,"Kimsey, Nathan",18027,39609,ENG,0,238.0,288.0,70,56,,,,,[]
euro,Open de España presented by Madrid,2026139,2026-10-08,2026-10-11,Club de Campo Villa de Madrid,no,1,"Ko, Jeong Weon",26213,43545,FRA,0,,,173,35,,,,,[]
euro,Open de España presented by Madrid,2026139,2026-10-08,2026-10-11,Club de Campo Villa de Madrid,no,1,"Kobori, Kazuma",24369,104063,NZL,0,212.0,202.0,82,59,,,,,[]
euro,Open de España presented by Madrid,2026139,2026-10-08,2026-10-11,Club de Campo Villa de Madrid,no,1,"Kruyswijk, Jacques",16896,39127,RSA,0,384.0,330.0,130,47,,,,,[]
euro,Open de España presented by Madrid,2026139,2026-10-08,2026-10-11,Club de Campo Villa de Madrid,no,1,"LaCroix, Frederic",23733,41858,FRA,0,292.0,310.0,78,46,,,,,[]
euro,Open de España presented by Madrid,2026139,2026-10-08,2026-10-11,Club de Campo Villa de Madrid,no,1,"Lagergren, Joakim",14780,37579,SWE,0,179.0,149.0,62,90,,,,,[]
euro,Open de España presented by Madrid,2026139,2026-10-08,2026-10-11,Club de Campo Villa de Madrid,no,1,"Langasque, Romain",16652,39075,FRA,0,230.0,334.0,87,41,,,,,[]
euro,Open de España presented by Madrid,2026139,2026-10-08,2026-10-11,Club de Campo Villa de Madrid,no,1,"Laporta, Francesco",14987,37804,ITA,0,175.0,228.0,54,53,,,,,[]
euro,Open de España presented by Madrid,2026139,2026-10-08,2026-10-11,Club de Campo Villa de Madrid,no,1,"Larrazabal, Pablo",9133,33337,ESP,0,,,169,51,,,,,[]
euro,Open de España presented by Madrid,2026139,2026-10-08,2026-10-11,Club de Campo Villa de Madrid,no,1,"Law, David",14784,37562,SCO,0,278.0,275.0,95,36,,,,,[]
euro,Open de España presented by Madrid,2026139,2026-10-08,2026-10-11,Club de Campo Villa de Madrid,no,1,"Lawrence, Thriston",18105,39791,RSA,0,326.0,117.0,26,54,,,,,[]
euro,Open de España presented by Madrid,2026139,2026-10-08,2026-10-11,Club de Campo Villa de Madrid,no,1,"Lemke, Niklas",10418,31690,SWE,0,417.0,,147,40,,,,,[]
euro,Open de España presented by Madrid,2026139,2026-10-08,2026-10-11,Club de Campo Villa de Madrid,no,1,"Lindberg, Mikael",20084,41330,SWE,0,196.0,152.0,25,53,,,,,[]
euro,Open de España presented by Madrid,2026139,2026-10-08,2026-10-11,Club de Campo Villa de Madrid,no,1,"Lindell, Oliver",20085,40874,FIN,0,88.0,114.0,12,122,,,,,[]
euro,Open de España presented by Madrid,2026139,2026-10-08,2026-10-11,Club de Campo Villa de Madrid,no,1,"List, Luke",7960,35448,USA,0,,,189,43,,,,,[]
euro,Open de España presented by Madrid,2026139,2026-10-08,2026-10-11,Club de Campo Villa de Madrid,no,1,"Lowry, Shane",13900,36489,IRL,0,17.0,39.0,18,148,,,,,[]
euro,Open de España presented by Madrid,2026139,2026-10-08,2026-10-11,Club de Campo Villa de Madrid,no,1,"Luiten, Joost",10158,34085,NED,0,204.0,196.0,69,48,,,,,[]
euro,Open de España presented by Madrid,2026139,2026-10-08,2026-10-11,Club de Campo Villa de Madrid,no,1,"Manassero, Matteo",11460,34788,ITA,0,252.0,382.0,102,42,,,,,[]
euro,Open de España presented by Madrid,2026139,2026-10-08,2026-10-11,Club de Campo Villa de Madrid,no,1,"Mansell, Richard",24185,41824,ENG,0,308.0,292.0,159,47,,,,,[]
euro,Open de España presented by Madrid,2026139,2026-10-08,2026-10-11,Club de Campo Villa de Madrid,no,1,"Mazzoli, Stefano",20844,40892,ITA,0,469.0,227.0,59,45,,,,,[]
euro,Open de España presented by Madrid,2026139,2026-10-08,2026-10-11,Club de Campo Villa de Madrid,no,1,"McKibbin, Tom",22322,41282,NIR,0,69.0,119.0,85,133,,,,,[]
euro,Open de España presented by Madrid,2026139,2026-10-08,2026-10-11,Club de Campo Villa de Madrid,no,1,"Meronk, Adrian",14196,37051,POL,0,205.0,145.0,38,293,,,,,[]
euro,Open de España presented by Madrid,2026139,2026-10-08,2026-10-11,Club de Campo Villa de Madrid,no,1,"Micheluzzi, David",19224,42600,AUS,0,,,155,38,,,,,[]
euro,Open de España presented by Madrid,2026139,2026-10-08,2026-10-11,Club de Campo Villa de Madrid,no,1,"Migliozzi, Guido",17357,39271,ITA,0,186.0,219.0,55,81,,,,,[]
euro,Open de España presented by Madrid,2026139,2026-10-08,2026-10-11,Club de Campo Villa de Madrid,no,1,"Molinari, Francesco",7655,3289,ITA,0,241.0,248.0,66,56,,,,,[]
euro,Open de España presented by Madrid,2026139,2026-10-08,2026-10-11,Club de Campo Villa de Madrid,no,1,"Morrison, James",11061,34610,ENG,0,,480.0,144,46,,,,,[]
euro,Open de España presented by Madrid,2026139,2026-10-08,2026-10-11,Club de Campo Villa de Madrid,no,1,"Naidoo, Dylan",19429,40468,RSA,0,,,179,32,,,,,[]
euro,Open de España presented by Madrid,2026139,2026-10-08,2026-10-11,Club de Campo Villa de Madrid,no,1,"Noren, Alex",10419,31575,SWE,0,29.0,21.0,106,119,,,,,[]
euro,Open de España presented by Madrid,2026139,2026-10-08,2026-10-11,Club de Campo Villa de Madrid,no,1,"Norgaard, Niklas",15676,38379,DEN,0,209.0,166.0,36,89,,,,,[]
euro,Open de España presented by Madrid,2026139,2026-10-08,2026-10-11,Club de Campo Villa de Madrid,no,1,"Olesen, Jacob Skov",25611,105456,DEN,0,78.0,100.0,10,103,,,,,[]
euro,Open de España presented by Madrid,2026139,2026-10-08,2026-10-11,Club de Campo Villa de Madrid,no,1,"Otaegui, Adrian",14975,37793,UAE,0,312.0,305.0,49,66,,,,,[]
euro,Open de España presented by Madrid,2026139,2026-10-08,2026-10-11,Club de Campo Villa de Madrid,no,1,"Paul, Jeremy",22087,41224,GER,0,381.0,329.0,178,61,,,,,[]
euro,Open de España presented by Madrid,2026139,2026-10-08,2026-10-11,Club de Campo Villa de Madrid,no,1,"Penge, Marco",22465,42054,ENG,0,93.0,53.0,98,153,,,,,[]
euro,Open de España presented by Madrid,2026139,2026-10-08,2026-10-11,Club de Campo Villa de Madrid,no,1,"Pepperell, Eddie",15113,37841,ENG,0,335.0,411.0,101,61,,,,,[]
euro,Open de España presented by Madrid,2026139,2026-10-08,2026-10-11,Club de Campo Villa de Madrid,no,1,"Perez, Victor",20730,40856,FRA,0,98.0,171.0,89,86,,,,,[]
euro,Open de España presented by Madrid,2026139,2026-10-08,2026-10-11,Club de Campo Villa de Madrid,no,1,"Premlall, Yurav",25890,43173,RSA,0,461.0,298.0,61,49,,,,,[]
euro,Open de España presented by Madrid,2026139,2026-10-08,2026-10-11,Club de Campo Villa de Madrid,no,1,"Puig, David",28984,100554,ESP,0,128.0,82.0,32,183,,,,,[]
euro,Open de España presented by Madrid,2026139,2026-10-08,2026-10-11,Club de Campo Villa de Madrid,no,1,"Rahm, Jon",19195,41208,ESP,0,41.0,15.0,43,315,,,,,[]
euro,Open de España presented by Madrid,2026139,2026-10-08,2026-10-11,Club de Campo Villa de Madrid,no,1,"Ravetto, David",23416,43883,FRA,0,315.0,397.0,92,39,,,,,[]
euro,Open de España presented by Madrid,2026139,2026-10-08,2026-10-11,Club de Campo Villa de Madrid,no,1,"Reed, Patrick",14838,38439,USA,0,33.0,29.0,1,156,,,,,[]
euro,Open de España presented by Madrid,2026139,2026-10-08,2026-10-11,Club de Campo Villa de Madrid,no,1,"Ritchie, JC",18174,39862,RSA,0,262.0,161.0,80,57,,,,,[]
euro,Open de España presented by Madrid,2026139,2026-10-08,2026-10-11,Club de Campo Villa de Madrid,no,1,"Robinson Thompson, Brandon",24497,43831,ENG,0,394.0,401.0,108,37,,,,,[]
euro,Open de España presented by Madrid,2026139,2026-10-08,2026-10-11,Club de Campo Villa de Madrid,no,1,"Rodrigues, Daniel",27149,105484,POR,0,402.0,208.0,51,70,,,,,[]
euro,Open de España presented by Madrid,2026139,2026-10-08,2026-10-11,Club de Campo Villa de Madrid,no,1,"Rodriguez Andreu, Alejandro",28602,107017,ESP,0,,,,16,,,,,[]
euro,Open de España presented by Madrid,2026139,2026-10-08,2026-10-11,Club de Campo Villa de Madrid,no,1,"Rose, Justin",6093,1941,ENG,0,48.0,17.0,60,163,,,,,[]
euro,Open de España presented by Madrid,2026139,2026-10-08,2026-10-11,Club de Campo Villa de Madrid,no,1,"Rosenmueller, Thomas",22736,41521,GER,0,182.0,256.0,113,55,,,,,[]
euro,Open de España presented by Madrid,2026139,2026-10-08,2026-10-11,Club de Campo Villa de Madrid,no,1,"Rozner, Antoine",18770,40120,FRA,0,140.0,250.0,75,74,,,,,[]
euro,Open de España presented by Madrid,2026139,2026-10-08,2026-10-11,Club de Campo Villa de Madrid,no,1,"Salama, Juan",20699,43865,ESP,0,,,,21,,,,,[]
euro,Open de España presented by Madrid,2026139,2026-10-08,2026-10-11,Club de Campo Villa de Madrid,no,1,"Schaper, Jayden",26991,43682,RSA,0,142.0,97.0,7,121,,,,,[]
euro,Open de España presented by Madrid,2026139,2026-10-08,2026-10-11,Club de Campo Villa de Madrid,no,1,"Schmidt, Ben",27258,43885,ENG,0,,447.0,153,40,,,,,[]
euro,Open de España presented by Madrid,2026139,2026-10-08,2026-10-11,Club de Campo Villa de Madrid,no,1,"Schott, Freddy",27588,43801,GER,0,346.0,229.0,37,63,,,,,[]
euro,Open de España presented by Madrid,2026139,2026-10-08,2026-10-11,Club de Campo Villa de Madrid,no,1,"Scrivener, Jason",12734,35853,AUS,0,342.0,430.0,112,43,,,,,[]
euro,Open de España presented by Madrid,2026139,2026-10-08,2026-10-11,Club de Campo Villa de Madrid,no,1,"Senior, Jack",15115,37073,ENG,0,,,135,49,,,,,[]
euro,Open de España presented by Madrid,2026139,2026-10-08,2026-10-11,Club de Campo Villa de Madrid,no,1,"Siem, Marcel",6950,3467,GER,0,,484.0,134,60,,,,,[]
euro,Open de España presented by Madrid,2026139,2026-10-08,2026-10-11,Club de Campo Villa de Madrid,no,1,"Smylie, Elvis",24200,100259,AUS,0,341.0,175.0,167,44,,,,,[]
euro,Open de España presented by Madrid,2026139,2026-10-08,2026-10-11,Club de Campo Villa de Madrid,no,1,"Soderberg, Sebastian",18517,39593,SWE,0,388.0,358.0,99,38,,,,,[]
euro,Open de España presented by Madrid,2026139,2026-10-08,2026-10-11,Club de Campo Villa de Madrid,no,1,"Steinlechner, Maximilian",21677,41160,AUT,0,258.0,249.0,84,46,,,,,[]
euro,Open de España presented by Madrid,2026139,2026-10-08,2026-10-11,Club de Campo Villa de Madrid,no,1,"Sterne, Richard",7049,30715,RSA,0,,180.0,67,51,,,,,[]
euro,Open de España presented by Madrid,2026139,2026-10-08,2026-10-11,Club de Campo Villa de Madrid,no,1,"Stewart, Michael",15867,38400,SCO,0,,483.0,,111,,,,,[]
euro,Open de España presented by Madrid,2026139,2026-10-08,2026-10-11,Club de Campo Villa de Madrid,no,1,"Stone, Brandon",15229,37990,RSA,0,221.0,362.0,90,49,,,,,[]
euro,Open de España presented by Madrid,2026139,2026-10-08,2026-10-11,Club de Campo Villa de Madrid,no,1,"Strydom, Ockie",13731,36659,RSA,0,,,172,37,,,,,[]
euro,Open de España presented by Madrid,2026139,2026-10-08,2026-10-11,Club de Campo Villa de Madrid,no,1,"Sullivan, Andy",15326,38119,ENG,0,155.0,121.0,9,80,,,,,[]
euro,Open de España presented by Madrid,2026139,2026-10-08,2026-10-11,Club de Campo Villa de Madrid,no,1,"Syme, Connor",22089,41226,SCO,0,,392.0,145,43,,,,,[]
euro,Open de España presented by Madrid,2026139,2026-10-08,2026-10-11,Club de Campo Villa de Madrid,no,1,"Vaillant, Tom",28157,100552,FRA,0,208.0,271.0,63,67,,,,,[]
euro,Open de España presented by Madrid,2026139,2026-10-08,2026-10-11,Club de Campo Villa de Madrid,no,1,"Valimaki, Sami",23816,40872,FIN,0,129.0,85.0,191,81,,,,,[]
euro,Open de España presented by Madrid,2026139,2026-10-08,2026-10-11,Club de Campo Villa de Madrid,no,1,"Van Driel, Darius",13374,36421,NED,0,284.0,265.0,72,68,,,,,[]
euro,Open de España presented by Madrid,2026139,2026-10-08,2026-10-11,Club de Campo Villa de Madrid,no,1,"Veerman, Johannes",20522,40721,USA,0,310.0,332.0,83,54,,,,,[]
euro,Open de España presented by Madrid,2026139,2026-10-08,2026-10-11,Club de Campo Villa de Madrid,no,1,"Vidal, Quim",29712,100837,ESP,0,,,131,46,,,,,[]
euro,Open de España presented by Madrid,2026139,2026-10-08,2026-10-11,Club de Campo Villa de Madrid,no,1,"Von Dellingshausen, Nicolai",22231,41420,GER,0,420.0,316.0,126,43,,,,,[]
euro,Open de España presented by Madrid,2026139,2026-10-08,2026-10-11,Club de Campo Villa de Madrid,no,1,"Waring, Paul",12426,34264,ENG,0,254.0,366.0,122,39,,,,,[]
euro,Open de España presented by Madrid,2026139,2026-10-08,2026-10-11,Club de Campo Villa de Madrid,no,1,"Watson, Bubba",7334,33393,USA,0,220.0,415.0,,87,,,,,[]
euro,Open de España presented by Madrid,2026139,2026-10-08,2026-10-11,Club de Campo Villa de Madrid,no,1,"Wiesberger, Bernd",9531,33676,AUT,0,116.0,147.0,11,119,,,,,[]
euro,Open de España presented by Madrid,2026139,2026-10-08,2026-10-11,Club de Campo Villa de Madrid,no,1,"Willett, Danny",12920,36030,ENG,0,397.0,380.0,137,51,,,,,[]
euro,Open de España presented by Madrid,2026139,2026-10-08,2026-10-11,Club de Campo Villa de Madrid,no,1,"Winther, Jeff",15680,38296,DEN,0,172.0,153.0,30,82,,,,,[]
euro,Open de España presented by Madrid,2026139,2026-10-08,2026-10-11,Club de Campo Villa de Madrid,no,1,"Wu, Ashun",11763,36077,CHN,0,328.0,353.0,124,52,,,,,[]
euro,Open de España presented by Madrid,2026139,2026-10-08,2026-10-11,Club de Campo Villa de Madrid,no,1,"Zhou, Yanhan",29119,103918,CHN,0,375.0,252.0,86,52,,,,,[]
kft,Korn Ferry Tour Championship presented by Virginia's Richmond Region,45,2026-10-08,2026-10-11,The Federal Club,no,1,"Andersen, Mason",23540,52370,USA,0,336.0,351.0,34,18,,,,,[]
kft,Korn Ferry Tour Championship presented by Virginia's Richmond Region,45,2026-10-08,2026-10-11,The Federal Club,no,1,"Blair, Zac",17639,40058,USA,0,87.0,142.0,36,61,,,,,[]
kft,Korn Ferry Tour Championship presented by Virginia's Richmond Region,45,2026-10-08,2026-10-11,The Federal Club,no,1,"Botha, Barend",32473,65408,RSA,0,233.0,294.0,38,33,,,,,[]
kft,Korn Ferry Tour Championship presented by Virginia's Richmond Region,45,2026-10-08,2026-10-11,The Federal Club,no,1,"Bramlett, Joseph",14698,34255,USA,0,200.0,345.0,35,26,,,,,[]
kft,Korn Ferry Tour Championship presented by Virginia's Richmond Region,45,2026-10-08,2026-10-11,The Federal Club,no,1,"Brown, Blades",32152,66417,USA,0,82.0,105.0,14,77,,,,,[]
kft,Korn Ferry Tour Championship presented by Virginia's Richmond Region,45,2026-10-08,2026-10-11,The Federal Club,no,1,"Buchanan, Jackson",32333,66742,USA,0,285.0,356.0,51,17,,,,,[]
kft,Korn Ferry Tour Championship presented by Virginia's Richmond Region,45,2026-10-08,2026-10-11,The Federal Club,no,1,"Butler, John Marshall",32462,65410,USA,0,253.0,240.0,27,23,,,,,[]
kft,Korn Ferry Tour Championship presented by Virginia's Richmond Region,45,2026-10-08,2026-10-11,The Federal Club,no,1,"Cannon, Will",22919,51567,USA,0,286.0,389.0,58,11,,,,,[]
kft,Korn Ferry Tour Championship presented by Virginia's Richmond Region,45,2026-10-08,2026-10-11,The Federal Club,no,1,"Card III, Jay",29163,54794,USA,0,351.0,217.0,41,15,,,,,[]
kft,Korn Ferry Tour Championship presented by Virginia's Richmond Region,45,2026-10-08,2026-10-11,The Federal Club,no,1,"Carr, Ben",30732,60006,USA,0,365.0,322.0,28,13,,,,,[]
kft,Korn Ferry Tour Championship presented by Virginia's Richmond Region,45,2026-10-08,2026-10-11,The Federal Club,no,1,"Cone, Trevor",21880,49453,USA,0,266.0,309.0,45,21,,,,,[]
kft,Korn Ferry Tour Championship presented by Virginia's Richmond Region,45,2026-10-08,2026-10-11,The Federal Club,no,1,"Dickson, Taylor",27420,51690,USA,0,357.0,268.0,15,24,,,,,[]
kft,Korn Ferry Tour Championship presented by Virginia's Richmond Region,45,2026-10-08,2026-10-11,The Federal Club,no,1,"Docherty, Alistair",24962,51680,USA,0,306.0,170.0,7,20,,,,,[]
kft,Korn Ferry Tour Championship presented by Virginia's Richmond Region,45,2026-10-08,2026-10-11,The Federal Club,no,1,"Dossey, Cooper",29347,58600,USA,0,119.0,210.0,11,47,,,,,[]
kft,Korn Ferry Tour Championship presented by Virginia's Richmond Region,45,2026-10-08,2026-10-11,The Federal Club,no,1,"Eichhorn, Hunter",30856,58999,USA,0,231.0,200.0,9,20,,,,,[]
kft,Korn Ferry Tour Championship presented by Virginia's Richmond Region,45,2026-10-08,2026-10-11,The Federal Club,no,1,"Fernandez Valdes, Jorge",16786,36735,ARG,0,423.0,346.0,37,15,,,,,[]
kft,Korn Ferry Tour Championship presented by Virginia's Richmond Region,45,2026-10-08,2026-10-11,The Federal Club,no,1,"Fischer, Zack",17273,39412,USA,0,,328.0,30,23,,,,,[]
kft,Korn Ferry Tour Championship presented by Virginia's Richmond Region,45,2026-10-08,2026-10-11,The Federal Club,no,1,"Gabrelcik, Nick",30767,64576,USA,0,147.0,295.0,29,42,,,,,[]
kft,Korn Ferry Tour Championship presented by Virginia's Richmond Region,45,2026-10-08,2026-10-11,The Federal Club,no,1,"Galletti, Nicolo",24490,51734,USA,0,319.0,373.0,60,17,,,,,[]
kft,Korn Ferry Tour Championship presented by Virginia's Richmond Region,45,2026-10-08,2026-10-11,The Federal Club,no,1,"Gandon, Jeremy",18933,46823,FRA,0,302.0,186.0,13,17,,,,,[]
kft,Korn Ferry Tour Championship presented by Virginia's Richmond Region,45,2026-10-08,2026-10-11,The Federal Club,no,1,"Gilligan, Ian",26953,57593,USA,0,215.0,215.0,17,43,,,,,[]
kft,Korn Ferry Tour Championship presented by Virginia's Richmond Region,45,2026-10-08,2026-10-11,The Federal Club,no,1,"Goodwin, Noah",24837,55165,USA,0,251.0,325.0,55,27,,,,,[]
kft,Korn Ferry Tour Championship presented by Virginia's Richmond Region,45,2026-10-08,2026-10-11,The Federal Club,no,1,"Hadwin, Adam",13965,33399,CAN,0,344.0,342.0,54,28,,,,,[]
kft,Korn Ferry Tour Championship presented by Virginia's Richmond Region,45,2026-10-08,2026-10-11,The Federal Club,no,1,"Hammer, Cole",19864,47987,USA,0,225.0,264.0,20,23,,,,,[]
kft,Korn Ferry Tour Championship presented by Virginia's Richmond Region,45,2026-10-08,2026-10-11,The Federal Club,no,1,"Harris, Frankie",33758,68606,USA,0,391.0,314.0,40,17,,,,,[]
kft,Korn Ferry Tour Championship presented by Virginia's Richmond Region,45,2026-10-08,2026-10-11,The Federal Club,no,1,"Hitchner, Derek",31257,60531,USA,0,314.0,206.0,32,21,,,,,[]
kft,Korn Ferry Tour Championship presented by Virginia's Richmond Region,45,2026-10-08,2026-10-11,The Federal Club,no,1,"Hitt, Austin",28542,58547,USA,0,195.0,224.0,22,25,,,,,[]
kft,Korn Ferry Tour Championship presented by Virginia's Richmond Region,45,2026-10-08,2026-10-11,The Federal Club,no,1,"Holt, Ian",25036,54525,USA,0,239.0,160.0,3,26,,,,,[]
kft,Korn Ferry Tour Championship presented by Virginia's Richmond Region,45,2026-10-08,2026-10-11,The Federal Club,no,1,"Ishikawa, Ryo",12232,30852,JPN,0,307.0,350.0,46,17,,,,,[]
kft,Korn Ferry Tour Championship presented by Virginia's Richmond Region,45,2026-10-08,2026-10-11,The Federal Club,no,1,"Johnson, Michael",15120,34643,USA,0,169.0,230.0,12,23,,,,,[]
kft,Korn Ferry Tour Championship presented by Virginia's Richmond Region,45,2026-10-08,2026-10-11,The Federal Club,no,1,"Kim, Chan",15004,34587,USA,0,255.0,300.0,53,24,,,,,[]
kft,Korn Ferry Tour Championship presented by Virginia's Richmond Region,45,2026-10-08,2026-10-11,The Federal Club,no,1,"Korte, Chris",26124,56349,USA,0,345.0,427.0,47,12,,,,,[]
kft,Korn Ferry Tour Championship presented by Virginia's Richmond Region,45,2026-10-08,2026-10-11,The Federal Club,no,1,"Lamb, Davis",29324,59125,USA,0,364.0,184.0,23,14,,,,,[]
kft,Korn Ferry Tour Championship presented by Virginia's Richmond Region,45,2026-10-08,2026-10-11,The Federal Club,no,1,"McAllister, Logan",29318,60015,USA,0,399.0,286.0,33,16,,,,,[]
kft,Korn Ferry Tour Championship presented by Virginia's Richmond Region,45,2026-10-08,2026-10-11,The Federal Club,no,1,"Meissner, Mitchell",26126,56376,USA,0,416.0,349.0,57,14,,,,,[]
kft,Korn Ferry Tour Championship presented by Virginia's Richmond Region,45,2026-10-08,2026-10-11,The Federal Club,no,1,"Menante, Dylan",29970,63125,USA,0,201.0,178.0,10,37,,,,,[]
kft,Korn Ferry Tour Championship presented by Virginia's Richmond Region,45,2026-10-08,2026-10-11,The Federal Club,no,1,"Montgomery, Taylor",25442,55789,USA,0,288.0,276.0,50,24,,,,,[]
kft,Korn Ferry Tour Championship presented by Virginia's Richmond Region,45,2026-10-08,2026-10-11,The Federal Club,no,1,"Morrison, Tommy",32593,64624,USA,0,184.0,156.0,8,28,,,,,[]
kft,Korn Ferry Tour Championship presented by Virginia's Richmond Region,45,2026-10-08,2026-10-11,The Federal Club,no,1,"Nesbitt, Drew",16492,45729,CAN,0,,213.0,42,12,,,,,[]
kft,Korn Ferry Tour Championship presented by Virginia's Richmond Region,45,2026-10-08,2026-10-11,The Federal Club,no,1,"Nicholas, James",27598,58188,USA,0,454.0,336.0,31,29,,,,,[]
kft,Korn Ferry Tour Championship presented by Virginia's Richmond Region,45,2026-10-08,2026-10-11,The Federal Club,no,1,"Noh, S.Y.",11117,29289,KOR,0,332.0,375.0,44,16,,,,,[]
kft,Korn Ferry Tour Championship presented by Virginia's Richmond Region,45,2026-10-08,2026-10-11,The Federal Club,no,1,"Ortiz, Alvaro",26190,39262,MEX,0,185.0,144.0,4,21,,,,,[]
kft,Korn Ferry Tour Championship presented by Virginia's Richmond Region,45,2026-10-08,2026-10-11,The Federal Club,no,1,"Pak, John",27820,59160,USA,0,272.0,243.0,26,23,,,,,[]
kft,Korn Ferry Tour Championship presented by Virginia's Richmond Region,45,2026-10-08,2026-10-11,The Federal Club,no,1,"Phillips, Trent",26913,57625,USA,0,269.0,343.0,49,28,,,,,[]
kft,Korn Ferry Tour Championship presented by Virginia's Richmond Region,45,2026-10-08,2026-10-11,The Federal Club,no,1,"Redman, Doc",24481,53165,USA,0,214.0,120.0,5,30,,,,,[]
kft,Korn Ferry Tour Championship presented by Virginia's Richmond Region,45,2026-10-08,2026-10-11,The Federal Club,no,1,"Scott, Sandy",23708,52576,SCO,0,66.0,87.0,1,224,,,,,[]
kft,Korn Ferry Tour Championship presented by Virginia's Richmond Region,45,2026-10-08,2026-10-11,The Federal Club,no,1,"Sewell, Chad",31272,58856,USA,0,427.0,492.0,59,23,,,,,[]
kft,Korn Ferry Tour Championship presented by Virginia's Richmond Region,45,2026-10-08,2026-10-11,The Federal Club,no,1,"Shelton, Robby",18635,46441,USA,0,223.0,244.0,25,19,,,,,[]
kft,Korn Ferry Tour Championship presented by Virginia's Richmond Region,45,2026-10-08,2026-10-11,The Federal Club,no,1,"Sherwood, Cole",32312,65496,USA,0,190.0,165.0,6,31,,,,,[]
kft,Korn Ferry Tour Championship presented by Virginia's Richmond Region,45,2026-10-08,2026-10-11,The Federal Club,no,1,"Shore, Davis",28471,58601,USA,0,156.0,235.0,16,26,,,,,[]
kft,Korn Ferry Tour Championship presented by Virginia's Richmond Region,45,2026-10-08,2026-10-11,The Federal Club,no,1,"Sides, William",35308,68991,USA,0,187.0,384.0,39,59,,,,,[]
kft,Korn Ferry Tour Championship presented by Virginia's Richmond Region,45,2026-10-08,2026-10-11,The Federal Club,no,1,"Sloan, Roger",14050,33486,CAN,0,378.0,479.0,43,15,,,,,[]
kft,Korn Ferry Tour Championship presented by Virginia's Richmond Region,45,2026-10-08,2026-10-11,The Federal Club,no,1,"Steelman, Ross",31192,63455,USA,0,76.0,72.0,2,70,,,,,[]
kft,Korn Ferry Tour Championship presented by Virginia's Richmond Region,45,2026-10-08,2026-10-11,The Federal Club,no,1,"Sugiura, Yuta",24223,54218,JPN,0,247.0,177.0,21,34,,,,,[]
kft,Korn Ferry Tour Championship presented by Virginia's Richmond Region,45,2026-10-08,2026-10-11,The Federal Club,no,1,"Taylor, Ben",19948,48119,ENG,0,327.0,391.0,52,19,,,,,[]
kft,Korn Ferry Tour Championship presented by Virginia's Richmond Region,45,2026-10-08,2026-10-11,The Federal Club,no,1,"Trace, Travis",26602,56490,USA,0,339.0,339.0,48,12,,,,,[]
kft,Korn Ferry Tour Championship presented by Virginia's Richmond Region,45,2026-10-08,2026-10-11,The Federal Club,no,1,"VanArragon, Caleb",31392,65443,USA,0,178.0,272.0,24,26,,,,,[]
kft,Korn Ferry Tour Championship presented by Virginia's Richmond Region,45,2026-10-08,2026-10-11,The Federal Club,no,1,"Westmoreland, Kyle",23599,52411,USA,0,407.0,393.0,56,11,,,,,[]
kft,Korn Ferry Tour Championship presented by Virginia's Richmond Region,45,2026-10-08,2026-10-11,The Federal Club,no,1,"Young, Carson",23656,52513,USA,0,145.0,192.0,18,42,,,,,[]
