Error fetching weather: Open-Meteo HTTP 429,,,,,,,,,,,
"Location: Yokohama Country Club | Updated: 10/8/2026, 12:55:19 AM",,,,,,,,,,,
,,,,,,,,,,,
Date,Time,Temp (°F),Feels Like (°F),Precip %,Precip (in),Conditions,Wind (mph),Gusts (mph),Wind Dir,Cloud Cover %,Humidity %
Thu Oct 8,12:00 AM,72.7,74.3,0,0,Clear,4,15.7,ENE,2,53
Thu Oct 8,1:00 AM,73.5,74.8,0,0,Clear,2.9,14.1,E,0,53
Thu Oct 8,2:00 AM,73.8,74.8,0,0,Clear,2.3,12.5,ESE,0,54
Thu Oct 8,3:00 AM,73.4,74.6,0,0,Clear,2.1,11.9,ESE,0,55
Thu Oct 8,4:00 AM,72.3,73.7,0,0,Clear,2,10.7,E,0,59
Thu Oct 8,5:00 AM,70.9,72.2,0,0,Clear,3.6,12.8,ESE,9,65
Thu Oct 8,6:00 AM,69.8,70.6,0,0,Clear,5.1,13.2,SE,12,68
Thu Oct 8,7:00 AM,69,70.2,0,0,Clear,4.1,12.1,SE,7,70
Thu Oct 8,8:00 AM,68.3,69.9,0,0,Clear,3.4,10.1,SE,3,72
Thu Oct 8,9:00 AM,67.9,69.7,0,0,Clear,3,8.9,SE,5,74
Thu Oct 8,10:00 AM,67.2,69.4,0,0,Clear,3.1,6.9,ESE,4,78
Thu Oct 8,11:00 AM,67.8,70.1,0,0,Clear,2.5,3.4,E,3,76
Thu Oct 8,12:00 PM,66.5,68.7,0,0,Clear,2.4,2.7,NE,5,78
Thu Oct 8,1:00 PM,64.4,66.4,0,0,Clear,2.7,5.6,N,6,83
Thu Oct 8,2:00 PM,62.6,63.7,0,0,Clear,4,7.8,NNW,5,87
Thu Oct 8,3:00 PM,61.7,62.5,0,0,Clear,4,8.5,NNW,6,87
Thu Oct 8,4:00 PM,60.9,61.5,0,0,Clear,4.1,9.8,NNW,6,87
Thu Oct 8,5:00 PM,60.5,60.7,0,0,Clear,4.2,10.3,NNW,6,86
Thu Oct 8,6:00 PM,61.3,61.2,0,0,Clear,4.9,11.4,NNW,6,83
Thu Oct 8,7:00 PM,63.7,63.8,0,0,Clear,4.6,12.5,NNW,4,77
Thu Oct 8,8:00 PM,67,67.6,0,0,Clear,3.8,13.4,N,3,70
Thu Oct 8,9:00 PM,69.9,71.4,0,0,Clear,3.4,13.6,NE,1,63
Thu Oct 8,10:00 PM,72,74,0,0,Clear,4.4,15.7,ENE,0,58
Thu Oct 8,11:00 PM,73.2,75,0,0,Clear,4.9,17.4,ENE,0,54
Fri Oct 9,12:00 AM,74.1,75.1,0,0,Clear,4.9,17.9,ENE,0,50
Fri Oct 9,1:00 AM,74.8,75,0,0,Clear,4.9,17.7,ENE,0,50
Fri Oct 9,2:00 AM,75.2,74.8,0,0,Clear,4.8,14.8,NE,0,50
Fri Oct 9,3:00 AM,74.9,74.9,0,0,Clear,4.1,14.3,NE,0,51
Fri Oct 9,4:00 AM,73.5,74.2,0,0,Clear,3.6,17.7,NE,1,56
Fri Oct 9,5:00 AM,71.6,72.2,0,0,Clear,5.8,18.8,E,9,65
Fri Oct 9,6:00 AM,70.4,70.7,0,0,Clear,5.9,17.9,E,4,66
Fri Oct 9,7:00 AM,69.1,69.5,0,0,Clear,5.8,17.2,ENE,0,69
Fri Oct 9,8:00 AM,68.2,69.1,0,0,Clear,5.2,14.8,ENE,0,73
Fri Oct 9,9:00 AM,67.4,68.8,0,0,Clear,4.4,11.9,NE,0,76
Fri Oct 9,10:00 AM,65.9,67.5,0,0,Clear,3.8,12.1,N,6,80
Fri Oct 9,11:00 AM,64.1,64.8,0,0,Clear,4.7,13.2,NNW,14,81
Fri Oct 9,12:00 PM,63.5,63.7,0,0,Clear,5.5,13.2,NNW,13,81
Fri Oct 9,1:00 PM,63.2,63.2,0,0,Clear,6,13.2,NNW,10,83
Fri Oct 9,2:00 PM,62.8,62.8,0,0,Clear,6,12.8,NNW,9,83
Fri Oct 9,3:00 PM,62.4,62.3,0,0,Clear,6.3,13,NNW,6,85
Fri Oct 9,4:00 PM,62,61.8,0,0,Clear,6.3,13.9,NNW,7,85
Fri Oct 9,5:00 PM,61.7,61.3,0,0,Clear,6.7,14.3,NNW,6,85
Fri Oct 9,6:00 PM,62.8,62.2,0,0,Mainly Clear,6.8,15.2,NNW,20,81
Fri Oct 9,7:00 PM,65.3,64.6,0,0,Clear,7.3,15.4,NNW,19,75
Fri Oct 9,8:00 PM,68.1,67.4,0,0,Mainly Clear,7.5,17.9,NNW,21,69
Fri Oct 9,9:00 PM,70.5,70.2,0,0,Mainly Clear,6.9,19.5,N,32,65
Fri Oct 9,10:00 PM,72.4,72.5,0,0,Mainly Clear,7,19.5,N,27,62
Fri Oct 9,11:00 PM,73.9,74.6,0,0,Mainly Clear,6.9,21,NNE,30,60